Object = cnetmerge
  IsisVersion       = "9.0.0  | 2026-01-05"
  ProgramVersion    = 2012-04-17
  ProgramPath       = /home/gengxun/miniconda3/envs/asp360_new/bin
  ExecutionDateTime = 2026-04-21T08:36:08
  HostName          = Unknown
  UserName          = gengxun
  Description       = "Merges multiple Control Networks into one"

  Group = UserParameters
    INPUTTYPE          = list
    CLIST              = /media/gengxun/Elements/data/lro/test_controlnet_pyt-
                         hon/pipe_test/merge/merge_all_controlnets.lis
    BASE               = /media/gengxun/Elements/data/lro/test_controlnet_pyt-
                         hon/pipe_test/pair_nets/REDUCED_M104311715LE.echo.ca-
                         l__REDUCED_M104311715RE.echo.cal.net
    ONET               = /media/gengxun/Elements/data/lro/test_controlnet_pyt-
                         hon/pipe_test/merge/dom_matching_merged.net
    NETWORKID          = dom_matching_example
    DESCRIPTION        = "Merged DOM matching ControlNet"
    LOG                = /media/gengxun/Elements/data/lro/test_controlnet_pyt-
                         hon/pipe_test/merge/cnetmerge.log
    DUPLICATEPOINTS    = merge
    OVERWRITEPOINTS    = False
    OVERWRITEMEASURES  = False
    OVERWRITEREFERENCE = False
    OVERWRITEMISSING   = False
  End_Group

  Group = Accounting
    ConnectTime = 00:02:00.7
    CpuTime     = 00:02:00.7
  End_Group
End_Object


Object = cnetmerge
  IsisVersion       = "9.0.0  | 2026-01-05"
  ProgramVersion    = 2012-04-17
  ProgramPath       = /home/gengxun/miniconda3/envs/asp360_new/bin
  ExecutionDateTime = 2026-04-21T19:55:08
  HostName          = Unknown
  UserName          = gengxun
  Description       = "Merges multiple Control Networks into one"

  Group = UserParameters
    INPUTTYPE          = list
    CLIST              = /media/gengxun/Elements/data/lro/test_controlnet_pyt-
                         hon/pipe_test2/merge/merge_all_controlnets.lis
    BASE               = /media/gengxun/Elements/data/lro/test_controlnet_pyt-
                         hon/pipe_test2/pair_nets/REDUCED_M104311715LE.echo.c-
                         al__REDUCED_M104311715RE.echo.cal.net
    ONET               = /media/gengxun/Elements/data/lro/test_controlnet_pyt-
                         hon/pipe_test2/merge/dom_matching_merged.net
    NETWORKID          = dom_matching_example
    DESCRIPTION        = "Merged DOM matching ControlNet"
    LOG                = /media/gengxun/Elements/data/lro/test_controlnet_pyt-
                         hon/pipe_test2//merge/cnetmerge.log
    DUPLICATEPOINTS    = merge
    OVERWRITEPOINTS    = False
    OVERWRITEMEASURES  = False
    OVERWRITEREFERENCE = False
    OVERWRITEMISSING   = False
  End_Group

  Group = Accounting
    ConnectTime = 00:00:47.3
    CpuTime     = 00:00:47.2
  End_Group
End_Object


Object = cnetmerge
  IsisVersion       = "9.0.0  | 2026-01-05"
  ProgramVersion    = 2012-04-17
  ProgramPath       = /home/gengxun/miniconda3/envs/asp360_new/bin
  ExecutionDateTime = 2026-04-22T12:38:44
  HostName          = Unknown
  UserName          = gengxun
  Description       = "Merges multiple Control Networks into one"

  Group = UserParameters
    INPUTTYPE          = list
    CLIST              = /media/gengxun/Elements/data/lro/test_controlnet_pyt-
                         hon/pipe_test2/merge/merge_all_controlnets.lis
    BASE               = /media/gengxun/Elements/data/lro/test_controlnet_pyt-
                         hon/pipe_test2/pair_nets/REDUCED_M104311715LE.echo.c-
                         al__REDUCED_M104311715RE.echo.cal.net
    ONET               = /media/gengxun/Elements/data/lro/test_controlnet_pyt-
                         hon/pipe_test2/merge/dom_matching_merged.net
    NETWORKID          = dom_matching_example
    DESCRIPTION        = "Merged DOM matching ControlNet"
    LOG                = /media/gengxun/Elements/data/lro/test_controlnet_pyt-
                         hon/pipe_test2/merge/cnetmerge.log
    DUPLICATEPOINTS    = merge
    OVERWRITEPOINTS    = False
    OVERWRITEMEASURES  = False
    OVERWRITEREFERENCE = False
    OVERWRITEMISSING   = False
  End_Group

  Group = Accounting
    ConnectTime = 00:00:55.0
    CpuTime     = 00:00:55.0
  End_Group
End_Object


Object = cnetmerge
  IsisVersion       = "9.0.0  | 2026-01-05"
  ProgramVersion    = 2012-04-17
  ProgramPath       = /home/gengxun/miniconda3/envs/asp360_new/bin
  ExecutionDateTime = 2026-04-22T20:05:33
  HostName          = Unknown
  UserName          = gengxun
  Description       = "Merges multiple Control Networks into one"

  Group = UserParameters
    INPUTTYPE          = list
    CLIST              = /media/gengxun/Elements/data/lro/test_controlnet_pyt-
                         hon/pipe_test2/merge/merge_all_controlnets.lis
    BASE               = /media/gengxun/Elements/data/lro/test_controlnet_pyt-
                         hon/pipe_test2/pair_nets/REDUCED_M104311715LE.echo.c-
                         al__REDUCED_M104311715RE.echo.cal.net
    ONET               = /media/gengxun/Elements/data/lro/test_controlnet_pyt-
                         hon/pipe_test2/merge/dom_matching_merged.net
    NETWORKID          = dom_matching_example
    DESCRIPTION        = "Merged DOM matching ControlNet"
    LOG                = /media/gengxun/Elements/data/lro/test_controlnet_pyt-
                         hon/pipe_test2/merge/cnetmerge.log
    DUPLICATEPOINTS    = merge
    OVERWRITEPOINTS    = False
    OVERWRITEMEASURES  = False
    OVERWRITEREFERENCE = False
    OVERWRITEMISSING   = False
  End_Group

  Group = Accounting
    ConnectTime = 00:00:47.4
    CpuTime     = 00:00:47.3
  End_Group
End_Object


Object = cnetmerge
  IsisVersion       = "9.0.0  | 2026-01-05"
  ProgramVersion    = 2012-04-17
  ProgramPath       = /home/gengxun/miniconda3/envs/asp360_new/bin
  ExecutionDateTime = 2026-04-22T20:10:11
  HostName          = Unknown
  UserName          = gengxun
  Description       = "Merges multiple Control Networks into one"

  Group = UserParameters
    INPUTTYPE          = list
    CLIST              = /media/gengxun/Elements/data/lro/test_controlnet_pyt-
                         hon/pipe_test2/merge/merge_all_controlnets.lis
    BASE               = /media/gengxun/Elements/data/lro/test_controlnet_pyt-
                         hon/pipe_test2/pair_nets/REDUCED_M104311715LE.echo.c-
                         al__REDUCED_M104311715RE.echo.cal.net
    ONET               = /media/gengxun/Elements/data/lro/test_controlnet_pyt-
                         hon/pipe_test2/merge/dom_matching_merged.net
    NETWORKID          = dom_matching_example
    DESCRIPTION        = "Merged DOM matching ControlNet"
    LOG                = /media/gengxun/Elements/data/lro/test_controlnet_pyt-
                         hon/pipe_test2/merge/cnetmerge.log
    DUPLICATEPOINTS    = merge
    OVERWRITEPOINTS    = False
    OVERWRITEMEASURES  = False
    OVERWRITEREFERENCE = False
    OVERWRITEMISSING   = False
  End_Group

  Group = Accounting
    ConnectTime = 00:00:48.1
    CpuTime     = 00:00:48.1
  End_Group
End_Object


Object = cnetmerge
  IsisVersion       = "9.0.0  | 2026-01-05"
  ProgramVersion    = 2012-04-17
  ProgramPath       = /home/gengxun/miniconda3/envs/asp360_new/bin
  ExecutionDateTime = 2026-04-23T20:45:52
  HostName          = Unknown
  UserName          = gengxun
  Description       = "Merges multiple Control Networks into one"

  Group = UserParameters
    INPUTTYPE          = list
    CLIST              = /media/gengxun/Elements/data/lro/test_controlnet_pyt-
                         hon/pipe_test2/merge/merge_all_controlnets.lis
    BASE               = /media/gengxun/Elements/data/lro/test_controlnet_pyt-
                         hon/pipe_test2/pair_nets/REDUCED_M104311715LE.echo.c-
                         al__REDUCED_M104311715RE.echo.cal.net
    ONET               = /media/gengxun/Elements/data/lro/test_controlnet_pyt-
                         hon/pipe_test2/merge/dom_matching_merged.net
    NETWORKID          = dom_matching_example
    DESCRIPTION        = "Merged DOM matching ControlNet"
    LOG                = /media/gengxun/Elements/data/lro/test_controlnet_pyt-
                         hon/pipe_test2/merge/cnetmerge.log
    DUPLICATEPOINTS    = merge
    OVERWRITEPOINTS    = False
    OVERWRITEMEASURES  = False
    OVERWRITEREFERENCE = False
    OVERWRITEMISSING   = False
  End_Group

  Group = Accounting
    ConnectTime = 00:00:44.6
    CpuTime     = 00:00:44.6
  End_Group
End_Object


Object = getkey
  IsisVersion       = "9.0.0  | 2026-01-05"
  ProgramVersion    = 2022-11-23
  ProgramPath       = /home/gengxun/miniconda3/envs/asp360_new/bin
  ExecutionDateTime = 2026-04-23T21:44:53
  HostName          = x86_64-conda-linux-gnu
  UserName          = gengxun
  Description       = "Outputs the value of a requested keyword"

  Group = UserParameters
    FROM      = /media/gengxun/Elements/data/lro/test_controlnet_python/pipe_-
                test2/match_metadata/low_resolution/dom_M104311715LE__dom_M10-
                4318871LE/dom_M104311715LE__level3.cub
    GRPNAME   = Mapping
    KEYWORD   = ProjectionName
    UPPER     = False
    RECURSIVE = False
  End_Group

  Group = Results
    From           = /media/gengxun/Elements/data/lro/test_controlnet_python/-
                     pipe_test2/match_metadata/low_resolution/dom_M104311715L-
                     E__dom_M104318871LE/dom_M104311715LE__level3.cub
    ProjectionName = TransverseMercator
  End_Group

  Group = Accounting
    ConnectTime = 00:00:00.0
    CpuTime     = 00:00:00.0
  End_Group
End_Object


Object = getkey
  IsisVersion       = "9.0.0  | 2026-01-05"
  ProgramVersion    = 2022-11-23
  ProgramPath       = /home/gengxun/miniconda3/envs/asp360_new/bin
  ExecutionDateTime = 2026-04-23T21:44:53
  HostName          = x86_64-conda-linux-gnu
  UserName          = gengxun
  Description       = "Outputs the value of a requested keyword"

  Group = UserParameters
    FROM      = /media/gengxun/Elements/data/lro/test_controlnet_python/pipe_-
                test2/match_metadata/low_resolution/dom_M104311715LE__dom_M10-
                4318871LE/dom_M104311715LE__level3.cub
    GRPNAME   = Mapping
    KEYWORD   = PixelResolution
    UPPER     = False
    RECURSIVE = False
  End_Group

  Group = Error
    Program = getkey
    Code    = 1
    Message = "PVL Keyword [PixelResolution] does not exist in [Group =
               Mapping]"
    File    = PvlContainer.cpp
    Line    = 68
    Program = getkey
  End_Group
End_Object


Object = getkey
  IsisVersion       = "9.0.0  | 2026-01-05"
  ProgramVersion    = 2022-11-23
  ProgramPath       = /home/gengxun/miniconda3/envs/asp360_new/bin
  ExecutionDateTime = 2026-04-23T21:46:08
  HostName          = x86_64-conda-linux-gnu
  UserName          = gengxun
  Description       = "Outputs the value of a requested keyword"

  Group = UserParameters
    FROM      = /media/gengxun/Elements/data/lro/test_controlnet_python/pipe_-
                test2/match_metadata/low_resolution/dom_M104311715LE__dom_M10-
                4318871LE/dom_M104311715LE__level3.cub
    GRPNAME   = Mapping
    KEYWORD   = ProjectionName
    UPPER     = False
    RECURSIVE = False
  End_Group

  Group = Results
    From           = /media/gengxun/Elements/data/lro/test_controlnet_python/-
                     pipe_test2/match_metadata/low_resolution/dom_M104311715L-
                     E__dom_M104318871LE/dom_M104311715LE__level3.cub
    ProjectionName = TransverseMercator
  End_Group

  Group = Accounting
    ConnectTime = 00:00:00.0
    CpuTime     = 00:00:00.0
  End_Group
End_Object


Object = getkey
  IsisVersion       = "9.0.0  | 2026-01-05"
  ProgramVersion    = 2022-11-23
  ProgramPath       = /home/gengxun/miniconda3/envs/asp360_new/bin
  ExecutionDateTime = 2026-04-23T21:46:08
  HostName          = x86_64-conda-linux-gnu
  UserName          = gengxun
  Description       = "Outputs the value of a requested keyword"

  Group = UserParameters
    FROM      = /media/gengxun/Elements/data/lro/test_controlnet_python/pipe_-
                test2/match_metadata/low_resolution/dom_M104311715LE__dom_M10-
                4318871LE/dom_M104311715LE__level3.cub
    GRPNAME   = Mapping
    KEYWORD   = PixelResolution
    UPPER     = False
    RECURSIVE = False
  End_Group

  Group = Error
    Program = getkey
    Code    = 1
    Message = "PVL Keyword [PixelResolution] does not exist in [Group =
               Mapping]"
    File    = PvlContainer.cpp
    Line    = 68
    Program = getkey
  End_Group
End_Object


Object = getkey
  IsisVersion       = "9.0.0  | 2026-01-05"
  ProgramVersion    = 2022-11-23
  ProgramPath       = /home/gengxun/miniconda3/envs/asp360_new/bin
  ExecutionDateTime = 2026-04-23T21:47:10
  HostName          = x86_64-conda-linux-gnu
  UserName          = gengxun
  Description       = "Outputs the value of a requested keyword"

  Group = UserParameters
    FROM      = /media/gengxun/Elements/data/lro/test_controlnet_python/pipe_-
                test/dom_M104311715LE.cub
    GRPNAME   = Mapping
    KEYWORD   = ProjectionName
    UPPER     = False
    RECURSIVE = False
  End_Group

  Group = Results
    From           = /media/gengxun/Elements/data/lro/test_controlnet_python/-
                     pipe_test/dom_M104311715LE.cub
    ProjectionName = TransverseMercator
  End_Group

  Group = Accounting
    ConnectTime = 00:00:00.0
    CpuTime     = 00:00:00.0
  End_Group
End_Object


Object = getkey
  IsisVersion       = "9.0.0  | 2026-01-05"
  ProgramVersion    = 2022-11-23
  ProgramPath       = /home/gengxun/miniconda3/envs/asp360_new/bin
  ExecutionDateTime = 2026-04-23T21:47:10
  HostName          = x86_64-conda-linux-gnu
  UserName          = gengxun
  Description       = "Outputs the value of a requested keyword"

  Group = UserParameters
    FROM      = /media/gengxun/Elements/data/lro/test_controlnet_python/pipe_-
                test/dom_M104311715LE.cub
    GRPNAME   = Mapping
    KEYWORD   = PixelResolution
    UPPER     = False
    RECURSIVE = False
  End_Group

  Group = Results
    From            = /media/gengxun/Elements/data/lro/test_controlnet_python-
                      /pipe_test/dom_M104311715LE.cub
    PixelResolution = 10.0
  End_Group

  Group = Accounting
    ConnectTime = 00:00:00.0
    CpuTime     = 00:00:00.0
  End_Group
End_Object


Object = catlab
  IsisVersion       = "9.0.0  | 2026-01-05"
  ProgramVersion    = 2010-07-26
  ProgramPath       = /home/gengxun/miniconda3/envs/asp360_new/bin
  ExecutionDateTime = 2026-04-23T21:48:33
  HostName          = x86_64-conda-linux-gnu
  UserName          = gengxun
  Description       = "Outputs the label from a cube"

  Group = UserParameters
    FROM   = /media/gengxun/Elements/data/lro/test_controlnet_python/pipe_tes-
             t2/match_metadata/low_resolution/dom_M104311715LE__dom_M10431887-
             1LE/dom_M104311715LE__level3.cub
    APPEND = TRUE
  End_Group

  Group = Accounting
    ConnectTime = 00:00:00.0
    CpuTime     = 00:00:00.0
  End_Group
End_Object


Object = catlab
  IsisVersion       = "9.0.0  | 2026-01-05"
  ProgramVersion    = 2010-07-26
  ProgramPath       = /home/gengxun/miniconda3/envs/asp360_new/bin
  ExecutionDateTime = 2026-04-23T21:48:33
  HostName          = x86_64-conda-linux-gnu
  UserName          = gengxun
  Description       = "Outputs the label from a cube"

  Group = UserParameters
    FROM   = /media/gengxun/Elements/data/lro/test_controlnet_python/pipe_tes-
             t/dom_M104311715LE.cub
    APPEND = TRUE
  End_Group

  Group = Accounting
    ConnectTime = 00:00:00.0
    CpuTime     = 00:00:00.0
  End_Group
End_Object


Object = reduce
  IsisVersion       = "9.0.0  | 2026-01-05"
  ProgramVersion    = 2013-11-06
  ProgramPath       = /home/gengxun/miniconda3/envs/asp360_new/bin
  ExecutionDateTime = 2026-04-23T22:18:27
  HostName          = x86_64-conda-linux-gnu
  UserName          = gengxun
  Description       = "Reduce the pixel dimensions of an image"

  Group = UserParameters
    FROM         = /media/gengxun/Elements/data/lro/test_controlnet_python/pi-
                   pe_test/dom_M104311715LE.cub
    TO           = /tmp/dom_M104311715LE__reduce_level3_test.cub
    ALGORITHM    = AVERAGE
    MODE         = scale
    SSCALE       = 8
    LSCALE       = 8
    VALIDPER     = 50
    VPER_REPLACE = NULL
  End_Group

  Group = Results
    InputLines      = 8367
    InputSamples    = 2549
    StartingLine    = 1
    StartingSample  = 1
    EndingLine      = 8367
    EndingSample    = 2549
    LineIncrement   = 8.0
    SampleIncrement = 8.0
    OutputLines     = 1046
    OutputSamples   = 319
  End_Group

  Group = Accounting
    ConnectTime = 00:00:00.9
    CpuTime     = 00:00:00.9
  End_Group
End_Object


Object = getkey
  IsisVersion       = "9.0.0  | 2026-01-05"
  ProgramVersion    = 2022-11-23
  ProgramPath       = /home/gengxun/miniconda3/envs/asp360_new/bin
  ExecutionDateTime = 2026-04-23T22:18:28
  HostName          = x86_64-conda-linux-gnu
  UserName          = gengxun
  Description       = "Outputs the value of a requested keyword"

  Group = UserParameters
    FROM      = /tmp/dom_M104311715LE__reduce_level3_test.cub
    GRPNAME   = Mapping
    KEYWORD   = ProjectionName
    UPPER     = False
    RECURSIVE = False
  End_Group

  Group = Results
    From           = /tmp/dom_M104311715LE__reduce_level3_test.cub
    ProjectionName = TransverseMercator
  End_Group

  Group = Accounting
    ConnectTime = 00:00:00.0
    CpuTime     = 00:00:00.0
  End_Group
End_Object


Object = getkey
  IsisVersion       = "9.0.0  | 2026-01-05"
  ProgramVersion    = 2022-11-23
  ProgramPath       = /home/gengxun/miniconda3/envs/asp360_new/bin
  ExecutionDateTime = 2026-04-23T22:18:28
  HostName          = x86_64-conda-linux-gnu
  UserName          = gengxun
  Description       = "Outputs the value of a requested keyword"

  Group = UserParameters
    FROM      = /tmp/dom_M104311715LE__reduce_level3_test.cub
    GRPNAME   = Mapping
    KEYWORD   = PixelResolution
    UPPER     = False
    RECURSIVE = False
  End_Group

  Group = Results
    From            = /tmp/dom_M104311715LE__reduce_level3_test.cub
    PixelResolution = 80.0
  End_Group

  Group = Accounting
    ConnectTime = 00:00:00.0
    CpuTime     = 00:00:00.0
  End_Group
End_Object


Object = reduce
  IsisVersion       = "9.0.0  | 2026-01-05"
  ProgramVersion    = 2013-11-06
  ProgramPath       = /home/gengxun/miniconda3/envs/asp360_new/bin
  ExecutionDateTime = 2026-04-23T22:19:15
  HostName          = x86_64-conda-linux-gnu
  UserName          = gengxun
  Description       = "Reduce the pixel dimensions of an image"

  Group = UserParameters
    FROM         = /media/gengxun/Elements/data/lro/test_controlnet_python/pi-
                   pe_test/dom_M104311715LE.cub
    TO           = /tmp/dom_M104311715LE__reduce_level3_test.cub
    ALGORITHM    = AVERAGE
    MODE         = scale
    SSCALE       = 8
    LSCALE       = 8
    VALIDPER     = 50
    VPER_REPLACE = NULL
  End_Group

  Group = Results
    InputLines      = 8367
    InputSamples    = 2549
    StartingLine    = 1
    StartingSample  = 1
    EndingLine      = 8367
    EndingSample    = 2549
    LineIncrement   = 8.0
    SampleIncrement = 8.0
    OutputLines     = 1046
    OutputSamples   = 319
  End_Group

  Group = Accounting
    ConnectTime = 00:00:00.9
    CpuTime     = 00:00:00.9
  End_Group
End_Object


Object = getkey
  IsisVersion       = "9.0.0  | 2026-01-05"
  ProgramVersion    = 2022-11-23
  ProgramPath       = /home/gengxun/miniconda3/envs/asp360_new/bin
  ExecutionDateTime = 2026-04-23T22:19:16
  HostName          = x86_64-conda-linux-gnu
  UserName          = gengxun
  Description       = "Outputs the value of a requested keyword"

  Group = UserParameters
    FROM      = /tmp/dom_M104311715LE__reduce_level3_test.cub
    GRPNAME   = Mapping
    KEYWORD   = ProjectionName
    UPPER     = False
    RECURSIVE = False
  End_Group

  Group = Results
    From           = /tmp/dom_M104311715LE__reduce_level3_test.cub
    ProjectionName = TransverseMercator
  End_Group

  Group = Accounting
    ConnectTime = 00:00:00.0
    CpuTime     = 00:00:00.0
  End_Group
End_Object


Object = getkey
  IsisVersion       = "9.0.0  | 2026-01-05"
  ProgramVersion    = 2022-11-23
  ProgramPath       = /home/gengxun/miniconda3/envs/asp360_new/bin
  ExecutionDateTime = 2026-04-23T22:19:16
  HostName          = x86_64-conda-linux-gnu
  UserName          = gengxun
  Description       = "Outputs the value of a requested keyword"

  Group = UserParameters
    FROM      = /tmp/dom_M104311715LE__reduce_level3_test.cub
    GRPNAME   = Mapping
    KEYWORD   = PixelResolution
    UPPER     = False
    RECURSIVE = False
  End_Group

  Group = Results
    From            = /tmp/dom_M104311715LE__reduce_level3_test.cub
    PixelResolution = 80.0
  End_Group

  Group = Accounting
    ConnectTime = 00:00:00.0
    CpuTime     = 00:00:00.0
  End_Group
End_Object


Object = reduce
  IsisVersion       = "9.0.0  | 2026-01-05"
  ProgramVersion    = 2013-11-06
  ProgramPath       = /home/gengxun/miniconda3/envs/asp360_new/bin
  ExecutionDateTime = 2026-04-23T22:46:08
  HostName          = Unknown
  UserName          = gengxun
  Description       = "Reduce the pixel dimensions of an image"

  Group = UserParameters
    FROM         = /media/gengxun/Elements/data/lro/test_controlnet_python/pi-
                   pe_test/dom_M104311715LE.cub
    TO           = /media/gengxun/Elements/data/lro/test_controlnet_python/pi-
                   pe_test2/match_metadata/low_resolution/dom_M104311715LE__d-
                   om_M104311715RE/dom_M104311715LE__level3.cub
    ALGORITHM    = AVERAGE
    MODE         = scale
    SSCALE       = 8
    LSCALE       = 8
    VALIDPER     = 50
    VPER_REPLACE = NULL
  End_Group

  Group = Results
    InputLines      = 8367
    InputSamples    = 2549
    StartingLine    = 1
    StartingSample  = 1
    EndingLine      = 8367
    EndingSample    = 2549
    LineIncrement   = 8.0
    SampleIncrement = 8.0
    OutputLines     = 1046
    OutputSamples   = 319
  End_Group

  Group = Accounting
    ConnectTime = 00:00:00.8
    CpuTime     = 00:00:00.8
  End_Group
End_Object


Object = reduce
  IsisVersion       = "9.0.0  | 2026-01-05"
  ProgramVersion    = 2013-11-06
  ProgramPath       = /home/gengxun/miniconda3/envs/asp360_new/bin
  ExecutionDateTime = 2026-04-23T22:46:09
  HostName          = Unknown
  UserName          = gengxun
  Description       = "Reduce the pixel dimensions of an image"

  Group = UserParameters
    FROM         = /media/gengxun/Elements/data/lro/test_controlnet_python/pi-
                   pe_test/dom_M104311715RE.cub
    TO           = /media/gengxun/Elements/data/lro/test_controlnet_python/pi-
                   pe_test2/match_metadata/low_resolution/dom_M104311715LE__d-
                   om_M104311715RE/dom_M104311715RE__level3.cub
    ALGORITHM    = AVERAGE
    MODE         = scale
    SSCALE       = 8
    LSCALE       = 8
    VALIDPER     = 50
    VPER_REPLACE = NULL
  End_Group

  Group = Results
    InputLines      = 8390
    InputSamples    = 2501
    StartingLine    = 1
    StartingSample  = 1
    EndingLine      = 8390
    EndingSample    = 2501
    LineIncrement   = 8.0
    SampleIncrement = 8.0
    OutputLines     = 1049
    OutputSamples   = 313
  End_Group

  Group = Accounting
    ConnectTime = 00:00:01.0
    CpuTime     = 00:00:01.0
  End_Group
End_Object


Object = reduce
  IsisVersion       = "9.0.0  | 2026-01-05"
  ProgramVersion    = 2013-11-06
  ProgramPath       = /home/gengxun/miniconda3/envs/asp360_new/bin
  ExecutionDateTime = 2026-04-23T22:46:26
  HostName          = Unknown
  UserName          = gengxun
  Description       = "Reduce the pixel dimensions of an image"

  Group = UserParameters
    FROM         = /media/gengxun/Elements/data/lro/test_controlnet_python/pi-
                   pe_test/dom_M104311715LE.cub
    TO           = /media/gengxun/Elements/data/lro/test_controlnet_python/pi-
                   pe_test2/match_metadata/low_resolution/dom_M104311715LE__d-
                   om_M104318871LE/dom_M104311715LE__level3.cub
    ALGORITHM    = AVERAGE
    MODE         = scale
    SSCALE       = 8
    LSCALE       = 8
    VALIDPER     = 50
    VPER_REPLACE = NULL
  End_Group

  Group = Results
    InputLines      = 8367
    InputSamples    = 2549
    StartingLine    = 1
    StartingSample  = 1
    EndingLine      = 8367
    EndingSample    = 2549
    LineIncrement   = 8.0
    SampleIncrement = 8.0
    OutputLines     = 1046
    OutputSamples   = 319
  End_Group

  Group = Accounting
    ConnectTime = 00:00:00.9
    CpuTime     = 00:00:00.9
  End_Group
End_Object


Object = reduce
  IsisVersion       = "9.0.0  | 2026-01-05"
  ProgramVersion    = 2013-11-06
  ProgramPath       = /home/gengxun/miniconda3/envs/asp360_new/bin
  ExecutionDateTime = 2026-04-23T22:46:27
  HostName          = Unknown
  UserName          = gengxun
  Description       = "Reduce the pixel dimensions of an image"

  Group = UserParameters
    FROM         = /media/gengxun/Elements/data/lro/test_controlnet_python/pi-
                   pe_test/dom_M104318871LE.cub
    TO           = /media/gengxun/Elements/data/lro/test_controlnet_python/pi-
                   pe_test2/match_metadata/low_resolution/dom_M104311715LE__d-
                   om_M104318871LE/dom_M104318871LE__level3.cub
    ALGORITHM    = AVERAGE
    MODE         = scale
    SSCALE       = 8
    LSCALE       = 8
    VALIDPER     = 50
    VPER_REPLACE = NULL
  End_Group

  Group = Results
    InputLines      = 8376
    InputSamples    = 2370
    StartingLine    = 1
    StartingSample  = 1
    EndingLine      = 8376
    EndingSample    = 2370
    LineIncrement   = 8.0
    SampleIncrement = 8.0
    OutputLines     = 1047
    OutputSamples   = 296
  End_Group

  Group = Accounting
    ConnectTime = 00:00:00.8
    CpuTime     = 00:00:00.8
  End_Group
End_Object


Object = reduce
  IsisVersion       = "9.0.0  | 2026-01-05"
  ProgramVersion    = 2013-11-06
  ProgramPath       = /home/gengxun/miniconda3/envs/asp360_new/bin
  ExecutionDateTime = 2026-04-23T22:46:51
  HostName          = Unknown
  UserName          = gengxun
  Description       = "Reduce the pixel dimensions of an image"

  Group = UserParameters
    FROM         = /media/gengxun/Elements/data/lro/test_controlnet_python/pi-
                   pe_test/dom_M104311715LE.cub
    TO           = /media/gengxun/Elements/data/lro/test_controlnet_python/pi-
                   pe_test2/match_metadata/low_resolution/dom_M104311715LE__d-
                   om_M104318871RE/dom_M104311715LE__level3.cub
    ALGORITHM    = AVERAGE
    MODE         = scale
    SSCALE       = 8
    LSCALE       = 8
    VALIDPER     = 50
    VPER_REPLACE = NULL
  End_Group

  Group = Results
    InputLines      = 8367
    InputSamples    = 2549
    StartingLine    = 1
    StartingSample  = 1
    EndingLine      = 8367
    EndingSample    = 2549
    LineIncrement   = 8.0
    SampleIncrement = 8.0
    OutputLines     = 1046
    OutputSamples   = 319
  End_Group

  Group = Accounting
    ConnectTime = 00:00:00.8
    CpuTime     = 00:00:00.9
  End_Group
End_Object


Object = reduce
  IsisVersion       = "9.0.0  | 2026-01-05"
  ProgramVersion    = 2013-11-06
  ProgramPath       = /home/gengxun/miniconda3/envs/asp360_new/bin
  ExecutionDateTime = 2026-04-23T22:46:52
  HostName          = Unknown
  UserName          = gengxun
  Description       = "Reduce the pixel dimensions of an image"

  Group = UserParameters
    FROM         = /media/gengxun/Elements/data/lro/test_controlnet_python/pi-
                   pe_test/dom_M104318871RE.cub
    TO           = /media/gengxun/Elements/data/lro/test_controlnet_python/pi-
                   pe_test2/match_metadata/low_resolution/dom_M104311715LE__d-
                   om_M104318871RE/dom_M104318871RE__level3.cub
    ALGORITHM    = AVERAGE
    MODE         = scale
    SSCALE       = 8
    LSCALE       = 8
    VALIDPER     = 50
    VPER_REPLACE = NULL
  End_Group

  Group = Results
    InputLines      = 8400
    InputSamples    = 2362
    StartingLine    = 1
    StartingSample  = 1
    EndingLine      = 8400
    EndingSample    = 2362
    LineIncrement   = 8.0
    SampleIncrement = 8.0
    OutputLines     = 1050
    OutputSamples   = 295
  End_Group

  Group = Accounting
    ConnectTime = 00:00:00.8
    CpuTime     = 00:00:00.8
  End_Group
End_Object


Object = reduce
  IsisVersion       = "9.0.0  | 2026-01-05"
  ProgramVersion    = 2013-11-06
  ProgramPath       = /home/gengxun/miniconda3/envs/asp360_new/bin
  ExecutionDateTime = 2026-04-23T22:47:09
  HostName          = Unknown
  UserName          = gengxun
  Description       = "Reduce the pixel dimensions of an image"

  Group = UserParameters
    FROM         = /media/gengxun/Elements/data/lro/test_controlnet_python/pi-
                   pe_test/dom_M104311715RE.cub
    TO           = /media/gengxun/Elements/data/lro/test_controlnet_python/pi-
                   pe_test2/match_metadata/low_resolution/dom_M104311715RE__d-
                   om_M104318871LE/dom_M104311715RE__level3.cub
    ALGORITHM    = AVERAGE
    MODE         = scale
    SSCALE       = 8
    LSCALE       = 8
    VALIDPER     = 50
    VPER_REPLACE = NULL
  End_Group

  Group = Results
    InputLines      = 8390
    InputSamples    = 2501
    StartingLine    = 1
    StartingSample  = 1
    EndingLine      = 8390
    EndingSample    = 2501
    LineIncrement   = 8.0
    SampleIncrement = 8.0
    OutputLines     = 1049
    OutputSamples   = 313
  End_Group

  Group = Accounting
    ConnectTime = 00:00:00.9
    CpuTime     = 00:00:00.9
  End_Group
End_Object


Object = reduce
  IsisVersion       = "9.0.0  | 2026-01-05"
  ProgramVersion    = 2013-11-06
  ProgramPath       = /home/gengxun/miniconda3/envs/asp360_new/bin
  ExecutionDateTime = 2026-04-23T22:47:10
  HostName          = Unknown
  UserName          = gengxun
  Description       = "Reduce the pixel dimensions of an image"

  Group = UserParameters
    FROM         = /media/gengxun/Elements/data/lro/test_controlnet_python/pi-
                   pe_test/dom_M104318871LE.cub
    TO           = /media/gengxun/Elements/data/lro/test_controlnet_python/pi-
                   pe_test2/match_metadata/low_resolution/dom_M104311715RE__d-
                   om_M104318871LE/dom_M104318871LE__level3.cub
    ALGORITHM    = AVERAGE
    MODE         = scale
    SSCALE       = 8
    LSCALE       = 8
    VALIDPER     = 50
    VPER_REPLACE = NULL
  End_Group

  Group = Results
    InputLines      = 8376
    InputSamples    = 2370
    StartingLine    = 1
    StartingSample  = 1
    EndingLine      = 8376
    EndingSample    = 2370
    LineIncrement   = 8.0
    SampleIncrement = 8.0
    OutputLines     = 1047
    OutputSamples   = 296
  End_Group

  Group = Accounting
    ConnectTime = 00:00:00.8
    CpuTime     = 00:00:00.8
  End_Group
End_Object


Object = reduce
  IsisVersion       = "9.0.0  | 2026-01-05"
  ProgramVersion    = 2013-11-06
  ProgramPath       = /home/gengxun/miniconda3/envs/asp360_new/bin
  ExecutionDateTime = 2026-04-23T22:47:25
  HostName          = Unknown
  UserName          = gengxun
  Description       = "Reduce the pixel dimensions of an image"

  Group = UserParameters
    FROM         = /media/gengxun/Elements/data/lro/test_controlnet_python/pi-
                   pe_test/dom_M104311715RE.cub
    TO           = /media/gengxun/Elements/data/lro/test_controlnet_python/pi-
                   pe_test2/match_metadata/low_resolution/dom_M104311715RE__d-
                   om_M104318871RE/dom_M104311715RE__level3.cub
    ALGORITHM    = AVERAGE
    MODE         = scale
    SSCALE       = 8
    LSCALE       = 8
    VALIDPER     = 50
    VPER_REPLACE = NULL
  End_Group

  Group = Results
    InputLines      = 8390
    InputSamples    = 2501
    StartingLine    = 1
    StartingSample  = 1
    EndingLine      = 8390
    EndingSample    = 2501
    LineIncrement   = 8.0
    SampleIncrement = 8.0
    OutputLines     = 1049
    OutputSamples   = 313
  End_Group

  Group = Accounting
    ConnectTime = 00:00:00.8
    CpuTime     = 00:00:00.8
  End_Group
End_Object


Object = reduce
  IsisVersion       = "9.0.0  | 2026-01-05"
  ProgramVersion    = 2013-11-06
  ProgramPath       = /home/gengxun/miniconda3/envs/asp360_new/bin
  ExecutionDateTime = 2026-04-23T22:47:26
  HostName          = Unknown
  UserName          = gengxun
  Description       = "Reduce the pixel dimensions of an image"

  Group = UserParameters
    FROM         = /media/gengxun/Elements/data/lro/test_controlnet_python/pi-
                   pe_test/dom_M104318871RE.cub
    TO           = /media/gengxun/Elements/data/lro/test_controlnet_python/pi-
                   pe_test2/match_metadata/low_resolution/dom_M104311715RE__d-
                   om_M104318871RE/dom_M104318871RE__level3.cub
    ALGORITHM    = AVERAGE
    MODE         = scale
    SSCALE       = 8
    LSCALE       = 8
    VALIDPER     = 50
    VPER_REPLACE = NULL
  End_Group

  Group = Results
    InputLines      = 8400
    InputSamples    = 2362
    StartingLine    = 1
    StartingSample  = 1
    EndingLine      = 8400
    EndingSample    = 2362
    LineIncrement   = 8.0
    SampleIncrement = 8.0
    OutputLines     = 1050
    OutputSamples   = 295
  End_Group

  Group = Accounting
    ConnectTime = 00:00:00.7
    CpuTime     = 00:00:00.8
  End_Group
End_Object


Object = reduce
  IsisVersion       = "9.0.0  | 2026-01-05"
  ProgramVersion    = 2013-11-06
  ProgramPath       = /home/gengxun/miniconda3/envs/asp360_new/bin
  ExecutionDateTime = 2026-04-23T22:47:47
  HostName          = Unknown
  UserName          = gengxun
  Description       = "Reduce the pixel dimensions of an image"

  Group = UserParameters
    FROM         = /media/gengxun/Elements/data/lro/test_controlnet_python/pi-
                   pe_test/dom_M104318871LE.cub
    TO           = /media/gengxun/Elements/data/lro/test_controlnet_python/pi-
                   pe_test2/match_metadata/low_resolution/dom_M104318871LE__d-
                   om_M104318871RE/dom_M104318871LE__level3.cub
    ALGORITHM    = AVERAGE
    MODE         = scale
    SSCALE       = 8
    LSCALE       = 8
    VALIDPER     = 50
    VPER_REPLACE = NULL
  End_Group

  Group = Results
    InputLines      = 8376
    InputSamples    = 2370
    StartingLine    = 1
    StartingSample  = 1
    EndingLine      = 8376
    EndingSample    = 2370
    LineIncrement   = 8.0
    SampleIncrement = 8.0
    OutputLines     = 1047
    OutputSamples   = 296
  End_Group

  Group = Accounting
    ConnectTime = 00:00:00.9
    CpuTime     = 00:00:00.9
  End_Group
End_Object


Object = reduce
  IsisVersion       = "9.0.0  | 2026-01-05"
  ProgramVersion    = 2013-11-06
  ProgramPath       = /home/gengxun/miniconda3/envs/asp360_new/bin
  ExecutionDateTime = 2026-04-23T22:47:48
  HostName          = Unknown
  UserName          = gengxun
  Description       = "Reduce the pixel dimensions of an image"

  Group = UserParameters
    FROM         = /media/gengxun/Elements/data/lro/test_controlnet_python/pi-
                   pe_test/dom_M104318871RE.cub
    TO           = /media/gengxun/Elements/data/lro/test_controlnet_python/pi-
                   pe_test2/match_metadata/low_resolution/dom_M104318871LE__d-
                   om_M104318871RE/dom_M104318871RE__level3.cub
    ALGORITHM    = AVERAGE
    MODE         = scale
    SSCALE       = 8
    LSCALE       = 8
    VALIDPER     = 50
    VPER_REPLACE = NULL
  End_Group

  Group = Results
    InputLines      = 8400
    InputSamples    = 2362
    StartingLine    = 1
    StartingSample  = 1
    EndingLine      = 8400
    EndingSample    = 2362
    LineIncrement   = 8.0
    SampleIncrement = 8.0
    OutputLines     = 1050
    OutputSamples   = 295
  End_Group

  Group = Accounting
    ConnectTime = 00:00:01.1
    CpuTime     = 00:00:01.1
  End_Group
End_Object


Object = cnetmerge
  IsisVersion       = "9.0.0  | 2026-01-05"
  ProgramVersion    = 2012-04-17
  ProgramPath       = /home/gengxun/miniconda3/envs/asp360_new/bin
  ExecutionDateTime = 2026-04-23T22:48:53
  HostName          = Unknown
  UserName          = gengxun
  Description       = "Merges multiple Control Networks into one"

  Group = UserParameters
    INPUTTYPE          = list
    CLIST              = /media/gengxun/Elements/data/lro/test_controlnet_pyt-
                         hon/pipe_test2/merge/merge_all_controlnets.lis
    BASE               = /media/gengxun/Elements/data/lro/test_controlnet_pyt-
                         hon/pipe_test2/pair_nets/REDUCED_M104311715LE.echo.c-
                         al__REDUCED_M104311715RE.echo.cal.net
    ONET               = /media/gengxun/Elements/data/lro/test_controlnet_pyt-
                         hon/pipe_test2/merge/dom_matching_merged.net
    NETWORKID          = dom_matching_example
    DESCRIPTION        = "Merged DOM matching ControlNet"
    LOG                = /media/gengxun/Elements/data/lro/test_controlnet_pyt-
                         hon/pipe_test2/merge/cnetmerge.log
    DUPLICATEPOINTS    = merge
    OVERWRITEPOINTS    = False
    OVERWRITEMEASURES  = False
    OVERWRITEREFERENCE = False
    OVERWRITEMISSING   = False
  End_Group

  Group = Accounting
    ConnectTime = 00:00:46.3
    CpuTime     = 00:00:46.3
  End_Group
End_Object


Object = cnetmerge
  IsisVersion       = "9.0.0  | 2026-01-05"
  ProgramVersion    = 2012-04-17
  ProgramPath       = /home/gengxun/miniconda3/envs/asp360_new/bin
  ExecutionDateTime = 2026-04-23T22:54:35
  HostName          = Unknown
  UserName          = gengxun
  Description       = "Merges multiple Control Networks into one"

  Group = UserParameters
    INPUTTYPE          = list
    CLIST              = /media/gengxun/Elements/data/lro/test_controlnet_pyt-
                         hon/pipe_test2/merge/merge_all_controlnets.lis
    BASE               = /media/gengxun/Elements/data/lro/test_controlnet_pyt-
                         hon/pipe_test2/pair_nets/REDUCED_M104311715LE.echo.c-
                         al__REDUCED_M104311715RE.echo.cal.net
    ONET               = /media/gengxun/Elements/data/lro/test_controlnet_pyt-
                         hon/pipe_test2/merge/dom_matching_merged.net
    NETWORKID          = dom_matching_example
    DESCRIPTION        = "Merged DOM matching ControlNet"
    LOG                = /media/gengxun/Elements/data/lro/test_controlnet_pyt-
                         hon/pipe_test2/merge/cnetmerge.log
    DUPLICATEPOINTS    = merge
    OVERWRITEPOINTS    = False
    OVERWRITEMEASURES  = False
    OVERWRITEREFERENCE = False
    OVERWRITEMISSING   = False
  End_Group

  Group = Accounting
    ConnectTime = 00:00:08.0
    CpuTime     = 00:00:08.0
  End_Group
End_Object


Object = cnetmerge
  IsisVersion       = "9.0.0  | 2026-01-05"
  ProgramVersion    = 2012-04-17
  ProgramPath       = /home/gengxun/miniconda3/envs/asp360_new/bin
  ExecutionDateTime = 2026-04-26T22:06:40
  HostName          = Unknown
  UserName          = gengxun
  Description       = "Merges multiple Control Networks into one"

  Group = UserParameters
    INPUTTYPE          = list
    CLIST              = /media/gengxun/Elements/data/lro/test_controlnet_pyt-
                         hon/pipe_test2/merge/merge_all_controlnets.lis
    BASE               = /media/gengxun/Elements/data/lro/test_controlnet_pyt-
                         hon/pipe_test2/pair_nets/REDUCED_M104311715LE.echo.c-
                         al__REDUCED_M104311715RE.echo.cal.net
    ONET               = /media/gengxun/Elements/data/lro/test_controlnet_pyt-
                         hon/pipe_test2/merge/dom_matching_merged.net
    NETWORKID          = dom_matching_example
    DESCRIPTION        = "Merged DOM matching ControlNet"
    LOG                = /media/gengxun/Elements/data/lro/test_controlnet_pyt-
                         hon/pipe_test2/merge/cnetmerge.log
    DUPLICATEPOINTS    = merge
    OVERWRITEPOINTS    = False
    OVERWRITEMEASURES  = False
    OVERWRITEREFERENCE = False
    OVERWRITEMISSING   = False
  End_Group

  Group = Accounting
    ConnectTime = 00:00:09.2
    CpuTime     = 00:00:09.2
  End_Group
End_Object


Object = reduce
  IsisVersion       = "9.0.0  | 2026-01-05"
  ProgramVersion    = 2013-11-06
  ProgramPath       = /home/gengxun/miniconda3/envs/asp360_new/bin
  ExecutionDateTime = 2026-04-27T00:14:02
  HostName          = Unknown
  UserName          = gengxun
  Description       = "Reduce the pixel dimensions of an image"

  Group = UserParameters
    FROM         = /media/gengxun/Elements/data/lro/test_controlnet_python/pi-
                   pe_test/dom_M104311715LE.cub
    TO           = /media/gengxun/Elements/data/lro/test_controlnet_python/pi-
                   pe_test2/match_metadata/low_resolution/dom_M104311715LE__d-
                   om_M104311715RE/dom_M104311715LE__level3.cub
    ALGORITHM    = AVERAGE
    MODE         = scale
    SSCALE       = 8
    LSCALE       = 8
    VALIDPER     = 50
    VPER_REPLACE = NULL
  End_Group

  Group = Results
    InputLines      = 8367
    InputSamples    = 2549
    StartingLine    = 1
    StartingSample  = 1
    EndingLine      = 8367
    EndingSample    = 2549
    LineIncrement   = 8.0
    SampleIncrement = 8.0
    OutputLines     = 1046
    OutputSamples   = 319
  End_Group

  Group = Accounting
    ConnectTime = 00:00:00.9
    CpuTime     = 00:00:00.9
  End_Group
End_Object


Object = reduce
  IsisVersion       = "9.0.0  | 2026-01-05"
  ProgramVersion    = 2013-11-06
  ProgramPath       = /home/gengxun/miniconda3/envs/asp360_new/bin
  ExecutionDateTime = 2026-04-27T00:14:03
  HostName          = Unknown
  UserName          = gengxun
  Description       = "Reduce the pixel dimensions of an image"

  Group = UserParameters
    FROM         = /media/gengxun/Elements/data/lro/test_controlnet_python/pi-
                   pe_test/dom_M104311715RE.cub
    TO           = /media/gengxun/Elements/data/lro/test_controlnet_python/pi-
                   pe_test2/match_metadata/low_resolution/dom_M104311715LE__d-
                   om_M104311715RE/dom_M104311715RE__level3.cub
    ALGORITHM    = AVERAGE
    MODE         = scale
    SSCALE       = 8
    LSCALE       = 8
    VALIDPER     = 50
    VPER_REPLACE = NULL
  End_Group

  Group = Results
    InputLines      = 8390
    InputSamples    = 2501
    StartingLine    = 1
    StartingSample  = 1
    EndingLine      = 8390
    EndingSample    = 2501
    LineIncrement   = 8.0
    SampleIncrement = 8.0
    OutputLines     = 1049
    OutputSamples   = 313
  End_Group

  Group = Accounting
    ConnectTime = 00:00:01.0
    CpuTime     = 00:00:01.0
  End_Group
End_Object


Object = reduce
  IsisVersion       = "9.0.0  | 2026-01-05"
  ProgramVersion    = 2013-11-06
  ProgramPath       = /home/gengxun/miniconda3/envs/asp360_new/bin
  ExecutionDateTime = 2026-04-27T00:14:15
  HostName          = Unknown
  UserName          = gengxun
  Description       = "Reduce the pixel dimensions of an image"

  Group = UserParameters
    FROM         = /media/gengxun/Elements/data/lro/test_controlnet_python/pi-
                   pe_test/dom_M104311715LE.cub
    TO           = /media/gengxun/Elements/data/lro/test_controlnet_python/pi-
                   pe_test2/match_metadata/low_resolution/dom_M104311715LE__d-
                   om_M104318871LE/dom_M104311715LE__level3.cub
    ALGORITHM    = AVERAGE
    MODE         = scale
    SSCALE       = 8
    LSCALE       = 8
    VALIDPER     = 50
    VPER_REPLACE = NULL
  End_Group

  Group = Results
    InputLines      = 8367
    InputSamples    = 2549
    StartingLine    = 1
    StartingSample  = 1
    EndingLine      = 8367
    EndingSample    = 2549
    LineIncrement   = 8.0
    SampleIncrement = 8.0
    OutputLines     = 1046
    OutputSamples   = 319
  End_Group

  Group = Accounting
    ConnectTime = 00:00:00.9
    CpuTime     = 00:00:00.9
  End_Group
End_Object


Object = reduce
  IsisVersion       = "9.0.0  | 2026-01-05"
  ProgramVersion    = 2013-11-06
  ProgramPath       = /home/gengxun/miniconda3/envs/asp360_new/bin
  ExecutionDateTime = 2026-04-27T00:14:16
  HostName          = Unknown
  UserName          = gengxun
  Description       = "Reduce the pixel dimensions of an image"

  Group = UserParameters
    FROM         = /media/gengxun/Elements/data/lro/test_controlnet_python/pi-
                   pe_test/dom_M104318871LE.cub
    TO           = /media/gengxun/Elements/data/lro/test_controlnet_python/pi-
                   pe_test2/match_metadata/low_resolution/dom_M104311715LE__d-
                   om_M104318871LE/dom_M104318871LE__level3.cub
    ALGORITHM    = AVERAGE
    MODE         = scale
    SSCALE       = 8
    LSCALE       = 8
    VALIDPER     = 50
    VPER_REPLACE = NULL
  End_Group

  Group = Results
    InputLines      = 8376
    InputSamples    = 2370
    StartingLine    = 1
    StartingSample  = 1
    EndingLine      = 8376
    EndingSample    = 2370
    LineIncrement   = 8.0
    SampleIncrement = 8.0
    OutputLines     = 1047
    OutputSamples   = 296
  End_Group

  Group = Accounting
    ConnectTime = 00:00:00.9
    CpuTime     = 00:00:00.8
  End_Group
End_Object


Object = reduce
  IsisVersion       = "9.0.0  | 2026-01-05"
  ProgramVersion    = 2013-11-06
  ProgramPath       = /home/gengxun/miniconda3/envs/asp360_new/bin
  ExecutionDateTime = 2026-04-27T00:14:31
  HostName          = Unknown
  UserName          = gengxun
  Description       = "Reduce the pixel dimensions of an image"

  Group = UserParameters
    FROM         = /media/gengxun/Elements/data/lro/test_controlnet_python/pi-
                   pe_test/dom_M104311715LE.cub
    TO           = /media/gengxun/Elements/data/lro/test_controlnet_python/pi-
                   pe_test2/match_metadata/low_resolution/dom_M104311715LE__d-
                   om_M104318871RE/dom_M104311715LE__level3.cub
    ALGORITHM    = AVERAGE
    MODE         = scale
    SSCALE       = 8
    LSCALE       = 8
    VALIDPER     = 50
    VPER_REPLACE = NULL
  End_Group

  Group = Results
    InputLines      = 8367
    InputSamples    = 2549
    StartingLine    = 1
    StartingSample  = 1
    EndingLine      = 8367
    EndingSample    = 2549
    LineIncrement   = 8.0
    SampleIncrement = 8.0
    OutputLines     = 1046
    OutputSamples   = 319
  End_Group

  Group = Accounting
    ConnectTime = 00:00:01.1
    CpuTime     = 00:00:01.1
  End_Group
End_Object


Object = reduce
  IsisVersion       = "9.0.0  | 2026-01-05"
  ProgramVersion    = 2013-11-06
  ProgramPath       = /home/gengxun/miniconda3/envs/asp360_new/bin
  ExecutionDateTime = 2026-04-27T00:14:32
  HostName          = Unknown
  UserName          = gengxun
  Description       = "Reduce the pixel dimensions of an image"

  Group = UserParameters
    FROM         = /media/gengxun/Elements/data/lro/test_controlnet_python/pi-
                   pe_test/dom_M104318871RE.cub
    TO           = /media/gengxun/Elements/data/lro/test_controlnet_python/pi-
                   pe_test2/match_metadata/low_resolution/dom_M104311715LE__d-
                   om_M104318871RE/dom_M104318871RE__level3.cub
    ALGORITHM    = AVERAGE
    MODE         = scale
    SSCALE       = 8
    LSCALE       = 8
    VALIDPER     = 50
    VPER_REPLACE = NULL
  End_Group

  Group = Results
    InputLines      = 8400
    InputSamples    = 2362
    StartingLine    = 1
    StartingSample  = 1
    EndingLine      = 8400
    EndingSample    = 2362
    LineIncrement   = 8.0
    SampleIncrement = 8.0
    OutputLines     = 1050
    OutputSamples   = 295
  End_Group

  Group = Accounting
    ConnectTime = 00:00:01.1
    CpuTime     = 00:00:01.0
  End_Group
End_Object


Object = reduce
  IsisVersion       = "9.0.0  | 2026-01-05"
  ProgramVersion    = 2013-11-06
  ProgramPath       = /home/gengxun/miniconda3/envs/asp360_new/bin
  ExecutionDateTime = 2026-04-27T00:14:46
  HostName          = Unknown
  UserName          = gengxun
  Description       = "Reduce the pixel dimensions of an image"

  Group = UserParameters
    FROM         = /media/gengxun/Elements/data/lro/test_controlnet_python/pi-
                   pe_test/dom_M104311715RE.cub
    TO           = /media/gengxun/Elements/data/lro/test_controlnet_python/pi-
                   pe_test2/match_metadata/low_resolution/dom_M104311715RE__d-
                   om_M104318871LE/dom_M104311715RE__level3.cub
    ALGORITHM    = AVERAGE
    MODE         = scale
    SSCALE       = 8
    LSCALE       = 8
    VALIDPER     = 50
    VPER_REPLACE = NULL
  End_Group

  Group = Results
    InputLines      = 8390
    InputSamples    = 2501
    StartingLine    = 1
    StartingSample  = 1
    EndingLine      = 8390
    EndingSample    = 2501
    LineIncrement   = 8.0
    SampleIncrement = 8.0
    OutputLines     = 1049
    OutputSamples   = 313
  End_Group

  Group = Accounting
    ConnectTime = 00:00:01.0
    CpuTime     = 00:00:01.0
  End_Group
End_Object


Object = reduce
  IsisVersion       = "9.0.0  | 2026-01-05"
  ProgramVersion    = 2013-11-06
  ProgramPath       = /home/gengxun/miniconda3/envs/asp360_new/bin
  ExecutionDateTime = 2026-04-27T00:14:47
  HostName          = Unknown
  UserName          = gengxun
  Description       = "Reduce the pixel dimensions of an image"

  Group = UserParameters
    FROM         = /media/gengxun/Elements/data/lro/test_controlnet_python/pi-
                   pe_test/dom_M104318871LE.cub
    TO           = /media/gengxun/Elements/data/lro/test_controlnet_python/pi-
                   pe_test2/match_metadata/low_resolution/dom_M104311715RE__d-
                   om_M104318871LE/dom_M104318871LE__level3.cub
    ALGORITHM    = AVERAGE
    MODE         = scale
    SSCALE       = 8
    LSCALE       = 8
    VALIDPER     = 50
    VPER_REPLACE = NULL
  End_Group

  Group = Results
    InputLines      = 8376
    InputSamples    = 2370
    StartingLine    = 1
    StartingSample  = 1
    EndingLine      = 8376
    EndingSample    = 2370
    LineIncrement   = 8.0
    SampleIncrement = 8.0
    OutputLines     = 1047
    OutputSamples   = 296
  End_Group

  Group = Accounting
    ConnectTime = 00:00:00.9
    CpuTime     = 00:00:00.8
  End_Group
End_Object


Object = reduce
  IsisVersion       = "9.0.0  | 2026-01-05"
  ProgramVersion    = 2013-11-06
  ProgramPath       = /home/gengxun/miniconda3/envs/asp360_new/bin
  ExecutionDateTime = 2026-04-27T00:15:01
  HostName          = Unknown
  UserName          = gengxun
  Description       = "Reduce the pixel dimensions of an image"

  Group = UserParameters
    FROM         = /media/gengxun/Elements/data/lro/test_controlnet_python/pi-
                   pe_test/dom_M104311715RE.cub
    TO           = /media/gengxun/Elements/data/lro/test_controlnet_python/pi-
                   pe_test2/match_metadata/low_resolution/dom_M104311715RE__d-
                   om_M104318871RE/dom_M104311715RE__level3.cub
    ALGORITHM    = AVERAGE
    MODE         = scale
    SSCALE       = 8
    LSCALE       = 8
    VALIDPER     = 50
    VPER_REPLACE = NULL
  End_Group

  Group = Results
    InputLines      = 8390
    InputSamples    = 2501
    StartingLine    = 1
    StartingSample  = 1
    EndingLine      = 8390
    EndingSample    = 2501
    LineIncrement   = 8.0
    SampleIncrement = 8.0
    OutputLines     = 1049
    OutputSamples   = 313
  End_Group

  Group = Accounting
    ConnectTime = 00:00:01.1
    CpuTime     = 00:00:01.1
  End_Group
End_Object


Object = reduce
  IsisVersion       = "9.0.0  | 2026-01-05"
  ProgramVersion    = 2013-11-06
  ProgramPath       = /home/gengxun/miniconda3/envs/asp360_new/bin
  ExecutionDateTime = 2026-04-27T00:15:02
  HostName          = Unknown
  UserName          = gengxun
  Description       = "Reduce the pixel dimensions of an image"

  Group = UserParameters
    FROM         = /media/gengxun/Elements/data/lro/test_controlnet_python/pi-
                   pe_test/dom_M104318871RE.cub
    TO           = /media/gengxun/Elements/data/lro/test_controlnet_python/pi-
                   pe_test2/match_metadata/low_resolution/dom_M104311715RE__d-
                   om_M104318871RE/dom_M104318871RE__level3.cub
    ALGORITHM    = AVERAGE
    MODE         = scale
    SSCALE       = 8
    LSCALE       = 8
    VALIDPER     = 50
    VPER_REPLACE = NULL
  End_Group

  Group = Results
    InputLines      = 8400
    InputSamples    = 2362
    StartingLine    = 1
    StartingSample  = 1
    EndingLine      = 8400
    EndingSample    = 2362
    LineIncrement   = 8.0
    SampleIncrement = 8.0
    OutputLines     = 1050
    OutputSamples   = 295
  End_Group

  Group = Accounting
    ConnectTime = 00:00:01.1
    CpuTime     = 00:00:01.1
  End_Group
End_Object


Object = reduce
  IsisVersion       = "9.0.0  | 2026-01-05"
  ProgramVersion    = 2013-11-06
  ProgramPath       = /home/gengxun/miniconda3/envs/asp360_new/bin
  ExecutionDateTime = 2026-04-27T00:15:32
  HostName          = Unknown
  UserName          = gengxun
  Description       = "Reduce the pixel dimensions of an image"

  Group = UserParameters
    FROM         = /media/gengxun/Elements/data/lro/test_controlnet_python/pi-
                   pe_test/dom_M104318871LE.cub
    TO           = /media/gengxun/Elements/data/lro/test_controlnet_python/pi-
                   pe_test2/match_metadata/low_resolution/dom_M104318871LE__d-
                   om_M104318871RE/dom_M104318871LE__level3.cub
    ALGORITHM    = AVERAGE
    MODE         = scale
    SSCALE       = 8
    LSCALE       = 8
    VALIDPER     = 50
    VPER_REPLACE = NULL
  End_Group

  Group = Results
    InputLines      = 8376
    InputSamples    = 2370
    StartingLine    = 1
    StartingSample  = 1
    EndingLine      = 8376
    EndingSample    = 2370
    LineIncrement   = 8.0
    SampleIncrement = 8.0
    OutputLines     = 1047
    OutputSamples   = 296
  End_Group

  Group = Accounting
    ConnectTime = 00:00:01.4
    CpuTime     = 00:00:01.3
  End_Group
End_Object


Object = reduce
  IsisVersion       = "9.0.0  | 2026-01-05"
  ProgramVersion    = 2013-11-06
  ProgramPath       = /home/gengxun/miniconda3/envs/asp360_new/bin
  ExecutionDateTime = 2026-04-27T00:15:33
  HostName          = Unknown
  UserName          = gengxun
  Description       = "Reduce the pixel dimensions of an image"

  Group = UserParameters
    FROM         = /media/gengxun/Elements/data/lro/test_controlnet_python/pi-
                   pe_test/dom_M104318871RE.cub
    TO           = /media/gengxun/Elements/data/lro/test_controlnet_python/pi-
                   pe_test2/match_metadata/low_resolution/dom_M104318871LE__d-
                   om_M104318871RE/dom_M104318871RE__level3.cub
    ALGORITHM    = AVERAGE
    MODE         = scale
    SSCALE       = 8
    LSCALE       = 8
    VALIDPER     = 50
    VPER_REPLACE = NULL
  End_Group

  Group = Results
    InputLines      = 8400
    InputSamples    = 2362
    StartingLine    = 1
    StartingSample  = 1
    EndingLine      = 8400
    EndingSample    = 2362
    LineIncrement   = 8.0
    SampleIncrement = 8.0
    OutputLines     = 1050
    OutputSamples   = 295
  End_Group

  Group = Accounting
    ConnectTime = 00:00:01.3
    CpuTime     = 00:00:01.3
  End_Group
End_Object


Object = reduce
  IsisVersion       = "9.0.0  | 2026-01-05"
  ProgramVersion    = 2013-11-06
  ProgramPath       = /home/gengxun/miniconda3/envs/asp360_new/bin
  ExecutionDateTime = 2026-04-27T08:04:48
  HostName          = Unknown
  UserName          = gengxun
  Description       = "Reduce the pixel dimensions of an image"

  Group = UserParameters
    FROM         = /media/gengxun/Elements/data/lro/test_controlnet_python/pi-
                   pe_test/dom_M104311715LE.cub
    TO           = /media/gengxun/Elements/data/lro/test_controlnet_python/pi-
                   pe_test2/match_metadata/low_resolution/dom_M104311715LE__d-
                   om_M104311715RE/dom_M104311715LE__level3.cub
    ALGORITHM    = AVERAGE
    MODE         = scale
    SSCALE       = 8
    LSCALE       = 8
    VALIDPER     = 50
    VPER_REPLACE = NULL
  End_Group

  Group = Results
    InputLines      = 8367
    InputSamples    = 2549
    StartingLine    = 1
    StartingSample  = 1
    EndingLine      = 8367
    EndingSample    = 2549
    LineIncrement   = 8.0
    SampleIncrement = 8.0
    OutputLines     = 1046
    OutputSamples   = 319
  End_Group

  Group = Accounting
    ConnectTime = 00:00:00.9
    CpuTime     = 00:00:00.8
  End_Group
End_Object


Object = reduce
  IsisVersion       = "9.0.0  | 2026-01-05"
  ProgramVersion    = 2013-11-06
  ProgramPath       = /home/gengxun/miniconda3/envs/asp360_new/bin
  ExecutionDateTime = 2026-04-27T08:04:49
  HostName          = Unknown
  UserName          = gengxun
  Description       = "Reduce the pixel dimensions of an image"

  Group = UserParameters
    FROM         = /media/gengxun/Elements/data/lro/test_controlnet_python/pi-
                   pe_test/dom_M104311715RE.cub
    TO           = /media/gengxun/Elements/data/lro/test_controlnet_python/pi-
                   pe_test2/match_metadata/low_resolution/dom_M104311715LE__d-
                   om_M104311715RE/dom_M104311715RE__level3.cub
    ALGORITHM    = AVERAGE
    MODE         = scale
    SSCALE       = 8
    LSCALE       = 8
    VALIDPER     = 50
    VPER_REPLACE = NULL
  End_Group

  Group = Results
    InputLines      = 8390
    InputSamples    = 2501
    StartingLine    = 1
    StartingSample  = 1
    EndingLine      = 8390
    EndingSample    = 2501
    LineIncrement   = 8.0
    SampleIncrement = 8.0
    OutputLines     = 1049
    OutputSamples   = 313
  End_Group

  Group = Accounting
    ConnectTime = 00:00:00.8
    CpuTime     = 00:00:00.8
  End_Group
End_Object


Object = reduce
  IsisVersion       = "9.0.0  | 2026-01-05"
  ProgramVersion    = 2013-11-06
  ProgramPath       = /home/gengxun/miniconda3/envs/asp360_new/bin
  ExecutionDateTime = 2026-04-27T08:04:58
  HostName          = Unknown
  UserName          = gengxun
  Description       = "Reduce the pixel dimensions of an image"

  Group = UserParameters
    FROM         = /media/gengxun/Elements/data/lro/test_controlnet_python/pi-
                   pe_test/dom_M104311715LE.cub
    TO           = /media/gengxun/Elements/data/lro/test_controlnet_python/pi-
                   pe_test2/match_metadata/low_resolution/dom_M104311715LE__d-
                   om_M104318871LE/dom_M104311715LE__level3.cub
    ALGORITHM    = AVERAGE
    MODE         = scale
    SSCALE       = 8
    LSCALE       = 8
    VALIDPER     = 50
    VPER_REPLACE = NULL
  End_Group

  Group = Results
    InputLines      = 8367
    InputSamples    = 2549
    StartingLine    = 1
    StartingSample  = 1
    EndingLine      = 8367
    EndingSample    = 2549
    LineIncrement   = 8.0
    SampleIncrement = 8.0
    OutputLines     = 1046
    OutputSamples   = 319
  End_Group

  Group = Accounting
    ConnectTime = 00:00:00.8
    CpuTime     = 00:00:00.8
  End_Group
End_Object


Object = reduce
  IsisVersion       = "9.0.0  | 2026-01-05"
  ProgramVersion    = 2013-11-06
  ProgramPath       = /home/gengxun/miniconda3/envs/asp360_new/bin
  ExecutionDateTime = 2026-04-27T08:04:59
  HostName          = Unknown
  UserName          = gengxun
  Description       = "Reduce the pixel dimensions of an image"

  Group = UserParameters
    FROM         = /media/gengxun/Elements/data/lro/test_controlnet_python/pi-
                   pe_test/dom_M104318871LE.cub
    TO           = /media/gengxun/Elements/data/lro/test_controlnet_python/pi-
                   pe_test2/match_metadata/low_resolution/dom_M104311715LE__d-
                   om_M104318871LE/dom_M104318871LE__level3.cub
    ALGORITHM    = AVERAGE
    MODE         = scale
    SSCALE       = 8
    LSCALE       = 8
    VALIDPER     = 50
    VPER_REPLACE = NULL
  End_Group

  Group = Results
    InputLines      = 8376
    InputSamples    = 2370
    StartingLine    = 1
    StartingSample  = 1
    EndingLine      = 8376
    EndingSample    = 2370
    LineIncrement   = 8.0
    SampleIncrement = 8.0
    OutputLines     = 1047
    OutputSamples   = 296
  End_Group

  Group = Accounting
    ConnectTime = 00:00:00.8
    CpuTime     = 00:00:00.7
  End_Group
End_Object


Object = reduce
  IsisVersion       = "9.0.0  | 2026-01-05"
  ProgramVersion    = 2013-11-06
  ProgramPath       = /home/gengxun/miniconda3/envs/asp360_new/bin
  ExecutionDateTime = 2026-04-27T08:05:10
  HostName          = Unknown
  UserName          = gengxun
  Description       = "Reduce the pixel dimensions of an image"

  Group = UserParameters
    FROM         = /media/gengxun/Elements/data/lro/test_controlnet_python/pi-
                   pe_test/dom_M104311715LE.cub
    TO           = /media/gengxun/Elements/data/lro/test_controlnet_python/pi-
                   pe_test2/match_metadata/low_resolution/dom_M104311715LE__d-
                   om_M104318871RE/dom_M104311715LE__level3.cub
    ALGORITHM    = AVERAGE
    MODE         = scale
    SSCALE       = 8
    LSCALE       = 8
    VALIDPER     = 50
    VPER_REPLACE = NULL
  End_Group

  Group = Results
    InputLines      = 8367
    InputSamples    = 2549
    StartingLine    = 1
    StartingSample  = 1
    EndingLine      = 8367
    EndingSample    = 2549
    LineIncrement   = 8.0
    SampleIncrement = 8.0
    OutputLines     = 1046
    OutputSamples   = 319
  End_Group

  Group = Accounting
    ConnectTime = 00:00:00.8
    CpuTime     = 00:00:00.8
  End_Group
End_Object


Object = reduce
  IsisVersion       = "9.0.0  | 2026-01-05"
  ProgramVersion    = 2013-11-06
  ProgramPath       = /home/gengxun/miniconda3/envs/asp360_new/bin
  ExecutionDateTime = 2026-04-27T08:05:11
  HostName          = Unknown
  UserName          = gengxun
  Description       = "Reduce the pixel dimensions of an image"

  Group = UserParameters
    FROM         = /media/gengxun/Elements/data/lro/test_controlnet_python/pi-
                   pe_test/dom_M104318871RE.cub
    TO           = /media/gengxun/Elements/data/lro/test_controlnet_python/pi-
                   pe_test2/match_metadata/low_resolution/dom_M104311715LE__d-
                   om_M104318871RE/dom_M104318871RE__level3.cub
    ALGORITHM    = AVERAGE
    MODE         = scale
    SSCALE       = 8
    LSCALE       = 8
    VALIDPER     = 50
    VPER_REPLACE = NULL
  End_Group

  Group = Results
    InputLines      = 8400
    InputSamples    = 2362
    StartingLine    = 1
    StartingSample  = 1
    EndingLine      = 8400
    EndingSample    = 2362
    LineIncrement   = 8.0
    SampleIncrement = 8.0
    OutputLines     = 1050
    OutputSamples   = 295
  End_Group

  Group = Accounting
    ConnectTime = 00:00:00.8
    CpuTime     = 00:00:00.8
  End_Group
End_Object


Object = reduce
  IsisVersion       = "9.0.0  | 2026-01-05"
  ProgramVersion    = 2013-11-06
  ProgramPath       = /home/gengxun/miniconda3/envs/asp360_new/bin
  ExecutionDateTime = 2026-04-27T08:05:21
  HostName          = Unknown
  UserName          = gengxun
  Description       = "Reduce the pixel dimensions of an image"

  Group = UserParameters
    FROM         = /media/gengxun/Elements/data/lro/test_controlnet_python/pi-
                   pe_test/dom_M104311715RE.cub
    TO           = /media/gengxun/Elements/data/lro/test_controlnet_python/pi-
                   pe_test2/match_metadata/low_resolution/dom_M104311715RE__d-
                   om_M104318871LE/dom_M104311715RE__level3.cub
    ALGORITHM    = AVERAGE
    MODE         = scale
    SSCALE       = 8
    LSCALE       = 8
    VALIDPER     = 50
    VPER_REPLACE = NULL
  End_Group

  Group = Results
    InputLines      = 8390
    InputSamples    = 2501
    StartingLine    = 1
    StartingSample  = 1
    EndingLine      = 8390
    EndingSample    = 2501
    LineIncrement   = 8.0
    SampleIncrement = 8.0
    OutputLines     = 1049
    OutputSamples   = 313
  End_Group

  Group = Accounting
    ConnectTime = 00:00:00.8
    CpuTime     = 00:00:00.8
  End_Group
End_Object


Object = reduce
  IsisVersion       = "9.0.0  | 2026-01-05"
  ProgramVersion    = 2013-11-06
  ProgramPath       = /home/gengxun/miniconda3/envs/asp360_new/bin
  ExecutionDateTime = 2026-04-27T08:05:22
  HostName          = Unknown
  UserName          = gengxun
  Description       = "Reduce the pixel dimensions of an image"

  Group = UserParameters
    FROM         = /media/gengxun/Elements/data/lro/test_controlnet_python/pi-
                   pe_test/dom_M104318871LE.cub
    TO           = /media/gengxun/Elements/data/lro/test_controlnet_python/pi-
                   pe_test2/match_metadata/low_resolution/dom_M104311715RE__d-
                   om_M104318871LE/dom_M104318871LE__level3.cub
    ALGORITHM    = AVERAGE
    MODE         = scale
    SSCALE       = 8
    LSCALE       = 8
    VALIDPER     = 50
    VPER_REPLACE = NULL
  End_Group

  Group = Results
    InputLines      = 8376
    InputSamples    = 2370
    StartingLine    = 1
    StartingSample  = 1
    EndingLine      = 8376
    EndingSample    = 2370
    LineIncrement   = 8.0
    SampleIncrement = 8.0
    OutputLines     = 1047
    OutputSamples   = 296
  End_Group

  Group = Accounting
    ConnectTime = 00:00:00.8
    CpuTime     = 00:00:00.8
  End_Group
End_Object


Object = reduce
  IsisVersion       = "9.0.0  | 2026-01-05"
  ProgramVersion    = 2013-11-06
  ProgramPath       = /home/gengxun/miniconda3/envs/asp360_new/bin
  ExecutionDateTime = 2026-04-27T08:05:32
  HostName          = Unknown
  UserName          = gengxun
  Description       = "Reduce the pixel dimensions of an image"

  Group = UserParameters
    FROM         = /media/gengxun/Elements/data/lro/test_controlnet_python/pi-
                   pe_test/dom_M104311715RE.cub
    TO           = /media/gengxun/Elements/data/lro/test_controlnet_python/pi-
                   pe_test2/match_metadata/low_resolution/dom_M104311715RE__d-
                   om_M104318871RE/dom_M104311715RE__level3.cub
    ALGORITHM    = AVERAGE
    MODE         = scale
    SSCALE       = 8
    LSCALE       = 8
    VALIDPER     = 50
    VPER_REPLACE = NULL
  End_Group

  Group = Results
    InputLines      = 8390
    InputSamples    = 2501
    StartingLine    = 1
    StartingSample  = 1
    EndingLine      = 8390
    EndingSample    = 2501
    LineIncrement   = 8.0
    SampleIncrement = 8.0
    OutputLines     = 1049
    OutputSamples   = 313
  End_Group

  Group = Accounting
    ConnectTime = 00:00:00.8
    CpuTime     = 00:00:00.8
  End_Group
End_Object


Object = reduce
  IsisVersion       = "9.0.0  | 2026-01-05"
  ProgramVersion    = 2013-11-06
  ProgramPath       = /home/gengxun/miniconda3/envs/asp360_new/bin
  ExecutionDateTime = 2026-04-27T08:05:33
  HostName          = Unknown
  UserName          = gengxun
  Description       = "Reduce the pixel dimensions of an image"

  Group = UserParameters
    FROM         = /media/gengxun/Elements/data/lro/test_controlnet_python/pi-
                   pe_test/dom_M104318871RE.cub
    TO           = /media/gengxun/Elements/data/lro/test_controlnet_python/pi-
                   pe_test2/match_metadata/low_resolution/dom_M104311715RE__d-
                   om_M104318871RE/dom_M104318871RE__level3.cub
    ALGORITHM    = AVERAGE
    MODE         = scale
    SSCALE       = 8
    LSCALE       = 8
    VALIDPER     = 50
    VPER_REPLACE = NULL
  End_Group

  Group = Results
    InputLines      = 8400
    InputSamples    = 2362
    StartingLine    = 1
    StartingSample  = 1
    EndingLine      = 8400
    EndingSample    = 2362
    LineIncrement   = 8.0
    SampleIncrement = 8.0
    OutputLines     = 1050
    OutputSamples   = 295
  End_Group

  Group = Accounting
    ConnectTime = 00:00:00.8
    CpuTime     = 00:00:00.8
  End_Group
End_Object


Object = reduce
  IsisVersion       = "9.0.0  | 2026-01-05"
  ProgramVersion    = 2013-11-06
  ProgramPath       = /home/gengxun/miniconda3/envs/asp360_new/bin
  ExecutionDateTime = 2026-04-27T08:05:44
  HostName          = Unknown
  UserName          = gengxun
  Description       = "Reduce the pixel dimensions of an image"

  Group = UserParameters
    FROM         = /media/gengxun/Elements/data/lro/test_controlnet_python/pi-
                   pe_test/dom_M104318871LE.cub
    TO           = /media/gengxun/Elements/data/lro/test_controlnet_python/pi-
                   pe_test2/match_metadata/low_resolution/dom_M104318871LE__d-
                   om_M104318871RE/dom_M104318871LE__level3.cub
    ALGORITHM    = AVERAGE
    MODE         = scale
    SSCALE       = 8
    LSCALE       = 8
    VALIDPER     = 50
    VPER_REPLACE = NULL
  End_Group

  Group = Results
    InputLines      = 8376
    InputSamples    = 2370
    StartingLine    = 1
    StartingSample  = 1
    EndingLine      = 8376
    EndingSample    = 2370
    LineIncrement   = 8.0
    SampleIncrement = 8.0
    OutputLines     = 1047
    OutputSamples   = 296
  End_Group

  Group = Accounting
    ConnectTime = 00:00:00.8
    CpuTime     = 00:00:00.8
  End_Group
End_Object


Object = reduce
  IsisVersion       = "9.0.0  | 2026-01-05"
  ProgramVersion    = 2013-11-06
  ProgramPath       = /home/gengxun/miniconda3/envs/asp360_new/bin
  ExecutionDateTime = 2026-04-27T08:05:45
  HostName          = Unknown
  UserName          = gengxun
  Description       = "Reduce the pixel dimensions of an image"

  Group = UserParameters
    FROM         = /media/gengxun/Elements/data/lro/test_controlnet_python/pi-
                   pe_test/dom_M104318871RE.cub
    TO           = /media/gengxun/Elements/data/lro/test_controlnet_python/pi-
                   pe_test2/match_metadata/low_resolution/dom_M104318871LE__d-
                   om_M104318871RE/dom_M104318871RE__level3.cub
    ALGORITHM    = AVERAGE
    MODE         = scale
    SSCALE       = 8
    LSCALE       = 8
    VALIDPER     = 50
    VPER_REPLACE = NULL
  End_Group

  Group = Results
    InputLines      = 8400
    InputSamples    = 2362
    StartingLine    = 1
    StartingSample  = 1
    EndingLine      = 8400
    EndingSample    = 2362
    LineIncrement   = 8.0
    SampleIncrement = 8.0
    OutputLines     = 1050
    OutputSamples   = 295
  End_Group

  Group = Accounting
    ConnectTime = 00:00:00.8
    CpuTime     = 00:00:00.8
  End_Group
End_Object


Object = cnetmerge
  IsisVersion       = "9.0.0  | 2026-01-05"
  ProgramVersion    = 2012-04-17
  ProgramPath       = /home/gengxun/miniconda3/envs/asp360_new/bin
  ExecutionDateTime = 2026-04-27T08:06:22
  HostName          = Unknown
  UserName          = gengxun
  Description       = "Merges multiple Control Networks into one"

  Group = UserParameters
    INPUTTYPE          = list
    CLIST              = /media/gengxun/Elements/data/lro/test_controlnet_pyt-
                         hon/pipe_test2/merge/merge_all_controlnets.lis
    BASE               = /media/gengxun/Elements/data/lro/test_controlnet_pyt-
                         hon/pipe_test2/pair_nets/REDUCED_M104311715LE.echo.c-
                         al__REDUCED_M104311715RE.echo.cal.net
    ONET               = /media/gengxun/Elements/data/lro/test_controlnet_pyt-
                         hon/pipe_test2/merge/dom_matching_merged.net
    NETWORKID          = dom_matching_example
    DESCRIPTION        = "Merged DOM matching ControlNet"
    LOG                = /media/gengxun/Elements/data/lro/test_controlnet_pyt-
                         hon/pipe_test2/merge/cnetmerge.log
    DUPLICATEPOINTS    = merge
    OVERWRITEPOINTS    = False
    OVERWRITEMEASURES  = False
    OVERWRITEREFERENCE = False
    OVERWRITEMISSING   = False
  End_Group

  Group = Accounting
    ConnectTime = 00:00:07.9
    CpuTime     = 00:00:07.8
  End_Group
End_Object


Object = reduce
  IsisVersion       = "9.0.0  | 2026-01-05"
  ProgramVersion    = 2013-11-06
  ProgramPath       = /home/gengxun/miniconda3/envs/asp360_new/bin
  ExecutionDateTime = 2026-05-01T20:01:43
  HostName          = Unknown
  UserName          = gengxun
  Description       = "Reduce the pixel dimensions of an image"

  Group = UserParameters
    FROM         = /media/gengxun/Elements/data/lro/test_controlnet_python/pi-
                   pe_test/dom_M104311715LE.cub
    TO           = /media/gengxun/Elements/data/lro/test_controlnet_python/pi-
                   pe_test2/match_metadata/low_resolution/dom_M104311715LE__d-
                   om_M104311715RE/dom_M104311715LE__level3.cub
    ALGORITHM    = AVERAGE
    MODE         = scale
    SSCALE       = 8
    LSCALE       = 8
    VALIDPER     = 50
    VPER_REPLACE = NULL
  End_Group

  Group = Results
    InputLines      = 8367
    InputSamples    = 2549
    StartingLine    = 1
    StartingSample  = 1
    EndingLine      = 8367
    EndingSample    = 2549
    LineIncrement   = 8.0
    SampleIncrement = 8.0
    OutputLines     = 1046
    OutputSamples   = 319
  End_Group

  Group = Accounting
    ConnectTime = 00:00:00.9
    CpuTime     = 00:00:00.9
  End_Group
End_Object


Object = reduce
  IsisVersion       = "9.0.0  | 2026-01-05"
  ProgramVersion    = 2013-11-06
  ProgramPath       = /home/gengxun/miniconda3/envs/asp360_new/bin
  ExecutionDateTime = 2026-05-01T20:01:44
  HostName          = Unknown
  UserName          = gengxun
  Description       = "Reduce the pixel dimensions of an image"

  Group = UserParameters
    FROM         = /media/gengxun/Elements/data/lro/test_controlnet_python/pi-
                   pe_test/dom_M104311715RE.cub
    TO           = /media/gengxun/Elements/data/lro/test_controlnet_python/pi-
                   pe_test2/match_metadata/low_resolution/dom_M104311715LE__d-
                   om_M104311715RE/dom_M104311715RE__level3.cub
    ALGORITHM    = AVERAGE
    MODE         = scale
    SSCALE       = 8
    LSCALE       = 8
    VALIDPER     = 50
    VPER_REPLACE = NULL
  End_Group

  Group = Results
    InputLines      = 8390
    InputSamples    = 2501
    StartingLine    = 1
    StartingSample  = 1
    EndingLine      = 8390
    EndingSample    = 2501
    LineIncrement   = 8.0
    SampleIncrement = 8.0
    OutputLines     = 1049
    OutputSamples   = 313
  End_Group

  Group = Accounting
    ConnectTime = 00:00:00.9
    CpuTime     = 00:00:00.9
  End_Group
End_Object


Object = reduce
  IsisVersion       = "9.0.0  | 2026-01-05"
  ProgramVersion    = 2013-11-06
  ProgramPath       = /home/gengxun/miniconda3/envs/asp360_new/bin
  ExecutionDateTime = 2026-05-01T20:01:54
  HostName          = Unknown
  UserName          = gengxun
  Description       = "Reduce the pixel dimensions of an image"

  Group = UserParameters
    FROM         = /media/gengxun/Elements/data/lro/test_controlnet_python/pi-
                   pe_test/dom_M104311715LE.cub
    TO           = /media/gengxun/Elements/data/lro/test_controlnet_python/pi-
                   pe_test2/match_metadata/low_resolution/dom_M104311715LE__d-
                   om_M104318871LE/dom_M104311715LE__level3.cub
    ALGORITHM    = AVERAGE
    MODE         = scale
    SSCALE       = 8
    LSCALE       = 8
    VALIDPER     = 50
    VPER_REPLACE = NULL
  End_Group

  Group = Results
    InputLines      = 8367
    InputSamples    = 2549
    StartingLine    = 1
    StartingSample  = 1
    EndingLine      = 8367
    EndingSample    = 2549
    LineIncrement   = 8.0
    SampleIncrement = 8.0
    OutputLines     = 1046
    OutputSamples   = 319
  End_Group

  Group = Accounting
    ConnectTime = 00:00:00.9
    CpuTime     = 00:00:00.9
  End_Group
End_Object


Object = reduce
  IsisVersion       = "9.0.0  | 2026-01-05"
  ProgramVersion    = 2013-11-06
  ProgramPath       = /home/gengxun/miniconda3/envs/asp360_new/bin
  ExecutionDateTime = 2026-05-01T20:01:55
  HostName          = Unknown
  UserName          = gengxun
  Description       = "Reduce the pixel dimensions of an image"

  Group = UserParameters
    FROM         = /media/gengxun/Elements/data/lro/test_controlnet_python/pi-
                   pe_test/dom_M104318871LE.cub
    TO           = /media/gengxun/Elements/data/lro/test_controlnet_python/pi-
                   pe_test2/match_metadata/low_resolution/dom_M104311715LE__d-
                   om_M104318871LE/dom_M104318871LE__level3.cub
    ALGORITHM    = AVERAGE
    MODE         = scale
    SSCALE       = 8
    LSCALE       = 8
    VALIDPER     = 50
    VPER_REPLACE = NULL
  End_Group

  Group = Results
    InputLines      = 8376
    InputSamples    = 2370
    StartingLine    = 1
    StartingSample  = 1
    EndingLine      = 8376
    EndingSample    = 2370
    LineIncrement   = 8.0
    SampleIncrement = 8.0
    OutputLines     = 1047
    OutputSamples   = 296
  End_Group

  Group = Accounting
    ConnectTime = 00:00:00.9
    CpuTime     = 00:00:00.8
  End_Group
End_Object


Object = reduce
  IsisVersion       = "9.0.0  | 2026-01-05"
  ProgramVersion    = 2013-11-06
  ProgramPath       = /home/gengxun/miniconda3/envs/asp360_new/bin
  ExecutionDateTime = 2026-05-01T20:02:08
  HostName          = Unknown
  UserName          = gengxun
  Description       = "Reduce the pixel dimensions of an image"

  Group = UserParameters
    FROM         = /media/gengxun/Elements/data/lro/test_controlnet_python/pi-
                   pe_test/dom_M104311715LE.cub
    TO           = /media/gengxun/Elements/data/lro/test_controlnet_python/pi-
                   pe_test2/match_metadata/low_resolution/dom_M104311715LE__d-
                   om_M104318871RE/dom_M104311715LE__level3.cub
    ALGORITHM    = AVERAGE
    MODE         = scale
    SSCALE       = 8
    LSCALE       = 8
    VALIDPER     = 50
    VPER_REPLACE = NULL
  End_Group

  Group = Results
    InputLines      = 8367
    InputSamples    = 2549
    StartingLine    = 1
    StartingSample  = 1
    EndingLine      = 8367
    EndingSample    = 2549
    LineIncrement   = 8.0
    SampleIncrement = 8.0
    OutputLines     = 1046
    OutputSamples   = 319
  End_Group

  Group = Accounting
    ConnectTime = 00:00:01.1
    CpuTime     = 00:00:01.1
  End_Group
End_Object


Object = reduce
  IsisVersion       = "9.0.0  | 2026-01-05"
  ProgramVersion    = 2013-11-06
  ProgramPath       = /home/gengxun/miniconda3/envs/asp360_new/bin
  ExecutionDateTime = 2026-05-01T20:02:09
  HostName          = Unknown
  UserName          = gengxun
  Description       = "Reduce the pixel dimensions of an image"

  Group = UserParameters
    FROM         = /media/gengxun/Elements/data/lro/test_controlnet_python/pi-
                   pe_test/dom_M104318871RE.cub
    TO           = /media/gengxun/Elements/data/lro/test_controlnet_python/pi-
                   pe_test2/match_metadata/low_resolution/dom_M104311715LE__d-
                   om_M104318871RE/dom_M104318871RE__level3.cub
    ALGORITHM    = AVERAGE
    MODE         = scale
    SSCALE       = 8
    LSCALE       = 8
    VALIDPER     = 50
    VPER_REPLACE = NULL
  End_Group

  Group = Results
    InputLines      = 8400
    InputSamples    = 2362
    StartingLine    = 1
    StartingSample  = 1
    EndingLine      = 8400
    EndingSample    = 2362
    LineIncrement   = 8.0
    SampleIncrement = 8.0
    OutputLines     = 1050
    OutputSamples   = 295
  End_Group

  Group = Accounting
    ConnectTime = 00:00:00.8
    CpuTime     = 00:00:00.8
  End_Group
End_Object


Object = reduce
  IsisVersion       = "9.0.0  | 2026-01-05"
  ProgramVersion    = 2013-11-06
  ProgramPath       = /home/gengxun/miniconda3/envs/asp360_new/bin
  ExecutionDateTime = 2026-05-01T20:02:20
  HostName          = Unknown
  UserName          = gengxun
  Description       = "Reduce the pixel dimensions of an image"

  Group = UserParameters
    FROM         = /media/gengxun/Elements/data/lro/test_controlnet_python/pi-
                   pe_test/dom_M104311715RE.cub
    TO           = /media/gengxun/Elements/data/lro/test_controlnet_python/pi-
                   pe_test2/match_metadata/low_resolution/dom_M104311715RE__d-
                   om_M104318871LE/dom_M104311715RE__level3.cub
    ALGORITHM    = AVERAGE
    MODE         = scale
    SSCALE       = 8
    LSCALE       = 8
    VALIDPER     = 50
    VPER_REPLACE = NULL
  End_Group

  Group = Results
    InputLines      = 8390
    InputSamples    = 2501
    StartingLine    = 1
    StartingSample  = 1
    EndingLine      = 8390
    EndingSample    = 2501
    LineIncrement   = 8.0
    SampleIncrement = 8.0
    OutputLines     = 1049
    OutputSamples   = 313
  End_Group

  Group = Accounting
    ConnectTime = 00:00:00.9
    CpuTime     = 00:00:00.9
  End_Group
End_Object


Object = reduce
  IsisVersion       = "9.0.0  | 2026-01-05"
  ProgramVersion    = 2013-11-06
  ProgramPath       = /home/gengxun/miniconda3/envs/asp360_new/bin
  ExecutionDateTime = 2026-05-01T20:02:21
  HostName          = Unknown
  UserName          = gengxun
  Description       = "Reduce the pixel dimensions of an image"

  Group = UserParameters
    FROM         = /media/gengxun/Elements/data/lro/test_controlnet_python/pi-
                   pe_test/dom_M104318871LE.cub
    TO           = /media/gengxun/Elements/data/lro/test_controlnet_python/pi-
                   pe_test2/match_metadata/low_resolution/dom_M104311715RE__d-
                   om_M104318871LE/dom_M104318871LE__level3.cub
    ALGORITHM    = AVERAGE
    MODE         = scale
    SSCALE       = 8
    LSCALE       = 8
    VALIDPER     = 50
    VPER_REPLACE = NULL
  End_Group

  Group = Results
    InputLines      = 8376
    InputSamples    = 2370
    StartingLine    = 1
    StartingSample  = 1
    EndingLine      = 8376
    EndingSample    = 2370
    LineIncrement   = 8.0
    SampleIncrement = 8.0
    OutputLines     = 1047
    OutputSamples   = 296
  End_Group

  Group = Accounting
    ConnectTime = 00:00:00.8
    CpuTime     = 00:00:00.8
  End_Group
End_Object


Object = reduce
  IsisVersion       = "9.0.0  | 2026-01-05"
  ProgramVersion    = 2013-11-06
  ProgramPath       = /home/gengxun/miniconda3/envs/asp360_new/bin
  ExecutionDateTime = 2026-05-01T20:02:31
  HostName          = Unknown
  UserName          = gengxun
  Description       = "Reduce the pixel dimensions of an image"

  Group = UserParameters
    FROM         = /media/gengxun/Elements/data/lro/test_controlnet_python/pi-
                   pe_test/dom_M104311715RE.cub
    TO           = /media/gengxun/Elements/data/lro/test_controlnet_python/pi-
                   pe_test2/match_metadata/low_resolution/dom_M104311715RE__d-
                   om_M104318871RE/dom_M104311715RE__level3.cub
    ALGORITHM    = AVERAGE
    MODE         = scale
    SSCALE       = 8
    LSCALE       = 8
    VALIDPER     = 50
    VPER_REPLACE = NULL
  End_Group

  Group = Results
    InputLines      = 8390
    InputSamples    = 2501
    StartingLine    = 1
    StartingSample  = 1
    EndingLine      = 8390
    EndingSample    = 2501
    LineIncrement   = 8.0
    SampleIncrement = 8.0
    OutputLines     = 1049
    OutputSamples   = 313
  End_Group

  Group = Accounting
    ConnectTime = 00:00:00.9
    CpuTime     = 00:00:00.9
  End_Group
End_Object


Object = reduce
  IsisVersion       = "9.0.0  | 2026-01-05"
  ProgramVersion    = 2013-11-06
  ProgramPath       = /home/gengxun/miniconda3/envs/asp360_new/bin
  ExecutionDateTime = 2026-05-01T20:02:32
  HostName          = Unknown
  UserName          = gengxun
  Description       = "Reduce the pixel dimensions of an image"

  Group = UserParameters
    FROM         = /media/gengxun/Elements/data/lro/test_controlnet_python/pi-
                   pe_test/dom_M104318871RE.cub
    TO           = /media/gengxun/Elements/data/lro/test_controlnet_python/pi-
                   pe_test2/match_metadata/low_resolution/dom_M104311715RE__d-
                   om_M104318871RE/dom_M104318871RE__level3.cub
    ALGORITHM    = AVERAGE
    MODE         = scale
    SSCALE       = 8
    LSCALE       = 8
    VALIDPER     = 50
    VPER_REPLACE = NULL
  End_Group

  Group = Results
    InputLines      = 8400
    InputSamples    = 2362
    StartingLine    = 1
    StartingSample  = 1
    EndingLine      = 8400
    EndingSample    = 2362
    LineIncrement   = 8.0
    SampleIncrement = 8.0
    OutputLines     = 1050
    OutputSamples   = 295
  End_Group

  Group = Accounting
    ConnectTime = 00:00:00.8
    CpuTime     = 00:00:00.8
  End_Group
End_Object


Object = reduce
  IsisVersion       = "9.0.0  | 2026-01-05"
  ProgramVersion    = 2013-11-06
  ProgramPath       = /home/gengxun/miniconda3/envs/asp360_new/bin
  ExecutionDateTime = 2026-05-01T20:02:46
  HostName          = Unknown
  UserName          = gengxun
  Description       = "Reduce the pixel dimensions of an image"

  Group = UserParameters
    FROM         = /media/gengxun/Elements/data/lro/test_controlnet_python/pi-
                   pe_test/dom_M104318871LE.cub
    TO           = /media/gengxun/Elements/data/lro/test_controlnet_python/pi-
                   pe_test2/match_metadata/low_resolution/dom_M104318871LE__d-
                   om_M104318871RE/dom_M104318871LE__level3.cub
    ALGORITHM    = AVERAGE
    MODE         = scale
    SSCALE       = 8
    LSCALE       = 8
    VALIDPER     = 50
    VPER_REPLACE = NULL
  End_Group

  Group = Results
    InputLines      = 8376
    InputSamples    = 2370
    StartingLine    = 1
    StartingSample  = 1
    EndingLine      = 8376
    EndingSample    = 2370
    LineIncrement   = 8.0
    SampleIncrement = 8.0
    OutputLines     = 1047
    OutputSamples   = 296
  End_Group

  Group = Accounting
    ConnectTime = 00:00:00.8
    CpuTime     = 00:00:00.8
  End_Group
End_Object


Object = reduce
  IsisVersion       = "9.0.0  | 2026-01-05"
  ProgramVersion    = 2013-11-06
  ProgramPath       = /home/gengxun/miniconda3/envs/asp360_new/bin
  ExecutionDateTime = 2026-05-01T20:02:47
  HostName          = Unknown
  UserName          = gengxun
  Description       = "Reduce the pixel dimensions of an image"

  Group = UserParameters
    FROM         = /media/gengxun/Elements/data/lro/test_controlnet_python/pi-
                   pe_test/dom_M104318871RE.cub
    TO           = /media/gengxun/Elements/data/lro/test_controlnet_python/pi-
                   pe_test2/match_metadata/low_resolution/dom_M104318871LE__d-
                   om_M104318871RE/dom_M104318871RE__level3.cub
    ALGORITHM    = AVERAGE
    MODE         = scale
    SSCALE       = 8
    LSCALE       = 8
    VALIDPER     = 50
    VPER_REPLACE = NULL
  End_Group

  Group = Results
    InputLines      = 8400
    InputSamples    = 2362
    StartingLine    = 1
    StartingSample  = 1
    EndingLine      = 8400
    EndingSample    = 2362
    LineIncrement   = 8.0
    SampleIncrement = 8.0
    OutputLines     = 1050
    OutputSamples   = 295
  End_Group

  Group = Accounting
    ConnectTime = 00:00:00.9
    CpuTime     = 00:00:00.9
  End_Group
End_Object


Object = reduce
  IsisVersion       = "9.0.0  | 2026-01-05"
  ProgramVersion    = 2013-11-06
  ProgramPath       = /home/gengxun/miniconda3/envs/asp360_new/bin
  ExecutionDateTime = 2026-05-01T22:40:10
  HostName          = Unknown
  UserName          = gengxun
  Description       = "Reduce the pixel dimensions of an image"

  Group = UserParameters
    FROM         = /media/gengxun/Elements/data/lro/test_controlnet_python/pi-
                   pe_test/dom_M104311715LE.cub
    TO           = /media/gengxun/Elements/data/lro/test_controlnet_python/pi-
                   pe_test2/match_metadata/low_resolution/dom_M104311715LE__d-
                   om_M104311715RE/dom_M104311715LE__level3.cub
    ALGORITHM    = AVERAGE
    MODE         = scale
    SSCALE       = 8
    LSCALE       = 8
    VALIDPER     = 50
    VPER_REPLACE = NULL
  End_Group

  Group = Results
    InputLines      = 8367
    InputSamples    = 2549
    StartingLine    = 1
    StartingSample  = 1
    EndingLine      = 8367
    EndingSample    = 2549
    LineIncrement   = 8.0
    SampleIncrement = 8.0
    OutputLines     = 1046
    OutputSamples   = 319
  End_Group

  Group = Accounting
    ConnectTime = 00:00:00.8
    CpuTime     = 00:00:00.8
  End_Group
End_Object


Object = reduce
  IsisVersion       = "9.0.0  | 2026-01-05"
  ProgramVersion    = 2013-11-06
  ProgramPath       = /home/gengxun/miniconda3/envs/asp360_new/bin
  ExecutionDateTime = 2026-05-01T22:40:11
  HostName          = Unknown
  UserName          = gengxun
  Description       = "Reduce the pixel dimensions of an image"

  Group = UserParameters
    FROM         = /media/gengxun/Elements/data/lro/test_controlnet_python/pi-
                   pe_test/dom_M104311715RE.cub
    TO           = /media/gengxun/Elements/data/lro/test_controlnet_python/pi-
                   pe_test2/match_metadata/low_resolution/dom_M104311715LE__d-
                   om_M104311715RE/dom_M104311715RE__level3.cub
    ALGORITHM    = AVERAGE
    MODE         = scale
    SSCALE       = 8
    LSCALE       = 8
    VALIDPER     = 50
    VPER_REPLACE = NULL
  End_Group

  Group = Results
    InputLines      = 8390
    InputSamples    = 2501
    StartingLine    = 1
    StartingSample  = 1
    EndingLine      = 8390
    EndingSample    = 2501
    LineIncrement   = 8.0
    SampleIncrement = 8.0
    OutputLines     = 1049
    OutputSamples   = 313
  End_Group

  Group = Accounting
    ConnectTime = 00:00:00.9
    CpuTime     = 00:00:00.9
  End_Group
End_Object


Object = reduce
  IsisVersion       = "9.0.0  | 2026-01-05"
  ProgramVersion    = 2013-11-06
  ProgramPath       = /home/gengxun/miniconda3/envs/asp360_new/bin
  ExecutionDateTime = 2026-05-01T22:40:22
  HostName          = Unknown
  UserName          = gengxun
  Description       = "Reduce the pixel dimensions of an image"

  Group = UserParameters
    FROM         = /media/gengxun/Elements/data/lro/test_controlnet_python/pi-
                   pe_test/dom_M104311715LE.cub
    TO           = /media/gengxun/Elements/data/lro/test_controlnet_python/pi-
                   pe_test2/match_metadata/low_resolution/dom_M104311715LE__d-
                   om_M104318871LE/dom_M104311715LE__level3.cub
    ALGORITHM    = AVERAGE
    MODE         = scale
    SSCALE       = 8
    LSCALE       = 8
    VALIDPER     = 50
    VPER_REPLACE = NULL
  End_Group

  Group = Results
    InputLines      = 8367
    InputSamples    = 2549
    StartingLine    = 1
    StartingSample  = 1
    EndingLine      = 8367
    EndingSample    = 2549
    LineIncrement   = 8.0
    SampleIncrement = 8.0
    OutputLines     = 1046
    OutputSamples   = 319
  End_Group

  Group = Accounting
    ConnectTime = 00:00:00.8
    CpuTime     = 00:00:00.8
  End_Group
End_Object


Object = reduce
  IsisVersion       = "9.0.0  | 2026-01-05"
  ProgramVersion    = 2013-11-06
  ProgramPath       = /home/gengxun/miniconda3/envs/asp360_new/bin
  ExecutionDateTime = 2026-05-01T22:40:23
  HostName          = Unknown
  UserName          = gengxun
  Description       = "Reduce the pixel dimensions of an image"

  Group = UserParameters
    FROM         = /media/gengxun/Elements/data/lro/test_controlnet_python/pi-
                   pe_test/dom_M104318871LE.cub
    TO           = /media/gengxun/Elements/data/lro/test_controlnet_python/pi-
                   pe_test2/match_metadata/low_resolution/dom_M104311715LE__d-
                   om_M104318871LE/dom_M104318871LE__level3.cub
    ALGORITHM    = AVERAGE
    MODE         = scale
    SSCALE       = 8
    LSCALE       = 8
    VALIDPER     = 50
    VPER_REPLACE = NULL
  End_Group

  Group = Results
    InputLines      = 8376
    InputSamples    = 2370
    StartingLine    = 1
    StartingSample  = 1
    EndingLine      = 8376
    EndingSample    = 2370
    LineIncrement   = 8.0
    SampleIncrement = 8.0
    OutputLines     = 1047
    OutputSamples   = 296
  End_Group

  Group = Accounting
    ConnectTime = 00:00:00.8
    CpuTime     = 00:00:00.8
  End_Group
End_Object


Object = reduce
  IsisVersion       = "9.0.0  | 2026-01-05"
  ProgramVersion    = 2013-11-06
  ProgramPath       = /home/gengxun/miniconda3/envs/asp360_new/bin
  ExecutionDateTime = 2026-05-01T22:40:35
  HostName          = Unknown
  UserName          = gengxun
  Description       = "Reduce the pixel dimensions of an image"

  Group = UserParameters
    FROM         = /media/gengxun/Elements/data/lro/test_controlnet_python/pi-
                   pe_test/dom_M104311715LE.cub
    TO           = /media/gengxun/Elements/data/lro/test_controlnet_python/pi-
                   pe_test2/match_metadata/low_resolution/dom_M104311715LE__d-
                   om_M104318871RE/dom_M104311715LE__level3.cub
    ALGORITHM    = AVERAGE
    MODE         = scale
    SSCALE       = 8
    LSCALE       = 8
    VALIDPER     = 50
    VPER_REPLACE = NULL
  End_Group

  Group = Results
    InputLines      = 8367
    InputSamples    = 2549
    StartingLine    = 1
    StartingSample  = 1
    EndingLine      = 8367
    EndingSample    = 2549
    LineIncrement   = 8.0
    SampleIncrement = 8.0
    OutputLines     = 1046
    OutputSamples   = 319
  End_Group

  Group = Accounting
    ConnectTime = 00:00:01.0
    CpuTime     = 00:00:01.0
  End_Group
End_Object


Object = reduce
  IsisVersion       = "9.0.0  | 2026-01-05"
  ProgramVersion    = 2013-11-06
  ProgramPath       = /home/gengxun/miniconda3/envs/asp360_new/bin
  ExecutionDateTime = 2026-05-01T22:40:37
  HostName          = Unknown
  UserName          = gengxun
  Description       = "Reduce the pixel dimensions of an image"

  Group = UserParameters
    FROM         = /media/gengxun/Elements/data/lro/test_controlnet_python/pi-
                   pe_test/dom_M104318871RE.cub
    TO           = /media/gengxun/Elements/data/lro/test_controlnet_python/pi-
                   pe_test2/match_metadata/low_resolution/dom_M104311715LE__d-
                   om_M104318871RE/dom_M104318871RE__level3.cub
    ALGORITHM    = AVERAGE
    MODE         = scale
    SSCALE       = 8
    LSCALE       = 8
    VALIDPER     = 50
    VPER_REPLACE = NULL
  End_Group

  Group = Results
    InputLines      = 8400
    InputSamples    = 2362
    StartingLine    = 1
    StartingSample  = 1
    EndingLine      = 8400
    EndingSample    = 2362
    LineIncrement   = 8.0
    SampleIncrement = 8.0
    OutputLines     = 1050
    OutputSamples   = 295
  End_Group

  Group = Accounting
    ConnectTime = 00:00:00.8
    CpuTime     = 00:00:00.8
  End_Group
End_Object


Object = reduce
  IsisVersion       = "9.0.0  | 2026-01-05"
  ProgramVersion    = 2013-11-06
  ProgramPath       = /home/gengxun/miniconda3/envs/asp360_new/bin
  ExecutionDateTime = 2026-05-01T22:40:47
  HostName          = Unknown
  UserName          = gengxun
  Description       = "Reduce the pixel dimensions of an image"

  Group = UserParameters
    FROM         = /media/gengxun/Elements/data/lro/test_controlnet_python/pi-
                   pe_test/dom_M104311715RE.cub
    TO           = /media/gengxun/Elements/data/lro/test_controlnet_python/pi-
                   pe_test2/match_metadata/low_resolution/dom_M104311715RE__d-
                   om_M104318871LE/dom_M104311715RE__level3.cub
    ALGORITHM    = AVERAGE
    MODE         = scale
    SSCALE       = 8
    LSCALE       = 8
    VALIDPER     = 50
    VPER_REPLACE = NULL
  End_Group

  Group = Results
    InputLines      = 8390
    InputSamples    = 2501
    StartingLine    = 1
    StartingSample  = 1
    EndingLine      = 8390
    EndingSample    = 2501
    LineIncrement   = 8.0
    SampleIncrement = 8.0
    OutputLines     = 1049
    OutputSamples   = 313
  End_Group

  Group = Accounting
    ConnectTime = 00:00:00.8
    CpuTime     = 00:00:00.8
  End_Group
End_Object


Object = reduce
  IsisVersion       = "9.0.0  | 2026-01-05"
  ProgramVersion    = 2013-11-06
  ProgramPath       = /home/gengxun/miniconda3/envs/asp360_new/bin
  ExecutionDateTime = 2026-05-01T22:40:48
  HostName          = Unknown
  UserName          = gengxun
  Description       = "Reduce the pixel dimensions of an image"

  Group = UserParameters
    FROM         = /media/gengxun/Elements/data/lro/test_controlnet_python/pi-
                   pe_test/dom_M104318871LE.cub
    TO           = /media/gengxun/Elements/data/lro/test_controlnet_python/pi-
                   pe_test2/match_metadata/low_resolution/dom_M104311715RE__d-
                   om_M104318871LE/dom_M104318871LE__level3.cub
    ALGORITHM    = AVERAGE
    MODE         = scale
    SSCALE       = 8
    LSCALE       = 8
    VALIDPER     = 50
    VPER_REPLACE = NULL
  End_Group

  Group = Results
    InputLines      = 8376
    InputSamples    = 2370
    StartingLine    = 1
    StartingSample  = 1
    EndingLine      = 8376
    EndingSample    = 2370
    LineIncrement   = 8.0
    SampleIncrement = 8.0
    OutputLines     = 1047
    OutputSamples   = 296
  End_Group

  Group = Accounting
    ConnectTime = 00:00:00.8
    CpuTime     = 00:00:00.8
  End_Group
End_Object


Object = reduce
  IsisVersion       = "9.0.0  | 2026-01-05"
  ProgramVersion    = 2013-11-06
  ProgramPath       = /home/gengxun/miniconda3/envs/asp360_new/bin
  ExecutionDateTime = 2026-05-01T22:40:57
  HostName          = Unknown
  UserName          = gengxun
  Description       = "Reduce the pixel dimensions of an image"

  Group = UserParameters
    FROM         = /media/gengxun/Elements/data/lro/test_controlnet_python/pi-
                   pe_test/dom_M104311715RE.cub
    TO           = /media/gengxun/Elements/data/lro/test_controlnet_python/pi-
                   pe_test2/match_metadata/low_resolution/dom_M104311715RE__d-
                   om_M104318871RE/dom_M104311715RE__level3.cub
    ALGORITHM    = AVERAGE
    MODE         = scale
    SSCALE       = 8
    LSCALE       = 8
    VALIDPER     = 50
    VPER_REPLACE = NULL
  End_Group

  Group = Results
    InputLines      = 8390
    InputSamples    = 2501
    StartingLine    = 1
    StartingSample  = 1
    EndingLine      = 8390
    EndingSample    = 2501
    LineIncrement   = 8.0
    SampleIncrement = 8.0
    OutputLines     = 1049
    OutputSamples   = 313
  End_Group

  Group = Accounting
    ConnectTime = 00:00:00.8
    CpuTime     = 00:00:00.8
  End_Group
End_Object


Object = reduce
  IsisVersion       = "9.0.0  | 2026-01-05"
  ProgramVersion    = 2013-11-06
  ProgramPath       = /home/gengxun/miniconda3/envs/asp360_new/bin
  ExecutionDateTime = 2026-05-01T22:40:58
  HostName          = Unknown
  UserName          = gengxun
  Description       = "Reduce the pixel dimensions of an image"

  Group = UserParameters
    FROM         = /media/gengxun/Elements/data/lro/test_controlnet_python/pi-
                   pe_test/dom_M104318871RE.cub
    TO           = /media/gengxun/Elements/data/lro/test_controlnet_python/pi-
                   pe_test2/match_metadata/low_resolution/dom_M104311715RE__d-
                   om_M104318871RE/dom_M104318871RE__level3.cub
    ALGORITHM    = AVERAGE
    MODE         = scale
    SSCALE       = 8
    LSCALE       = 8
    VALIDPER     = 50
    VPER_REPLACE = NULL
  End_Group

  Group = Results
    InputLines      = 8400
    InputSamples    = 2362
    StartingLine    = 1
    StartingSample  = 1
    EndingLine      = 8400
    EndingSample    = 2362
    LineIncrement   = 8.0
    SampleIncrement = 8.0
    OutputLines     = 1050
    OutputSamples   = 295
  End_Group

  Group = Accounting
    ConnectTime = 00:00:00.9
    CpuTime     = 00:00:00.9
  End_Group
End_Object


Object = reduce
  IsisVersion       = "9.0.0  | 2026-01-05"
  ProgramVersion    = 2013-11-06
  ProgramPath       = /home/gengxun/miniconda3/envs/asp360_new/bin
  ExecutionDateTime = 2026-05-01T22:41:10
  HostName          = Unknown
  UserName          = gengxun
  Description       = "Reduce the pixel dimensions of an image"

  Group = UserParameters
    FROM         = /media/gengxun/Elements/data/lro/test_controlnet_python/pi-
                   pe_test/dom_M104318871LE.cub
    TO           = /media/gengxun/Elements/data/lro/test_controlnet_python/pi-
                   pe_test2/match_metadata/low_resolution/dom_M104318871LE__d-
                   om_M104318871RE/dom_M104318871LE__level3.cub
    ALGORITHM    = AVERAGE
    MODE         = scale
    SSCALE       = 8
    LSCALE       = 8
    VALIDPER     = 50
    VPER_REPLACE = NULL
  End_Group

  Group = Results
    InputLines      = 8376
    InputSamples    = 2370
    StartingLine    = 1
    StartingSample  = 1
    EndingLine      = 8376
    EndingSample    = 2370
    LineIncrement   = 8.0
    SampleIncrement = 8.0
    OutputLines     = 1047
    OutputSamples   = 296
  End_Group

  Group = Accounting
    ConnectTime = 00:00:00.8
    CpuTime     = 00:00:00.8
  End_Group
End_Object


Object = reduce
  IsisVersion       = "9.0.0  | 2026-01-05"
  ProgramVersion    = 2013-11-06
  ProgramPath       = /home/gengxun/miniconda3/envs/asp360_new/bin
  ExecutionDateTime = 2026-05-01T22:41:11
  HostName          = Unknown
  UserName          = gengxun
  Description       = "Reduce the pixel dimensions of an image"

  Group = UserParameters
    FROM         = /media/gengxun/Elements/data/lro/test_controlnet_python/pi-
                   pe_test/dom_M104318871RE.cub
    TO           = /media/gengxun/Elements/data/lro/test_controlnet_python/pi-
                   pe_test2/match_metadata/low_resolution/dom_M104318871LE__d-
                   om_M104318871RE/dom_M104318871RE__level3.cub
    ALGORITHM    = AVERAGE
    MODE         = scale
    SSCALE       = 8
    LSCALE       = 8
    VALIDPER     = 50
    VPER_REPLACE = NULL
  End_Group

  Group = Results
    InputLines      = 8400
    InputSamples    = 2362
    StartingLine    = 1
    StartingSample  = 1
    EndingLine      = 8400
    EndingSample    = 2362
    LineIncrement   = 8.0
    SampleIncrement = 8.0
    OutputLines     = 1050
    OutputSamples   = 295
  End_Group

  Group = Accounting
    ConnectTime = 00:00:00.8
    CpuTime     = 00:00:00.8
  End_Group
End_Object


Object = reduce
  IsisVersion       = "9.0.0  | 2026-01-05"
  ProgramVersion    = 2013-11-06
  ProgramPath       = /home/gengxun/miniconda3/envs/asp360_new/bin
  ExecutionDateTime = 2026-05-01T22:44:51
  HostName          = Unknown
  UserName          = gengxun
  Description       = "Reduce the pixel dimensions of an image"

  Group = UserParameters
    FROM         = /media/gengxun/Elements/data/lro/test_controlnet_python/MU-
                   LTIPLE_IMGS/dom_M104311715LE.cub
    TO           = /media/gengxun/Elements/data/lro/test_controlnet_python/MU-
                   LTIPLE_IMGS/match_metadata/low_resolution/dom_M104311715LE-
                   __dom_M104311715RE/dom_M104311715LE__level5.cub
    ALGORITHM    = AVERAGE
    MODE         = scale
    SSCALE       = 32
    LSCALE       = 32
    VALIDPER     = 50
    VPER_REPLACE = NULL
  End_Group

  Group = Results
    InputLines      = 83668
    InputSamples    = 25488
    StartingLine    = 1
    StartingSample  = 1
    EndingLine      = 83668
    EndingSample    = 25488
    LineIncrement   = 32.0
    SampleIncrement = 32.0
    OutputLines     = 2615
    OutputSamples   = 797
  End_Group

  Group = Accounting
    ConnectTime = 00:01:22.1
    CpuTime     = 00:01:10.0
  End_Group
End_Object


Object = reduce
  IsisVersion       = "9.0.0  | 2026-01-05"
  ProgramVersion    = 2013-11-06
  ProgramPath       = /home/gengxun/miniconda3/envs/asp360_new/bin
  ExecutionDateTime = 2026-05-01T22:46:13
  HostName          = Unknown
  UserName          = gengxun
  Description       = "Reduce the pixel dimensions of an image"

  Group = UserParameters
    FROM         = /media/gengxun/Elements/data/lro/test_controlnet_python/MU-
                   LTIPLE_IMGS/dom_M104311715RE.cub
    TO           = /media/gengxun/Elements/data/lro/test_controlnet_python/MU-
                   LTIPLE_IMGS/match_metadata/low_resolution/dom_M104311715LE-
                   __dom_M104311715RE/dom_M104311715RE__level5.cub
    ALGORITHM    = AVERAGE
    MODE         = scale
    SSCALE       = 32
    LSCALE       = 32
    VALIDPER     = 50
    VPER_REPLACE = NULL
  End_Group

  Group = Results
    InputLines      = 83895
    InputSamples    = 25008
    StartingLine    = 1
    StartingSample  = 1
    EndingLine      = 83895
    EndingSample    = 25008
    LineIncrement   = 32.0
    SampleIncrement = 32.0
    OutputLines     = 2622
    OutputSamples   = 782
  End_Group

  Group = Accounting
    ConnectTime = 00:01:28.2
    CpuTime     = 00:01:15.1
  End_Group
End_Object


Object = reduce
  IsisVersion       = "9.0.0  | 2026-01-05"
  ProgramVersion    = 2013-11-06
  ProgramPath       = /home/gengxun/miniconda3/envs/asp360_new/bin
  ExecutionDateTime = 2026-05-01T22:53:25
  HostName          = Unknown
  UserName          = gengxun
  Description       = "Reduce the pixel dimensions of an image"

  Group = UserParameters
    FROM         = /media/gengxun/Elements/data/lro/test_controlnet_python/MU-
                   LTIPLE_IMGS/dom_M104311715LE.cub
    TO           = /media/gengxun/Elements/data/lro/test_controlnet_python/MU-
                   LTIPLE_IMGS/match_metadata/low_resolution/dom_M104311715LE-
                   __dom_M104311715RE/dom_M104311715LE__level5.cub
    ALGORITHM    = AVERAGE
    MODE         = scale
    SSCALE       = 32
    LSCALE       = 32
    VALIDPER     = 50
    VPER_REPLACE = NULL
  End_Group

  Group = Results
    InputLines      = 83668
    InputSamples    = 25488
    StartingLine    = 1
    StartingSample  = 1
    EndingLine      = 83668
    EndingSample    = 25488
    LineIncrement   = 32.0
    SampleIncrement = 32.0
    OutputLines     = 2615
    OutputSamples   = 797
  End_Group

  Group = Accounting
    ConnectTime = 00:01:28.4
    CpuTime     = 00:01:15.5
  End_Group
End_Object


Object = reduce
  IsisVersion       = "9.0.0  | 2026-01-05"
  ProgramVersion    = 2013-11-06
  ProgramPath       = /home/gengxun/miniconda3/envs/asp360_new/bin
  ExecutionDateTime = 2026-05-01T22:54:54
  HostName          = Unknown
  UserName          = gengxun
  Description       = "Reduce the pixel dimensions of an image"

  Group = UserParameters
    FROM         = /media/gengxun/Elements/data/lro/test_controlnet_python/MU-
                   LTIPLE_IMGS/dom_M104311715RE.cub
    TO           = /media/gengxun/Elements/data/lro/test_controlnet_python/MU-
                   LTIPLE_IMGS/match_metadata/low_resolution/dom_M104311715LE-
                   __dom_M104311715RE/dom_M104311715RE__level5.cub
    ALGORITHM    = AVERAGE
    MODE         = scale
    SSCALE       = 32
    LSCALE       = 32
    VALIDPER     = 50
    VPER_REPLACE = NULL
  End_Group

  Group = Results
    InputLines      = 83895
    InputSamples    = 25008
    StartingLine    = 1
    StartingSample  = 1
    EndingLine      = 83895
    EndingSample    = 25008
    LineIncrement   = 32.0
    SampleIncrement = 32.0
    OutputLines     = 2622
    OutputSamples   = 782
  End_Group

  Group = Accounting
    ConnectTime = 00:01:29.4
    CpuTime     = 00:01:16.2
  End_Group
End_Object


Object = reduce
  IsisVersion       = "9.0.0  | 2026-01-05"
  ProgramVersion    = 2013-11-06
  ProgramPath       = /home/gengxun/miniconda3/envs/asp360_new/bin
  ExecutionDateTime = 2026-05-02T11:52:33
  HostName          = Unknown
  UserName          = gengxun
  Description       = "Reduce the pixel dimensions of an image"

  Group = UserParameters
    FROM         = /media/gengxun/Elements/data/lro/test_controlnet_python/MU-
                   LTIPLE_IMGS/dom_M104311715LE.cub
    TO           = /media/gengxun/Elements/data/lro/test_controlnet_python/MU-
                   LTIPLE_IMGS/low_resolution_doms/level5/0001_dom_M104311715-
                   LE__level5.cub
    ALGORITHM    = AVERAGE
    MODE         = scale
    SSCALE       = 32
    LSCALE       = 32
    VALIDPER     = 50
    VPER_REPLACE = NULL
  End_Group

  Group = Results
    InputLines      = 83668
    InputSamples    = 25488
    StartingLine    = 1
    StartingSample  = 1
    EndingLine      = 83668
    EndingSample    = 25488
    LineIncrement   = 32.0
    SampleIncrement = 32.0
    OutputLines     = 2615
    OutputSamples   = 797
  End_Group

  Group = Accounting
    ConnectTime = 00:01:22.6
    CpuTime     = 00:01:10.0
  End_Group
End_Object


Object = reduce
  IsisVersion       = "9.0.0  | 2026-01-05"
  ProgramVersion    = 2013-11-06
  ProgramPath       = /home/gengxun/miniconda3/envs/asp360_new/bin
  ExecutionDateTime = 2026-05-02T11:53:56
  HostName          = Unknown
  UserName          = gengxun
  Description       = "Reduce the pixel dimensions of an image"

  Group = UserParameters
    FROM         = /media/gengxun/Elements/data/lro/test_controlnet_python/MU-
                   LTIPLE_IMGS/dom_M104311715RE.cub
    TO           = /media/gengxun/Elements/data/lro/test_controlnet_python/MU-
                   LTIPLE_IMGS/low_resolution_doms/level5/0002_dom_M104311715-
                   RE__level5.cub
    ALGORITHM    = AVERAGE
    MODE         = scale
    SSCALE       = 32
    LSCALE       = 32
    VALIDPER     = 50
    VPER_REPLACE = NULL
  End_Group

  Group = Results
    InputLines      = 83895
    InputSamples    = 25008
    StartingLine    = 1
    StartingSample  = 1
    EndingLine      = 83895
    EndingSample    = 25008
    LineIncrement   = 32.0
    SampleIncrement = 32.0
    OutputLines     = 2622
    OutputSamples   = 782
  End_Group

  Group = Accounting
    ConnectTime = 00:01:24.5
    CpuTime     = 00:01:11.6
  End_Group
End_Object


Object = reduce
  IsisVersion       = "9.0.0  | 2026-01-05"
  ProgramVersion    = 2013-11-06
  ProgramPath       = /home/gengxun/miniconda3/envs/asp360_new/bin
  ExecutionDateTime = 2026-05-02T11:55:20
  HostName          = Unknown
  UserName          = gengxun
  Description       = "Reduce the pixel dimensions of an image"

  Group = UserParameters
    FROM         = /media/gengxun/Elements/data/lro/test_controlnet_python/MU-
                   LTIPLE_IMGS/dom_M104318871LE.cub
    TO           = /media/gengxun/Elements/data/lro/test_controlnet_python/MU-
                   LTIPLE_IMGS/low_resolution_doms/level5/0003_dom_M104318871-
                   LE__level5.cub
    ALGORITHM    = AVERAGE
    MODE         = scale
    SSCALE       = 32
    LSCALE       = 32
    VALIDPER     = 50
    VPER_REPLACE = NULL
  End_Group

  Group = Results
    InputLines      = 83749
    InputSamples    = 23700
    StartingLine    = 1
    StartingSample  = 1
    EndingLine      = 83749
    EndingSample    = 23700
    LineIncrement   = 32.0
    SampleIncrement = 32.0
    OutputLines     = 2617
    OutputSamples   = 741
  End_Group

  Group = Accounting
    ConnectTime = 00:01:15.2
    CpuTime     = 00:01:03.7
  End_Group
End_Object


Object = reduce
  IsisVersion       = "9.0.0  | 2026-01-05"
  ProgramVersion    = 2013-11-06
  ProgramPath       = /home/gengxun/miniconda3/envs/asp360_new/bin
  ExecutionDateTime = 2026-05-02T11:56:36
  HostName          = Unknown
  UserName          = gengxun
  Description       = "Reduce the pixel dimensions of an image"

  Group = UserParameters
    FROM         = /media/gengxun/Elements/data/lro/test_controlnet_python/MU-
                   LTIPLE_IMGS/dom_M104318871RE.cub
    TO           = /media/gengxun/Elements/data/lro/test_controlnet_python/MU-
                   LTIPLE_IMGS/low_resolution_doms/level5/0004_dom_M104318871-
                   RE__level5.cub
    ALGORITHM    = AVERAGE
    MODE         = scale
    SSCALE       = 32
    LSCALE       = 32
    VALIDPER     = 50
    VPER_REPLACE = NULL
  End_Group

  Group = Results
    InputLines      = 83995
    InputSamples    = 23620
    StartingLine    = 1
    StartingSample  = 1
    EndingLine      = 83995
    EndingSample    = 23620
    LineIncrement   = 32.0
    SampleIncrement = 32.0
    OutputLines     = 2625
    OutputSamples   = 738
  End_Group

  Group = Accounting
    ConnectTime = 00:01:16.9
    CpuTime     = 00:01:05.0
  End_Group
End_Object


Object = reduce
  IsisVersion       = "9.0.0  | 2026-01-05"
  ProgramVersion    = 2013-11-06
  ProgramPath       = /home/gengxun/miniconda3/envs/asp360_new/bin
  ExecutionDateTime = 2026-05-13T22:33:58
  HostName          = Unknown
  UserName          = gengxun
  Description       = "Reduce the pixel dimensions of an image"

  Group = UserParameters
    FROM         = left.cub
    TO           = /tmp/tmpalj16q8g/preview_cache/level2/left__b12f73879dca58-
                   d1ebf83e1013f772da72f9ec963edeb655b7cbe6765edfd5dc.cub
    ALGORITHM    = AVERAGE
    MODE         = scale
    SSCALE       = 4
    LSCALE       = 4
    VALIDPER     = 50
    VPER_REPLACE = NULL
  End_Group

  Group = Error
    Program = reduce
    Class   = "I/O ERROR"
    Code    = 4
    Message = "Unable to open [left.cub]"
    File    = Cube.cpp
    Line    = 2443
    Program = reduce
  End_Group
End_Object


Object = reduce
  IsisVersion       = "9.0.0  | 2026-01-05"
  ProgramVersion    = 2013-11-06
  ProgramPath       = /home/gengxun/miniconda3/envs/asp360_new/bin
  ExecutionDateTime = 2026-05-13T22:33:59
  HostName          = Unknown
  UserName          = gengxun
  Description       = "Reduce the pixel dimensions of an image"

  Group = UserParameters
    FROM         = left.cub
    TO           = /tmp/tmpsm7xevtr/preview_cache/level2/left__b12f73879dca58-
                   d1ebf83e1013f772da72f9ec963edeb655b7cbe6765edfd5dc.cub
    ALGORITHM    = AVERAGE
    MODE         = scale
    SSCALE       = 4
    LSCALE       = 4
    VALIDPER     = 50
    VPER_REPLACE = NULL
  End_Group

  Group = Error
    Program = reduce
    Class   = "I/O ERROR"
    Code    = 4
    Message = "Unable to open [left.cub]"
    File    = Cube.cpp
    Line    = 2443
    Program = reduce
  End_Group
End_Object


Object = reduce
  IsisVersion       = "9.0.0  | 2026-01-05"
  ProgramVersion    = 2013-11-06
  ProgramPath       = /home/gengxun/miniconda3/envs/asp360_new/bin
  ExecutionDateTime = 2026-05-13T22:33:59
  HostName          = Unknown
  UserName          = gengxun
  Description       = "Reduce the pixel dimensions of an image"

  Group = UserParameters
    FROM         = left.cub
    TO           = /tmp/tmpmik931v6/preview_cache/level2/left__b12f73879dca58-
                   d1ebf83e1013f772da72f9ec963edeb655b7cbe6765edfd5dc.cub
    ALGORITHM    = AVERAGE
    MODE         = scale
    SSCALE       = 4
    LSCALE       = 4
    VALIDPER     = 50
    VPER_REPLACE = NULL
  End_Group

  Group = Error
    Program = reduce
    Class   = "I/O ERROR"
    Code    = 4
    Message = "Unable to open [left.cub]"
    File    = Cube.cpp
    Line    = 2443
    Program = reduce
  End_Group
End_Object


Object = reduce
  IsisVersion       = "9.0.0  | 2026-01-05"
  ProgramVersion    = 2013-11-06
  ProgramPath       = /home/gengxun/miniconda3/envs/asp360_new/bin
  ExecutionDateTime = 2026-05-13T22:33:59
  HostName          = Unknown
  UserName          = gengxun
  Description       = "Reduce the pixel dimensions of an image"

  Group = UserParameters
    FROM         = left.cub
    TO           = /tmp/tmpz60dtedo/preview_cache/level2/left__b12f73879dca58-
                   d1ebf83e1013f772da72f9ec963edeb655b7cbe6765edfd5dc.cub
    ALGORITHM    = AVERAGE
    MODE         = scale
    SSCALE       = 4
    LSCALE       = 4
    VALIDPER     = 50
    VPER_REPLACE = NULL
  End_Group

  Group = Error
    Program = reduce
    Class   = "I/O ERROR"
    Code    = 4
    Message = "Unable to open [left.cub]"
    File    = Cube.cpp
    Line    = 2443
    Program = reduce
  End_Group
End_Object


Object = reduce
  IsisVersion       = "9.0.0  | 2026-01-05"
  ProgramVersion    = 2013-11-06
  ProgramPath       = /home/gengxun/miniconda3/envs/asp360_new/bin
  ExecutionDateTime = 2026-05-13T22:33:59
  HostName          = Unknown
  UserName          = gengxun
  Description       = "Reduce the pixel dimensions of an image"

  Group = UserParameters
    FROM         = left.cub
    TO           = /tmp/tmptfvb292n/preview_cache/level2/left__b12f73879dca58-
                   d1ebf83e1013f772da72f9ec963edeb655b7cbe6765edfd5dc.cub
    ALGORITHM    = AVERAGE
    MODE         = scale
    SSCALE       = 4
    LSCALE       = 4
    VALIDPER     = 50
    VPER_REPLACE = NULL
  End_Group

  Group = Error
    Program = reduce
    Class   = "I/O ERROR"
    Code    = 4
    Message = "Unable to open [left.cub]"
    File    = Cube.cpp
    Line    = 2443
    Program = reduce
  End_Group
End_Object


Object = reduce
  IsisVersion       = "9.0.0  | 2026-01-05"
  ProgramVersion    = 2013-11-06
  ProgramPath       = /home/gengxun/miniconda3/envs/asp360_new/bin
  ExecutionDateTime = 2026-05-13T22:33:59
  HostName          = Unknown
  UserName          = gengxun
  Description       = "Reduce the pixel dimensions of an image"

  Group = UserParameters
    FROM         = /tmp/tmpmg72rynt/left.cub
    TO           = /tmp/tmpmg72rynt/preview_cache/level2/left__ed8975a495bc0d-
                   09bf895b4f3bf9bbdc0d058b849276dfd257b5c0395dea3f38.cub
    ALGORITHM    = AVERAGE
    MODE         = scale
    SSCALE       = 4
    LSCALE       = 4
    VALIDPER     = 50
    VPER_REPLACE = NULL
  End_Group

  Group = Error
    Program = reduce
    Class   = "I/O ERROR"
    Code    = 4
    Message = "Unable to open [/tmp/tmpmg72rynt/left.cub]"
    File    = Cube.cpp
    Line    = 2443
    Program = reduce
  End_Group
End_Object


Object = reduce
  IsisVersion       = "9.0.0  | 2026-01-05"
  ProgramVersion    = 2013-11-06
  ProgramPath       = /home/gengxun/miniconda3/envs/asp360_new/bin
  ExecutionDateTime = 2026-05-13T22:33:59
  HostName          = Unknown
  UserName          = gengxun
  Description       = "Reduce the pixel dimensions of an image"

  Group = UserParameters
    FROM         = left.cub
    TO           = /tmp/tmpwl0qojc8/preview_cache/level2/left__b12f73879dca58-
                   d1ebf83e1013f772da72f9ec963edeb655b7cbe6765edfd5dc.cub
    ALGORITHM    = AVERAGE
    MODE         = scale
    SSCALE       = 4
    LSCALE       = 4
    VALIDPER     = 50
    VPER_REPLACE = NULL
  End_Group

  Group = Error
    Program = reduce
    Class   = "I/O ERROR"
    Code    = 4
    Message = "Unable to open [left.cub]"
    File    = Cube.cpp
    Line    = 2443
    Program = reduce
  End_Group
End_Object


Object = reduce
  IsisVersion       = "9.0.0  | 2026-01-05"
  ProgramVersion    = 2013-11-06
  ProgramPath       = /home/gengxun/miniconda3/envs/asp360_new/bin
  ExecutionDateTime = 2026-05-13T22:35:33
  HostName          = Unknown
  UserName          = gengxun
  Description       = "Reduce the pixel dimensions of an image"

  Group = UserParameters
    FROM         = left.cub
    TO           = /tmp/tmpof3gijqk/preview_cache/level2/left__b12f73879dca58-
                   d1ebf83e1013f772da72f9ec963edeb655b7cbe6765edfd5dc.cub
    ALGORITHM    = AVERAGE
    MODE         = scale
    SSCALE       = 4
    LSCALE       = 4
    VALIDPER     = 50
    VPER_REPLACE = NULL
  End_Group

  Group = Error
    Program = reduce
    Class   = "I/O ERROR"
    Code    = 4
    Message = "Unable to open [left.cub]"
    File    = Cube.cpp
    Line    = 2443
    Program = reduce
  End_Group
End_Object


Object = reduce
  IsisVersion       = "9.0.0  | 2026-01-05"
  ProgramVersion    = 2013-11-06
  ProgramPath       = /home/gengxun/miniconda3/envs/asp360_new/bin
  ExecutionDateTime = 2026-05-13T22:35:33
  HostName          = Unknown
  UserName          = gengxun
  Description       = "Reduce the pixel dimensions of an image"

  Group = UserParameters
    FROM         = left.cub
    TO           = /tmp/tmpc1hr4c7r/preview_cache/level2/left__b12f73879dca58-
                   d1ebf83e1013f772da72f9ec963edeb655b7cbe6765edfd5dc.cub
    ALGORITHM    = AVERAGE
    MODE         = scale
    SSCALE       = 4
    LSCALE       = 4
    VALIDPER     = 50
    VPER_REPLACE = NULL
  End_Group

  Group = Error
    Program = reduce
    Class   = "I/O ERROR"
    Code    = 4
    Message = "Unable to open [left.cub]"
    File    = Cube.cpp
    Line    = 2443
    Program = reduce
  End_Group
End_Object


Object = reduce
  IsisVersion       = "9.0.0  | 2026-01-05"
  ProgramVersion    = 2013-11-06
  ProgramPath       = /home/gengxun/miniconda3/envs/asp360_new/bin
  ExecutionDateTime = 2026-05-13T22:35:34
  HostName          = Unknown
  UserName          = gengxun
  Description       = "Reduce the pixel dimensions of an image"

  Group = UserParameters
    FROM         = left.cub
    TO           = /tmp/tmp4xnl7wv_/preview_cache/level2/left__b12f73879dca58-
                   d1ebf83e1013f772da72f9ec963edeb655b7cbe6765edfd5dc.cub
    ALGORITHM    = AVERAGE
    MODE         = scale
    SSCALE       = 4
    LSCALE       = 4
    VALIDPER     = 50
    VPER_REPLACE = NULL
  End_Group

  Group = Error
    Program = reduce
    Class   = "I/O ERROR"
    Code    = 4
    Message = "Unable to open [left.cub]"
    File    = Cube.cpp
    Line    = 2443
    Program = reduce
  End_Group
End_Object


Object = reduce
  IsisVersion       = "9.0.0  | 2026-01-05"
  ProgramVersion    = 2013-11-06
  ProgramPath       = /home/gengxun/miniconda3/envs/asp360_new/bin
  ExecutionDateTime = 2026-05-13T22:35:34
  HostName          = Unknown
  UserName          = gengxun
  Description       = "Reduce the pixel dimensions of an image"

  Group = UserParameters
    FROM         = left.cub
    TO           = /tmp/tmpl6n57_93/preview_cache/level2/left__b12f73879dca58-
                   d1ebf83e1013f772da72f9ec963edeb655b7cbe6765edfd5dc.cub
    ALGORITHM    = AVERAGE
    MODE         = scale
    SSCALE       = 4
    LSCALE       = 4
    VALIDPER     = 50
    VPER_REPLACE = NULL
  End_Group

  Group = Error
    Program = reduce
    Class   = "I/O ERROR"
    Code    = 4
    Message = "Unable to open [left.cub]"
    File    = Cube.cpp
    Line    = 2443
    Program = reduce
  End_Group
End_Object


Object = reduce
  IsisVersion       = "9.0.0  | 2026-01-05"
  ProgramVersion    = 2013-11-06
  ProgramPath       = /home/gengxun/miniconda3/envs/asp360_new/bin
  ExecutionDateTime = 2026-05-13T22:35:34
  HostName          = Unknown
  UserName          = gengxun
  Description       = "Reduce the pixel dimensions of an image"

  Group = UserParameters
    FROM         = left.cub
    TO           = /tmp/tmpy8nlh9nv/preview_cache/level2/left__b12f73879dca58-
                   d1ebf83e1013f772da72f9ec963edeb655b7cbe6765edfd5dc.cub
    ALGORITHM    = AVERAGE
    MODE         = scale
    SSCALE       = 4
    LSCALE       = 4
    VALIDPER     = 50
    VPER_REPLACE = NULL
  End_Group

  Group = Error
    Program = reduce
    Class   = "I/O ERROR"
    Code    = 4
    Message = "Unable to open [left.cub]"
    File    = Cube.cpp
    Line    = 2443
    Program = reduce
  End_Group
End_Object


Object = reduce
  IsisVersion       = "9.0.0  | 2026-01-05"
  ProgramVersion    = 2013-11-06
  ProgramPath       = /home/gengxun/miniconda3/envs/asp360_new/bin
  ExecutionDateTime = 2026-05-13T22:35:34
  HostName          = Unknown
  UserName          = gengxun
  Description       = "Reduce the pixel dimensions of an image"

  Group = UserParameters
    FROM         = /tmp/tmpg5o5c9ny/left.cub
    TO           = /tmp/tmpg5o5c9ny/preview_cache/level2/left__3976b0e5912038-
                   7305a74571cb6a1d134cca87cfb9f5cb5b4a6da1bffc55778c.cub
    ALGORITHM    = AVERAGE
    MODE         = scale
    SSCALE       = 4
    LSCALE       = 4
    VALIDPER     = 50
    VPER_REPLACE = NULL
  End_Group

  Group = Error
    Program = reduce
    Class   = "I/O ERROR"
    Code    = 4
    Message = "Unable to open [/tmp/tmpg5o5c9ny/left.cub]"
    File    = Cube.cpp
    Line    = 2443
    Program = reduce
  End_Group
End_Object


Object = reduce
  IsisVersion       = "9.0.0  | 2026-01-05"
  ProgramVersion    = 2013-11-06
  ProgramPath       = /home/gengxun/miniconda3/envs/asp360_new/bin
  ExecutionDateTime = 2026-05-13T22:35:34
  HostName          = Unknown
  UserName          = gengxun
  Description       = "Reduce the pixel dimensions of an image"

  Group = UserParameters
    FROM         = left.cub
    TO           = /tmp/tmp8jsmikh6/preview_cache/level2/left__b12f73879dca58-
                   d1ebf83e1013f772da72f9ec963edeb655b7cbe6765edfd5dc.cub
    ALGORITHM    = AVERAGE
    MODE         = scale
    SSCALE       = 4
    LSCALE       = 4
    VALIDPER     = 50
    VPER_REPLACE = NULL
  End_Group

  Group = Error
    Program = reduce
    Class   = "I/O ERROR"
    Code    = 4
    Message = "Unable to open [left.cub]"
    File    = Cube.cpp
    Line    = 2443
    Program = reduce
  End_Group
End_Object


Object = reduce
  IsisVersion       = "9.0.0  | 2026-01-05"
  ProgramVersion    = 2013-11-06
  ProgramPath       = /home/gengxun/miniconda3/envs/asp360_new/bin
  ExecutionDateTime = 2026-05-14T00:18:51
  HostName          = Unknown
  UserName          = gengxun
  Description       = "Reduce the pixel dimensions of an image"

  Group = UserParameters
    FROM         = left.cub
    TO           = /tmp/tmpp9whcgb8/preview_cache/level2/left__b12f73879dca58-
                   d1ebf83e1013f772da72f9ec963edeb655b7cbe6765edfd5dc.cub
    ALGORITHM    = AVERAGE
    MODE         = scale
    SSCALE       = 4
    LSCALE       = 4
    VALIDPER     = 50
    VPER_REPLACE = NULL
  End_Group

  Group = Error
    Program = reduce
    Class   = "I/O ERROR"
    Code    = 4
    Message = "Unable to open [left.cub]"
    File    = Cube.cpp
    Line    = 2443
    Program = reduce
  End_Group
End_Object


Object = reduce
  IsisVersion       = "9.0.0  | 2026-01-05"
  ProgramVersion    = 2013-11-06
  ProgramPath       = /home/gengxun/miniconda3/envs/asp360_new/bin
  ExecutionDateTime = 2026-05-14T00:18:51
  HostName          = Unknown
  UserName          = gengxun
  Description       = "Reduce the pixel dimensions of an image"

  Group = UserParameters
    FROM         = left.cub
    TO           = /tmp/tmp64z1kjo_/preview_cache/level2/left__b12f73879dca58-
                   d1ebf83e1013f772da72f9ec963edeb655b7cbe6765edfd5dc.cub
    ALGORITHM    = AVERAGE
    MODE         = scale
    SSCALE       = 4
    LSCALE       = 4
    VALIDPER     = 50
    VPER_REPLACE = NULL
  End_Group

  Group = Error
    Program = reduce
    Class   = "I/O ERROR"
    Code    = 4
    Message = "Unable to open [left.cub]"
    File    = Cube.cpp
    Line    = 2443
    Program = reduce
  End_Group
End_Object


Object = reduce
  IsisVersion       = "9.0.0  | 2026-01-05"
  ProgramVersion    = 2013-11-06
  ProgramPath       = /home/gengxun/miniconda3/envs/asp360_new/bin
  ExecutionDateTime = 2026-05-14T00:18:51
  HostName          = Unknown
  UserName          = gengxun
  Description       = "Reduce the pixel dimensions of an image"

  Group = UserParameters
    FROM         = left.cub
    TO           = /tmp/tmpjhmsz7sq/preview_cache/level2/left__b12f73879dca58-
                   d1ebf83e1013f772da72f9ec963edeb655b7cbe6765edfd5dc.cub
    ALGORITHM    = AVERAGE
    MODE         = scale
    SSCALE       = 4
    LSCALE       = 4
    VALIDPER     = 50
    VPER_REPLACE = NULL
  End_Group

  Group = Error
    Program = reduce
    Class   = "I/O ERROR"
    Code    = 4
    Message = "Unable to open [left.cub]"
    File    = Cube.cpp
    Line    = 2443
    Program = reduce
  End_Group
End_Object


Object = reduce
  IsisVersion       = "9.0.0  | 2026-01-05"
  ProgramVersion    = 2013-11-06
  ProgramPath       = /home/gengxun/miniconda3/envs/asp360_new/bin
  ExecutionDateTime = 2026-05-14T00:18:51
  HostName          = Unknown
  UserName          = gengxun
  Description       = "Reduce the pixel dimensions of an image"

  Group = UserParameters
    FROM         = left.cub
    TO           = /tmp/tmpxto9yrye/preview_cache/level2/left__b12f73879dca58-
                   d1ebf83e1013f772da72f9ec963edeb655b7cbe6765edfd5dc.cub
    ALGORITHM    = AVERAGE
    MODE         = scale
    SSCALE       = 4
    LSCALE       = 4
    VALIDPER     = 50
    VPER_REPLACE = NULL
  End_Group

  Group = Error
    Program = reduce
    Class   = "I/O ERROR"
    Code    = 4
    Message = "Unable to open [left.cub]"
    File    = Cube.cpp
    Line    = 2443
    Program = reduce
  End_Group
End_Object


Object = reduce
  IsisVersion       = "9.0.0  | 2026-01-05"
  ProgramVersion    = 2013-11-06
  ProgramPath       = /home/gengxun/miniconda3/envs/asp360_new/bin
  ExecutionDateTime = 2026-05-14T00:18:51
  HostName          = Unknown
  UserName          = gengxun
  Description       = "Reduce the pixel dimensions of an image"

  Group = UserParameters
    FROM         = left.cub
    TO           = /tmp/tmplpayk28x/preview_cache/level2/left__b12f73879dca58-
                   d1ebf83e1013f772da72f9ec963edeb655b7cbe6765edfd5dc.cub
    ALGORITHM    = AVERAGE
    MODE         = scale
    SSCALE       = 4
    LSCALE       = 4
    VALIDPER     = 50
    VPER_REPLACE = NULL
  End_Group

  Group = Error
    Program = reduce
    Class   = "I/O ERROR"
    Code    = 4
    Message = "Unable to open [left.cub]"
    File    = Cube.cpp
    Line    = 2443
    Program = reduce
  End_Group
End_Object


Object = reduce
  IsisVersion       = "9.0.0  | 2026-01-05"
  ProgramVersion    = 2013-11-06
  ProgramPath       = /home/gengxun/miniconda3/envs/asp360_new/bin
  ExecutionDateTime = 2026-05-14T00:18:51
  HostName          = Unknown
  UserName          = gengxun
  Description       = "Reduce the pixel dimensions of an image"

  Group = UserParameters
    FROM         = /tmp/tmpvwk2xfpl/left.cub
    TO           = /tmp/tmpvwk2xfpl/preview_cache/level2/left__e5dc4c64359ad3-
                   aa90aa1649f11a55f34a4266dd59c862669406e89be44dcb0c.cub
    ALGORITHM    = AVERAGE
    MODE         = scale
    SSCALE       = 4
    LSCALE       = 4
    VALIDPER     = 50
    VPER_REPLACE = NULL
  End_Group

  Group = Error
    Program = reduce
    Class   = "I/O ERROR"
    Code    = 4
    Message = "Unable to open [/tmp/tmpvwk2xfpl/left.cub]"
    File    = Cube.cpp
    Line    = 2443
    Program = reduce
  End_Group
End_Object


Object = reduce
  IsisVersion       = "9.0.0  | 2026-01-05"
  ProgramVersion    = 2013-11-06
  ProgramPath       = /home/gengxun/miniconda3/envs/asp360_new/bin
  ExecutionDateTime = 2026-05-14T00:18:51
  HostName          = Unknown
  UserName          = gengxun
  Description       = "Reduce the pixel dimensions of an image"

  Group = UserParameters
    FROM         = left.cub
    TO           = /tmp/tmpl8oedxdi/preview_cache/level2/left__b12f73879dca58-
                   d1ebf83e1013f772da72f9ec963edeb655b7cbe6765edfd5dc.cub
    ALGORITHM    = AVERAGE
    MODE         = scale
    SSCALE       = 4
    LSCALE       = 4
    VALIDPER     = 50
    VPER_REPLACE = NULL
  End_Group

  Group = Error
    Program = reduce
    Class   = "I/O ERROR"
    Code    = 4
    Message = "Unable to open [left.cub]"
    File    = Cube.cpp
    Line    = 2443
    Program = reduce
  End_Group
End_Object


Object = spiceinit
  IsisVersion       = "9.0.0  | 2026-01-05"
  ProgramVersion    = 2021-08-10
  ProgramPath       = /home/gengxun/miniconda3/envs/asp360_new/bin
  ExecutionDateTime = 2026-05-29T08:26:13
  HostName          = Unknown
  UserName          = gengxun
  Description       = "Update SPICE data (kernels, pointing, and position) for
                       a camera cube"

  Group = UserParameters
    FROM         = /tmp/tmp.xftzZ1hvOD/test.cub
    WEB          = false
    ATTACH       = TRUE
    CKSMITHED    = FALSE
    CKRECON      = TRUE
    CKPREDICTED  = FALSE
    CKNADIR      = FALSE
    SPKSMITHED   = FALSE
    SPKRECON     = TRUE
    SPKPREDICTED = FALSE
    SHAPE        = ellipsoid
    STARTPAD     = 0.0
    ENDPAD       = 0.0
    URL          = https://astrogeology.usgs.gov/apis/ale/v0.9.1/spiceserver/
    PORT         = 443
  End_Group

  Group = Error
    Program = spiceinit
    Code    = 1
    Message = "No existing files found with a numerical version matching
               [kernels.????.db] in
               [/home/gengxun/PlanetaryMapping/asp360_new/pyisis/ISIS3-9.0.0-e-
               xt/isis_pybind_standalone/tests/data/isisdata/mockup/lro/kernel-
               s/ck]"
    File    = FileName.cpp
    Line    = 669
    Program = spiceinit
  End_Group
End_Object


Object = reduce
  IsisVersion       = "9.0.0  | 2026-01-05"
  ProgramVersion    = 2013-11-06
  ProgramPath       = /home/gengxun/miniconda3/envs/asp360_new/bin
  ExecutionDateTime = 2026-05-29T15:18:42
  HostName          = Unknown
  UserName          = gengxun
  Description       = "Reduce the pixel dimensions of an image"

  Group = UserParameters
    FROM         = "/media/gengxun/My
                    Passport/data/lro/testdata_lunar_80S_89.9S/texture_lightin-
                    g_pair_selection/original_gsd/work/dom_M110860982RE.cub"
    TO           = "/media/gengxun/My
                    Passport/data/lro/testdata_lunar_80S_89.9S/texture_lightin-
                    g_pair_selection/original_gsd/large_dom_match/sift_flann/m-
                    atch_viz/preview_cache/level7/dom_M110860982RE__5f19c0885f-
                    0289873346118b56ed5536c957dd557aa03362781fff3aa27dd8b0.cub"
    ALGORITHM    = AVERAGE
    MODE         = scale
    SSCALE       = 128
    LSCALE       = 128
    VALIDPER     = 50
    VPER_REPLACE = NULL
  End_Group

  Group = Results
    InputLines      = 44348
    InputSamples    = 106190
    StartingLine    = 1
    StartingSample  = 1
    EndingLine      = 44348
    EndingSample    = 106190
    LineIncrement   = 128.0
    SampleIncrement = 128.0
    OutputLines     = 346
    OutputSamples   = 830
  End_Group

  Group = Accounting
    ConnectTime = 00:04:03.6
    CpuTime     = 00:03:54.0
  End_Group
End_Object


Object = reduce
  IsisVersion       = "9.0.0  | 2026-01-05"
  ProgramVersion    = 2013-11-06
  ProgramPath       = /home/gengxun/miniconda3/envs/asp360_new/bin
  ExecutionDateTime = 2026-05-29T15:22:46
  HostName          = Unknown
  UserName          = gengxun
  Description       = "Reduce the pixel dimensions of an image"

  Group = UserParameters
    FROM         = "/media/gengxun/My
                    Passport/data/lro/testdata_lunar_80S_89.9S/texture_lightin-
                    g_pair_selection/original_gsd/work/dom_M110881352RE.cub"
    TO           = "/media/gengxun/My
                    Passport/data/lro/testdata_lunar_80S_89.9S/texture_lightin-
                    g_pair_selection/original_gsd/large_dom_match/sift_flann/m-
                    atch_viz/preview_cache/level7/dom_M110881352RE__73e3776abc-
                    b16eb7612c3c657c86fb41f62198b02591fa5b37227009ed2b4d73.cub"
    ALGORITHM    = AVERAGE
    MODE         = scale
    SSCALE       = 128
    LSCALE       = 128
    VALIDPER     = 50
    VPER_REPLACE = NULL
  End_Group

  Group = Results
    InputLines      = 38401
    InputSamples    = 107975
    StartingLine    = 1
    StartingSample  = 1
    EndingLine      = 38401
    EndingSample    = 107975
    LineIncrement   = 128.0
    SampleIncrement = 128.0
    OutputLines     = 300
    OutputSamples   = 844
  End_Group

  Group = Accounting
    ConnectTime = 00:03:29.2
    CpuTime     = 00:03:20.8
  End_Group
End_Object


Object = reduce
  IsisVersion       = "9.0.0  | 2026-01-05"
  ProgramVersion    = 2013-11-06
  ProgramPath       = /home/gengxun/miniconda3/envs/asp360_new/bin
  ExecutionDateTime = 2026-05-29T15:31:17
  HostName          = Unknown
  UserName          = gengxun
  Description       = "Reduce the pixel dimensions of an image"

  Group = UserParameters
    FROM         = "/media/gengxun/My
                    Passport/data/lro/testdata_lunar_80S_89.9S/texture_lightin-
                    g_pair_selection/original_gsd/work/dom_M110840613RE.cub"
    TO           = "/media/gengxun/My
                    Passport/data/lro/testdata_lunar_80S_89.9S/texture_lightin-
                    g_pair_selection/original_gsd/large_dom_match/sift_flann/m-
                    atch_viz/preview_cache/level7/dom_M110840613RE__192026ac9d-
                    b6ee0d850570fadc9a588796f32d85bcfe11621da494b3d3137720.cub"
    ALGORITHM    = AVERAGE
    MODE         = scale
    SSCALE       = 128
    LSCALE       = 128
    VALIDPER     = 50
    VPER_REPLACE = NULL
  End_Group

  Group = Results
    InputLines      = 49927
    InputSamples    = 103882
    StartingLine    = 1
    StartingSample  = 1
    EndingLine      = 49927
    EndingSample    = 103882
    LineIncrement   = 128.0
    SampleIncrement = 128.0
    OutputLines     = 390
    OutputSamples   = 812
  End_Group

  Group = Accounting
    ConnectTime = 00:04:28.2
    CpuTime     = 00:04:17.3
  End_Group
End_Object


Object = reduce
  IsisVersion       = "9.0.0  | 2026-01-05"
  ProgramVersion    = 2013-11-06
  ProgramPath       = /home/gengxun/miniconda3/envs/asp360_new/bin
  ExecutionDateTime = 2026-05-29T15:36:23
  HostName          = Unknown
  UserName          = gengxun
  Description       = "Reduce the pixel dimensions of an image"

  Group = UserParameters
    FROM         = "/media/gengxun/My
                    Passport/data/lro/testdata_lunar_80S_89.9S/texture_lightin-
                    g_pair_selection/original_gsd/work/dom_M1109027420LE.cub"
    TO           = "/media/gengxun/My
                    Passport/data/lro/testdata_lunar_80S_89.9S/texture_lightin-
                    g_pair_selection/original_gsd/large_dom_match/sift_flann/m-
                    atch_viz/preview_cache/level7/dom_M1109027420LE__f7ba29996-
                    6af4f1b1043f1e3af600b55b2f1364de25b4834de2cbe00a0f49e3b.cu-
                    b"
    ALGORITHM    = AVERAGE
    MODE         = scale
    SSCALE       = 128
    LSCALE       = 128
    VALIDPER     = 50
    VPER_REPLACE = NULL
  End_Group

  Group = Results
    InputLines      = 38215
    InputSamples    = 81497
    StartingLine    = 1
    StartingSample  = 1
    EndingLine      = 38215
    EndingSample    = 81497
    LineIncrement   = 128.0
    SampleIncrement = 128.0
    OutputLines     = 299
    OutputSamples   = 637
  End_Group

  Group = Accounting
    ConnectTime = 00:02:33.6
    CpuTime     = 00:02:26.9
  End_Group
End_Object


Object = reduce
  IsisVersion       = "9.0.0  | 2026-01-05"
  ProgramVersion    = 2013-11-06
  ProgramPath       = /home/gengxun/miniconda3/envs/asp360_new/bin
  ExecutionDateTime = 2026-05-29T15:38:57
  HostName          = Unknown
  UserName          = gengxun
  Description       = "Reduce the pixel dimensions of an image"

  Group = UserParameters
    FROM         = "/media/gengxun/My
                    Passport/data/lro/testdata_lunar_80S_89.9S/texture_lightin-
                    g_pair_selection/original_gsd/work/dom_M140537125RE.cub"
    TO           = "/media/gengxun/My
                    Passport/data/lro/testdata_lunar_80S_89.9S/texture_lightin-
                    g_pair_selection/original_gsd/large_dom_match/sift_flann/m-
                    atch_viz/preview_cache/level7/dom_M140537125RE__16a6b730ee-
                    e0d4b68aa6bbc51363835844a750fbdafd9824efbd5535aaac37ad.cub"
    ALGORITHM    = AVERAGE
    MODE         = scale
    SSCALE       = 128
    LSCALE       = 128
    VALIDPER     = 50
    VPER_REPLACE = NULL
  End_Group

  Group = Results
    InputLines      = 8331
    InputSamples    = 55363
    StartingLine    = 1
    StartingSample  = 1
    EndingLine      = 8331
    EndingSample    = 55363
    LineIncrement   = 128.0
    SampleIncrement = 128.0
    OutputLines     = 65
    OutputSamples   = 433
  End_Group

  Group = Accounting
    ConnectTime = 00:00:17.1
    CpuTime     = 00:00:16.1
  End_Group
End_Object


Object = reduce
  IsisVersion       = "9.0.0  | 2026-01-05"
  ProgramVersion    = 2013-11-06
  ProgramPath       = /home/gengxun/miniconda3/envs/asp360_new/bin
  ExecutionDateTime = 2026-05-29T15:39:55
  HostName          = Unknown
  UserName          = gengxun
  Description       = "Reduce the pixel dimensions of an image"

  Group = UserParameters
    FROM         = "/media/gengxun/My
                    Passport/data/lro/testdata_lunar_80S_89.9S/texture_lightin-
                    g_pair_selection/original_gsd/work/dom_M140550700LE.cub"
    TO           = "/media/gengxun/My
                    Passport/data/lro/testdata_lunar_80S_89.9S/texture_lightin-
                    g_pair_selection/original_gsd/large_dom_match/sift_flann/m-
                    atch_viz/preview_cache/level7/dom_M140550700LE__c254b00449-
                    3fb3f2035f2388e7815febf32a13133daa387ded81b331254f87fb.cub"
    ALGORITHM    = AVERAGE
    MODE         = scale
    SSCALE       = 128
    LSCALE       = 128
    VALIDPER     = 50
    VPER_REPLACE = NULL
  End_Group

  Group = Results
    InputLines      = 10312
    InputSamples    = 55181
    StartingLine    = 1
    StartingSample  = 1
    EndingLine      = 10312
    EndingSample    = 55181
    LineIncrement   = 128.0
    SampleIncrement = 128.0
    OutputLines     = 81
    OutputSamples   = 431
  End_Group

  Group = Accounting
    ConnectTime = 00:00:22.8
    CpuTime     = 00:00:21.6
  End_Group
End_Object


Object = reduce
  IsisVersion       = "9.0.0  | 2026-01-05"
  ProgramVersion    = 2013-11-06
  ProgramPath       = /home/gengxun/miniconda3/envs/asp360_new/bin
  ExecutionDateTime = 2026-05-29T15:44:55
  HostName          = Unknown
  UserName          = gengxun
  Description       = "Reduce the pixel dimensions of an image"

  Group = UserParameters
    FROM         = "/media/gengxun/My
                    Passport/data/lro/testdata_lunar_80S_89.9S/texture_lightin-
                    g_pair_selection/original_gsd/work/dom_M1106754872LE.cub"
    TO           = "/media/gengxun/My
                    Passport/data/lro/testdata_lunar_80S_89.9S/texture_lightin-
                    g_pair_selection/original_gsd/large_dom_match/sift_flann/m-
                    atch_viz/preview_cache/level7/dom_M1106754872LE__3d3c8c8f2-
                    f7d432c9945a4fd822d32cd78389acc7bf31f4ea2a1ab68df7ddbe7.cu-
                    b"
    ALGORITHM    = AVERAGE
    MODE         = scale
    SSCALE       = 128
    LSCALE       = 128
    VALIDPER     = 50
    VPER_REPLACE = NULL
  End_Group

  Group = Results
    InputLines      = 55478
    InputSamples    = 71484
    StartingLine    = 1
    StartingSample  = 1
    EndingLine      = 55478
    EndingSample    = 71484
    LineIncrement   = 128.0
    SampleIncrement = 128.0
    OutputLines     = 433
    OutputSamples   = 558
  End_Group

  Group = Accounting
    ConnectTime = 00:03:05.6
    CpuTime     = 00:02:57.4
  End_Group
End_Object


Object = reduce
  IsisVersion       = "9.0.0  | 2026-01-05"
  ProgramVersion    = 2013-11-06
  ProgramPath       = /home/gengxun/miniconda3/envs/asp360_new/bin
  ExecutionDateTime = 2026-05-29T15:48:01
  HostName          = Unknown
  UserName          = gengxun
  Description       = "Reduce the pixel dimensions of an image"

  Group = UserParameters
    FROM         = "/media/gengxun/My
                    Passport/data/lro/testdata_lunar_80S_89.9S/texture_lightin-
                    g_pair_selection/original_gsd/work/dom_M1106769166LE.cub"
    TO           = "/media/gengxun/My
                    Passport/data/lro/testdata_lunar_80S_89.9S/texture_lightin-
                    g_pair_selection/original_gsd/large_dom_match/sift_flann/m-
                    atch_viz/preview_cache/level7/dom_M1106769166LE__c487508bc-
                    0d69e448b266fad9020ab27cdce8bca27b05d48db2d46548d235c78.cu-
                    b"
    ALGORITHM    = AVERAGE
    MODE         = scale
    SSCALE       = 128
    LSCALE       = 128
    VALIDPER     = 50
    VPER_REPLACE = NULL
  End_Group

  Group = Results
    InputLines      = 58110
    InputSamples    = 69339
    StartingLine    = 1
    StartingSample  = 1
    EndingLine      = 58110
    EndingSample    = 69339
    LineIncrement   = 128.0
    SampleIncrement = 128.0
    OutputLines     = 454
    OutputSamples   = 542
  End_Group

  Group = Accounting
    ConnectTime = 00:03:14.6
    CpuTime     = 00:03:05.9
  End_Group
End_Object


Object = reduce
  IsisVersion       = "9.0.0  | 2026-01-05"
  ProgramVersion    = 2013-11-06
  ProgramPath       = /home/gengxun/miniconda3/envs/asp360_new/bin
  ExecutionDateTime = 2026-05-29T15:55:36
  HostName          = Unknown
  UserName          = gengxun
  Description       = "Reduce the pixel dimensions of an image"

  Group = UserParameters
    FROM         = "/media/gengxun/My
                    Passport/data/lro/testdata_lunar_80S_89.9S/texture_lightin-
                    g_pair_selection/original_gsd/work/dom_M173710225LE.cub"
    TO           = "/media/gengxun/My
                    Passport/data/lro/testdata_lunar_80S_89.9S/texture_lightin-
                    g_pair_selection/original_gsd/large_dom_match/sift_flann/m-
                    atch_viz/preview_cache/level7/dom_M173710225LE__e8e60cecbc-
                    6a9bf65878c2780a83c65efcd5a7f5dd04ff7d1e3c165c778db061.cub"
    ALGORITHM    = AVERAGE
    MODE         = scale
    SSCALE       = 128
    LSCALE       = 128
    VALIDPER     = 50
    VPER_REPLACE = NULL
  End_Group

  Group = Results
    InputLines      = 46039
    InputSamples    = 75337
    StartingLine    = 1
    StartingSample  = 1
    EndingLine      = 46039
    EndingSample    = 75337
    LineIncrement   = 128.0
    SampleIncrement = 128.0
    OutputLines     = 360
    OutputSamples   = 589
  End_Group

  Group = Accounting
    ConnectTime = 00:02:45.0
    CpuTime     = 00:02:37.7
  End_Group
End_Object


Object = reduce
  IsisVersion       = "9.0.0  | 2026-01-05"
  ProgramVersion    = 2013-11-06
  ProgramPath       = /home/gengxun/miniconda3/envs/asp360_new/bin
  ExecutionDateTime = 2026-05-29T15:58:21
  HostName          = Unknown
  UserName          = gengxun
  Description       = "Reduce the pixel dimensions of an image"

  Group = UserParameters
    FROM         = "/media/gengxun/My
                    Passport/data/lro/testdata_lunar_80S_89.9S/texture_lightin-
                    g_pair_selection/original_gsd/work/dom_M173717012LE.cub"
    TO           = "/media/gengxun/My
                    Passport/data/lro/testdata_lunar_80S_89.9S/texture_lightin-
                    g_pair_selection/original_gsd/large_dom_match/sift_flann/m-
                    atch_viz/preview_cache/level7/dom_M173717012LE__f5101f8353-
                    303259df62ae90bff43cfc0d21c1172931ff97848d0489b2819343.cub"
    ALGORITHM    = AVERAGE
    MODE         = scale
    SSCALE       = 128
    LSCALE       = 128
    VALIDPER     = 50
    VPER_REPLACE = NULL
  End_Group

  Group = Results
    InputLines      = 47356
    InputSamples    = 74529
    StartingLine    = 1
    StartingSample  = 1
    EndingLine      = 47356
    EndingSample    = 74529
    LineIncrement   = 128.0
    SampleIncrement = 128.0
    OutputLines     = 370
    OutputSamples   = 582
  End_Group

  Group = Accounting
    ConnectTime = 00:02:45.2
    CpuTime     = 00:02:37.8
  End_Group
End_Object


Object = reduce
  IsisVersion       = "9.0.0  | 2026-01-05"
  ProgramVersion    = 2013-11-06
  ProgramPath       = /home/gengxun/miniconda3/envs/asp360_new/bin
  ExecutionDateTime = 2026-05-29T16:01:52
  HostName          = Unknown
  UserName          = gengxun
  Description       = "Reduce the pixel dimensions of an image"

  Group = UserParameters
    FROM         = "/media/gengxun/My
                    Passport/data/lro/testdata_lunar_80S_89.9S/texture_lightin-
                    g_pair_selection/original_gsd/work/dom_M1203964116RE.cub"
    TO           = "/media/gengxun/My
                    Passport/data/lro/testdata_lunar_80S_89.9S/texture_lightin-
                    g_pair_selection/original_gsd/large_dom_match/sift_flann/m-
                    atch_viz/preview_cache/level6/dom_M1203964116RE__f524722d0-
                    e9dff730351ab059ae10b2d63d0626f3c2e1ff1ab8364f5de57369c.cu-
                    b"
    ALGORITHM    = AVERAGE
    MODE         = scale
    SSCALE       = 64
    LSCALE       = 64
    VALIDPER     = 50
    VPER_REPLACE = NULL
  End_Group

  Group = Results
    InputLines      = 61891
    InputSamples    = 65272
    StartingLine    = 1
    StartingSample  = 1
    EndingLine      = 61891
    EndingSample    = 65272
    LineIncrement   = 64.0
    SampleIncrement = 64.0
    OutputLines     = 967
    OutputSamples   = 1020
  End_Group

  Group = Accounting
    ConnectTime = 00:03:13.3
    CpuTime     = 00:03:04.9
  End_Group
End_Object


Object = reduce
  IsisVersion       = "9.0.0  | 2026-01-05"
  ProgramVersion    = 2013-11-06
  ProgramPath       = /home/gengxun/miniconda3/envs/asp360_new/bin
  ExecutionDateTime = 2026-05-29T16:05:05
  HostName          = Unknown
  UserName          = gengxun
  Description       = "Reduce the pixel dimensions of an image"

  Group = UserParameters
    FROM         = "/media/gengxun/My
                    Passport/data/lro/testdata_lunar_80S_89.9S/texture_lightin-
                    g_pair_selection/original_gsd/work/dom_M140577849LE.cub"
    TO           = "/media/gengxun/My
                    Passport/data/lro/testdata_lunar_80S_89.9S/texture_lightin-
                    g_pair_selection/original_gsd/large_dom_match/sift_flann/m-
                    atch_viz/preview_cache/level6/dom_M140577849LE__1f8dff2169-
                    28472c82ac64ec769c9838b6f07332486dcfd57e319cb5929dac7a.cub"
    ALGORITHM    = AVERAGE
    MODE         = scale
    SSCALE       = 64
    LSCALE       = 64
    VALIDPER     = 50
    VPER_REPLACE = NULL
  End_Group

  Group = Results
    InputLines      = 14432
    InputSamples    = 55329
    StartingLine    = 1
    StartingSample  = 1
    EndingLine      = 14432
    EndingSample    = 55329
    LineIncrement   = 64.0
    SampleIncrement = 64.0
    OutputLines     = 226
    OutputSamples   = 865
  End_Group

  Group = Accounting
    ConnectTime = 00:00:33.9
    CpuTime     = 00:00:32.1
  End_Group
End_Object


Object = reduce
  IsisVersion       = "9.0.0  | 2026-01-05"
  ProgramVersion    = 2013-11-06
  ProgramPath       = /home/gengxun/miniconda3/envs/asp360_new/bin
  ExecutionDateTime = 2026-05-29T16:06:25
  HostName          = Unknown
  UserName          = gengxun
  Description       = "Reduce the pixel dimensions of an image"

  Group = UserParameters
    FROM         = "/media/gengxun/My
                    Passport/data/lro/testdata_lunar_80S_89.9S/texture_lightin-
                    g_pair_selection/original_gsd/work/dom_M140577849RE.cub"
    TO           = "/media/gengxun/My
                    Passport/data/lro/testdata_lunar_80S_89.9S/texture_lightin-
                    g_pair_selection/original_gsd/large_dom_match/sift_flann/m-
                    atch_viz/preview_cache/level6/dom_M140577849RE__d36c42331d-
                    d790665e246b368b5ee22ea437a8bece6f6a887e2ab5cacd54a6e9.cub"
    ALGORITHM    = AVERAGE
    MODE         = scale
    SSCALE       = 64
    LSCALE       = 64
    VALIDPER     = 50
    VPER_REPLACE = NULL
  End_Group

  Group = Results
    InputLines      = 14447
    InputSamples    = 55334
    StartingLine    = 1
    StartingSample  = 1
    EndingLine      = 14447
    EndingSample    = 55334
    LineIncrement   = 64.0
    SampleIncrement = 64.0
    OutputLines     = 226
    OutputSamples   = 865
  End_Group

  Group = Accounting
    ConnectTime = 00:00:33.7
    CpuTime     = 00:00:32.0
  End_Group
End_Object


Object = reduce
  IsisVersion       = "9.0.0  | 2026-01-05"
  ProgramVersion    = 2013-11-06
  ProgramPath       = /home/gengxun/miniconda3/envs/asp360_new/bin
  ExecutionDateTime = 2026-05-29T16:10:35
  HostName          = Unknown
  UserName          = gengxun
  Description       = "Reduce the pixel dimensions of an image"

  Group = UserParameters
    FROM         = "/media/gengxun/My
                    Passport/data/lro/testdata_lunar_80S_89.9S/texture_lightin-
                    g_pair_selection/original_gsd/work/dom_M1232279241LE.cub"
    TO           = "/media/gengxun/My
                    Passport/data/lro/testdata_lunar_80S_89.9S/texture_lightin-
                    g_pair_selection/original_gsd/large_dom_match/sift_flann/m-
                    atch_viz/preview_cache/level7/dom_M1232279241LE__aa455f069-
                    7e53ea0a2c2c4663ecf2035c4fa6f08f7e06ae632448d57e17ebe2a.cu-
                    b"
    ALGORITHM    = AVERAGE
    MODE         = scale
    SSCALE       = 128
    LSCALE       = 128
    VALIDPER     = 50
    VPER_REPLACE = NULL
  End_Group

  Group = Results
    InputLines      = 48708
    InputSamples    = 75647
    StartingLine    = 1
    StartingSample  = 1
    EndingLine      = 48708
    EndingSample    = 75647
    LineIncrement   = 128.0
    SampleIncrement = 128.0
    OutputLines     = 381
    OutputSamples   = 591
  End_Group

  Group = Accounting
    ConnectTime = 00:02:52.2
    CpuTime     = 00:02:44.1
  End_Group
End_Object


Object = reduce
  IsisVersion       = "9.0.0  | 2026-01-05"
  ProgramVersion    = 2013-11-06
  ProgramPath       = /home/gengxun/miniconda3/envs/asp360_new/bin
  ExecutionDateTime = 2026-05-30T08:42:37
  HostName          = Unknown
  UserName          = gengxun
  Description       = "Reduce the pixel dimensions of an image"

  Group = UserParameters
    FROM         = "/media/gengxun/My
                    Passport/data/lro/testdata_lunar_80S_89.9S/texture_lightin-
                    g_pair_selection/original_gsd/work/dom_M1232286275LE.cub"
    TO           = "/media/gengxun/My
                    Passport/data/lro/testdata_lunar_80S_89.9S/texture_lightin-
                    g_pair_selection/original_gsd/large_dom_match/sift_flann/m-
                    atch_viz/preview_cache/level7/dom_M1232286275LE__b574dd436-
                    ee4a2441d9d00607e15ba5b2650ad818728d1e0f460bc10fcd1cd8c.cu-
                    b"
    ALGORITHM    = AVERAGE
    MODE         = scale
    SSCALE       = 128
    LSCALE       = 128
    VALIDPER     = 50
    VPER_REPLACE = NULL
  End_Group

  Group = Results
    InputLines      = 47314
    InputSamples    = 76497
    StartingLine    = 1
    StartingSample  = 1
    EndingLine      = 47314
    EndingSample    = 76497
    LineIncrement   = 128.0
    SampleIncrement = 128.0
    OutputLines     = 370
    OutputSamples   = 598
  End_Group

  Group = Accounting
    ConnectTime = 00:03:06.5
    CpuTime     = 00:02:59.0
  End_Group
End_Object


Object = reduce
  IsisVersion       = "9.0.0  | 2026-01-05"
  ProgramVersion    = 2013-11-06
  ProgramPath       = /home/gengxun/miniconda3/envs/asp360_new/bin
  ExecutionDateTime = 2026-05-30T08:48:59
  HostName          = Unknown
  UserName          = gengxun
  Description       = "Reduce the pixel dimensions of an image"

  Group = UserParameters
    FROM         = "/media/gengxun/My
                    Passport/data/lro/testdata_lunar_80S_89.9S/texture_lightin-
                    g_pair_selection/original_gsd/work/dom_M1232293303LE.cub"
    TO           = "/media/gengxun/My
                    Passport/data/lro/testdata_lunar_80S_89.9S/texture_lightin-
                    g_pair_selection/original_gsd/large_dom_match/sift_flann/m-
                    atch_viz/preview_cache/level7/dom_M1232293303LE__f15c23a91-
                    5843343858ab8663318bc079cbd5076d38f04529a1a8d97797fab66.cu-
                    b"
    ALGORITHM    = AVERAGE
    MODE         = scale
    SSCALE       = 128
    LSCALE       = 128
    VALIDPER     = 50
    VPER_REPLACE = NULL
  End_Group

  Group = Results
    InputLines      = 45842
    InputSamples    = 77288
    StartingLine    = 1
    StartingSample  = 1
    EndingLine      = 45842
    EndingSample    = 77288
    LineIncrement   = 128.0
    SampleIncrement = 128.0
    OutputLines     = 358
    OutputSamples   = 604
  End_Group

  Group = Accounting
    ConnectTime = 00:03:00.0
    CpuTime     = 00:02:52.6
  End_Group
End_Object


Object = reduce
  IsisVersion       = "9.0.0  | 2026-01-05"
  ProgramVersion    = 2013-11-06
  ProgramPath       = /home/gengxun/miniconda3/envs/asp360_new/bin
  ExecutionDateTime = 2026-05-30T08:52:20
  HostName          = Unknown
  UserName          = gengxun
  Description       = "Reduce the pixel dimensions of an image"

  Group = UserParameters
    FROM         = "/media/gengxun/My
                    Passport/data/lro/testdata_lunar_80S_89.9S/texture_lightin-
                    g_pair_selection/original_gsd/work/dom_M173554018LE.cub"
    TO           = "/media/gengxun/My
                    Passport/data/lro/testdata_lunar_80S_89.9S/texture_lightin-
                    g_pair_selection/original_gsd/large_dom_match/sift_flann/m-
                    atch_viz/preview_cache/level7/dom_M173554018LE__50abf69ca6-
                    0747a323304420f43b08fb032190c5b247568f3747f98c96722aa6.cub"
    ALGORITHM    = AVERAGE
    MODE         = scale
    SSCALE       = 128
    LSCALE       = 128
    VALIDPER     = 50
    VPER_REPLACE = NULL
  End_Group

  Group = Results
    InputLines      = 5597
    InputSamples    = 26397
    StartingLine    = 1
    StartingSample  = 1
    EndingLine      = 5597
    EndingSample    = 26397
    LineIncrement   = 128.0
    SampleIncrement = 128.0
    OutputLines     = 44
    OutputSamples   = 206
  End_Group

  Group = Accounting
    ConnectTime = 00:00:04.4
    CpuTime     = 00:00:04.4
  End_Group
End_Object


Object = reduce
  IsisVersion       = "9.0.0  | 2026-01-05"
  ProgramVersion    = 2013-11-06
  ProgramPath       = /home/gengxun/miniconda3/envs/asp360_new/bin
  ExecutionDateTime = 2026-05-30T08:52:42
  HostName          = Unknown
  UserName          = gengxun
  Description       = "Reduce the pixel dimensions of an image"

  Group = UserParameters
    FROM         = "/media/gengxun/My
                    Passport/data/lro/testdata_lunar_80S_89.9S/texture_lightin-
                    g_pair_selection/original_gsd/work/dom_M173554018RE.cub"
    TO           = "/media/gengxun/My
                    Passport/data/lro/testdata_lunar_80S_89.9S/texture_lightin-
                    g_pair_selection/original_gsd/large_dom_match/sift_flann/m-
                    atch_viz/preview_cache/level7/dom_M173554018RE__786fc51c59-
                    a423bbcc032e516a5c2dd90e6ea38c7331f05daeafd1f2d708c9dd.cub"
    ALGORITHM    = AVERAGE
    MODE         = scale
    SSCALE       = 128
    LSCALE       = 128
    VALIDPER     = 50
    VPER_REPLACE = NULL
  End_Group

  Group = Results
    InputLines      = 5744
    InputSamples    = 26387
    StartingLine    = 1
    StartingSample  = 1
    EndingLine      = 5744
    EndingSample    = 26387
    LineIncrement   = 128.0
    SampleIncrement = 128.0
    OutputLines     = 45
    OutputSamples   = 206
  End_Group

  Group = Accounting
    ConnectTime = 00:00:04.7
    CpuTime     = 00:00:04.7
  End_Group
End_Object


Object = reduce
  IsisVersion       = "9.0.0  | 2026-01-05"
  ProgramVersion    = 2013-11-06
  ProgramPath       = /home/gengxun/miniconda3/envs/asp360_new/bin
  ExecutionDateTime = 2026-05-30T08:53:23
  HostName          = Unknown
  UserName          = gengxun
  Description       = "Reduce the pixel dimensions of an image"

  Group = UserParameters
    FROM         = "/media/gengxun/My
                    Passport/data/lro/testdata_lunar_80S_89.9S/texture_lightin-
                    g_pair_selection/original_gsd/work/dom_M173554018LE.cub"
    TO           = "/media/gengxun/My
                    Passport/data/lro/testdata_lunar_80S_89.9S/texture_lightin-
                    g_pair_selection/original_gsd/large_dom_match/sift_flann/m-
                    atch_viz/preview_cache/level5/dom_M173554018LE__50abf69ca6-
                    0747a323304420f43b08fb032190c5b247568f3747f98c96722aa6.cub"
    ALGORITHM    = AVERAGE
    MODE         = scale
    SSCALE       = 32
    LSCALE       = 32
    VALIDPER     = 50
    VPER_REPLACE = NULL
  End_Group

  Group = Results
    InputLines      = 5597
    InputSamples    = 26397
    StartingLine    = 1
    StartingSample  = 1
    EndingLine      = 5597
    EndingSample    = 26397
    LineIncrement   = 32.0
    SampleIncrement = 32.0
    OutputLines     = 175
    OutputSamples   = 825
  End_Group

  Group = Accounting
    ConnectTime = 00:00:04.5
    CpuTime     = 00:00:04.5
  End_Group
End_Object


Object = reduce
  IsisVersion       = "9.0.0  | 2026-01-05"
  ProgramVersion    = 2013-11-06
  ProgramPath       = /home/gengxun/miniconda3/envs/asp360_new/bin
  ExecutionDateTime = 2026-05-30T08:53:27
  HostName          = Unknown
  UserName          = gengxun
  Description       = "Reduce the pixel dimensions of an image"

  Group = UserParameters
    FROM         = "/media/gengxun/My
                    Passport/data/lro/testdata_lunar_80S_89.9S/texture_lightin-
                    g_pair_selection/original_gsd/work/dom_M173554018RE.cub"
    TO           = "/media/gengxun/My
                    Passport/data/lro/testdata_lunar_80S_89.9S/texture_lightin-
                    g_pair_selection/original_gsd/large_dom_match/sift_flann/m-
                    atch_viz/preview_cache/level5/dom_M173554018RE__786fc51c59-
                    a423bbcc032e516a5c2dd90e6ea38c7331f05daeafd1f2d708c9dd.cub"
    ALGORITHM    = AVERAGE
    MODE         = scale
    SSCALE       = 32
    LSCALE       = 32
    VALIDPER     = 50
    VPER_REPLACE = NULL
  End_Group

  Group = Results
    InputLines      = 5744
    InputSamples    = 26387
    StartingLine    = 1
    StartingSample  = 1
    EndingLine      = 5744
    EndingSample    = 26387
    LineIncrement   = 32.0
    SampleIncrement = 32.0
    OutputLines     = 180
    OutputSamples   = 825
  End_Group

  Group = Accounting
    ConnectTime = 00:00:04.7
    CpuTime     = 00:00:04.7
  End_Group
End_Object


Object = reduce
  IsisVersion       = "9.0.0  | 2026-01-05"
  ProgramVersion    = 2013-11-06
  ProgramPath       = /home/gengxun/miniconda3/envs/asp360_new/bin
  ExecutionDateTime = 2026-05-30T08:54:25
  HostName          = Unknown
  UserName          = gengxun
  Description       = "Reduce the pixel dimensions of an image"

  Group = UserParameters
    FROM         = "/media/gengxun/My
                    Passport/data/lro/testdata_lunar_80S_89.9S/texture_lightin-
                    g_pair_selection/original_gsd/work/dom_M1137240043RE.cub"
    TO           = "/media/gengxun/My
                    Passport/data/lro/testdata_lunar_80S_89.9S/texture_lightin-
                    g_pair_selection/original_gsd/large_dom_match/sift_flann/m-
                    atch_viz/preview_cache/level7/dom_M1137240043RE__e24ce9bea-
                    5fe8055d6fb53889367f3db1d0c6d0c7e3a0b49d8b8ff14b61a12ff.cu-
                    b"
    ALGORITHM    = AVERAGE
    MODE         = scale
    SSCALE       = 128
    LSCALE       = 128
    VALIDPER     = 50
    VPER_REPLACE = NULL
  End_Group

  Group = Results
    InputLines      = 20627
    InputSamples    = 69601
    StartingLine    = 1
    StartingSample  = 1
    EndingLine      = 20627
    EndingSample    = 69601
    LineIncrement   = 128.0
    SampleIncrement = 128.0
    OutputLines     = 161
    OutputSamples   = 544
  End_Group

  Group = Accounting
    ConnectTime = 00:01:08.6
    CpuTime     = 00:01:06.1
  End_Group
End_Object


Object = reduce
  IsisVersion       = "9.0.0  | 2026-01-05"
  ProgramVersion    = 2013-11-06
  ProgramPath       = /home/gengxun/miniconda3/envs/asp360_new/bin
  ExecutionDateTime = 2026-05-30T08:55:34
  HostName          = Unknown
  UserName          = gengxun
  Description       = "Reduce the pixel dimensions of an image"

  Group = UserParameters
    FROM         = "/media/gengxun/My
                    Passport/data/lro/testdata_lunar_80S_89.9S/texture_lightin-
                    g_pair_selection/original_gsd/work/dom_M1137247155LE.cub"
    TO           = "/media/gengxun/My
                    Passport/data/lro/testdata_lunar_80S_89.9S/texture_lightin-
                    g_pair_selection/original_gsd/large_dom_match/sift_flann/m-
                    atch_viz/preview_cache/level7/dom_M1137247155LE__66e1be3d1-
                    b6ce6674499641d3f209db5e78ee31c113e6a3985dda4629296ef93.cu-
                    b"
    ALGORITHM    = AVERAGE
    MODE         = scale
    SSCALE       = 128
    LSCALE       = 128
    VALIDPER     = 50
    VPER_REPLACE = NULL
  End_Group

  Group = Results
    InputLines      = 15189
    InputSamples    = 45892
    StartingLine    = 1
    StartingSample  = 1
    EndingLine      = 15189
    EndingSample    = 45892
    LineIncrement   = 128.0
    SampleIncrement = 128.0
    OutputLines     = 119
    OutputSamples   = 359
  End_Group

  Group = Accounting
    ConnectTime = 00:00:31.4
    CpuTime     = 00:00:30.5
  End_Group
End_Object


Object = reduce
  IsisVersion       = "9.0.0  | 2026-01-05"
  ProgramVersion    = 2013-11-06
  ProgramPath       = /home/gengxun/miniconda3/envs/asp360_new/bin
  ExecutionDateTime = 2026-05-30T08:56:33
  HostName          = Unknown
  UserName          = gengxun
  Description       = "Reduce the pixel dimensions of an image"

  Group = UserParameters
    FROM         = "/media/gengxun/My
                    Passport/data/lro/testdata_lunar_80S_89.9S/texture_lightin-
                    g_pair_selection/original_gsd/work/dom_M1200848465RE.cub"
    TO           = "/media/gengxun/My
                    Passport/data/lro/testdata_lunar_80S_89.9S/texture_lightin-
                    g_pair_selection/original_gsd/large_dom_match/sift_flann/m-
                    atch_viz/preview_cache/level7/dom_M1200848465RE__85ac0cb76-
                    ad48f0022420d4d486c6e4393f906c3c2a69329b9e09970c28b0493.cu-
                    b"
    ALGORITHM    = AVERAGE
    MODE         = scale
    SSCALE       = 128
    LSCALE       = 128
    VALIDPER     = 50
    VPER_REPLACE = NULL
  End_Group

  Group = Results
    InputLines      = 32675
    InputSamples    = 84447
    StartingLine    = 1
    StartingSample  = 1
    EndingLine      = 32675
    EndingSample    = 84447
    LineIncrement   = 128.0
    SampleIncrement = 128.0
    OutputLines     = 255
    OutputSamples   = 660
  End_Group

  Group = Accounting
    ConnectTime = 00:02:16.0
    CpuTime     = 00:02:10.3
  End_Group
End_Object


Object = reduce
  IsisVersion       = "9.0.0  | 2026-01-05"
  ProgramVersion    = 2013-11-06
  ProgramPath       = /home/gengxun/miniconda3/envs/asp360_new/bin
  ExecutionDateTime = 2026-05-30T08:58:49
  HostName          = Unknown
  UserName          = gengxun
  Description       = "Reduce the pixel dimensions of an image"

  Group = UserParameters
    FROM         = "/media/gengxun/My
                    Passport/data/lro/testdata_lunar_80S_89.9S/texture_lightin-
                    g_pair_selection/original_gsd/work/dom_M173567595LE.cub"
    TO           = "/media/gengxun/My
                    Passport/data/lro/testdata_lunar_80S_89.9S/texture_lightin-
                    g_pair_selection/original_gsd/large_dom_match/sift_flann/m-
                    atch_viz/preview_cache/level7/dom_M173567595LE__f8e3bf9cfb-
                    433bbe9f3627312d1f1f42090928570d3403cfe5481e9cad1eb4ac.cub"
    ALGORITHM    = AVERAGE
    MODE         = scale
    SSCALE       = 128
    LSCALE       = 128
    VALIDPER     = 50
    VPER_REPLACE = NULL
  End_Group

  Group = Results
    InputLines      = 6532
    InputSamples    = 26365
    StartingLine    = 1
    StartingSample  = 1
    EndingLine      = 6532
    EndingSample    = 26365
    LineIncrement   = 128.0
    SampleIncrement = 128.0
    OutputLines     = 51
    OutputSamples   = 206
  End_Group

  Group = Accounting
    ConnectTime = 00:00:05.7
    CpuTime     = 00:00:05.3
  End_Group
End_Object


Object = reduce
  IsisVersion       = "9.0.0  | 2026-01-05"
  ProgramVersion    = 2013-11-06
  ProgramPath       = /home/gengxun/miniconda3/envs/asp360_new/bin
  ExecutionDateTime = 2026-05-30T09:04:13
  HostName          = Unknown
  UserName          = gengxun
  Description       = "Reduce the pixel dimensions of an image"

  Group = UserParameters
    FROM         = "/media/gengxun/My
                    Passport/data/lro/testdata_lunar_80S_89.9S/texture_lightin-
                    g_pair_selection/original_gsd/work/dom_M110860982RE.cub"
    TO           = "/media/gengxun/My
                    Passport/data/lro/testdata_lunar_80S_89.9S/texture_lightin-
                    g_pair_selection/original_gsd/large_dom_match/adaptive/mat-
                    ch_viz/preview_cache/level7/dom_M110860982RE__5f19c0885f02-
                    89873346118b56ed5536c957dd557aa03362781fff3aa27dd8b0.cub"
    ALGORITHM    = AVERAGE
    MODE         = scale
    SSCALE       = 128
    LSCALE       = 128
    VALIDPER     = 50
    VPER_REPLACE = NULL
  End_Group

  Group = Results
    InputLines      = 44348
    InputSamples    = 106190
    StartingLine    = 1
    StartingSample  = 1
    EndingLine      = 44348
    EndingSample    = 106190
    LineIncrement   = 128.0
    SampleIncrement = 128.0
    OutputLines     = 346
    OutputSamples   = 830
  End_Group

  Group = Accounting
    ConnectTime = 00:03:42.4
    CpuTime     = 00:03:32.0
  End_Group
End_Object


Object = reduce
  IsisVersion       = "9.0.0  | 2026-01-05"
  ProgramVersion    = 2013-11-06
  ProgramPath       = /home/gengxun/miniconda3/envs/asp360_new/bin
  ExecutionDateTime = 2026-05-30T09:07:56
  HostName          = Unknown
  UserName          = gengxun
  Description       = "Reduce the pixel dimensions of an image"

  Group = UserParameters
    FROM         = "/media/gengxun/My
                    Passport/data/lro/testdata_lunar_80S_89.9S/texture_lightin-
                    g_pair_selection/original_gsd/work/dom_M110881352RE.cub"
    TO           = "/media/gengxun/My
                    Passport/data/lro/testdata_lunar_80S_89.9S/texture_lightin-
                    g_pair_selection/original_gsd/large_dom_match/adaptive/mat-
                    ch_viz/preview_cache/level7/dom_M110881352RE__73e3776abcb1-
                    6eb7612c3c657c86fb41f62198b02591fa5b37227009ed2b4d73.cub"
    ALGORITHM    = AVERAGE
    MODE         = scale
    SSCALE       = 128
    LSCALE       = 128
    VALIDPER     = 50
    VPER_REPLACE = NULL
  End_Group

  Group = Results
    InputLines      = 38401
    InputSamples    = 107975
    StartingLine    = 1
    StartingSample  = 1
    EndingLine      = 38401
    EndingSample    = 107975
    LineIncrement   = 128.0
    SampleIncrement = 128.0
    OutputLines     = 300
    OutputSamples   = 844
  End_Group

  Group = Accounting
    ConnectTime = 00:03:16.0
    CpuTime     = 00:03:06.9
  End_Group
End_Object


Object = reduce
  IsisVersion       = "9.0.0  | 2026-01-05"
  ProgramVersion    = 2013-11-06
  ProgramPath       = /home/gengxun/miniconda3/envs/asp360_new/bin
  ExecutionDateTime = 2026-05-30T09:16:36
  HostName          = Unknown
  UserName          = gengxun
  Description       = "Reduce the pixel dimensions of an image"

  Group = UserParameters
    FROM         = "/media/gengxun/My
                    Passport/data/lro/testdata_lunar_80S_89.9S/texture_lightin-
                    g_pair_selection/original_gsd/work/dom_M110840613RE.cub"
    TO           = "/media/gengxun/My
                    Passport/data/lro/testdata_lunar_80S_89.9S/texture_lightin-
                    g_pair_selection/original_gsd/large_dom_match/adaptive/mat-
                    ch_viz/preview_cache/level7/dom_M110840613RE__192026ac9db6-
                    ee0d850570fadc9a588796f32d85bcfe11621da494b3d3137720.cub"
    ALGORITHM    = AVERAGE
    MODE         = scale
    SSCALE       = 128
    LSCALE       = 128
    VALIDPER     = 50
    VPER_REPLACE = NULL
  End_Group

  Group = Results
    InputLines      = 49927
    InputSamples    = 103882
    StartingLine    = 1
    StartingSample  = 1
    EndingLine      = 49927
    EndingSample    = 103882
    LineIncrement   = 128.0
    SampleIncrement = 128.0
    OutputLines     = 390
    OutputSamples   = 812
  End_Group

  Group = Accounting
    ConnectTime = 00:04:28.4
    CpuTime     = 00:04:16.8
  End_Group
End_Object


Object = reduce
  IsisVersion       = "9.0.0  | 2026-01-05"
  ProgramVersion    = 2013-11-06
  ProgramPath       = /home/gengxun/miniconda3/envs/asp360_new/bin
  ExecutionDateTime = 2026-05-30T09:21:39
  HostName          = Unknown
  UserName          = gengxun
  Description       = "Reduce the pixel dimensions of an image"

  Group = UserParameters
    FROM         = "/media/gengxun/My
                    Passport/data/lro/testdata_lunar_80S_89.9S/texture_lightin-
                    g_pair_selection/original_gsd/work/dom_M1109027420LE.cub"
    TO           = "/media/gengxun/My
                    Passport/data/lro/testdata_lunar_80S_89.9S/texture_lightin-
                    g_pair_selection/original_gsd/large_dom_match/adaptive/mat-
                    ch_viz/preview_cache/level7/dom_M1109027420LE__f7ba299966a-
                    f4f1b1043f1e3af600b55b2f1364de25b4834de2cbe00a0f49e3b.cub"
    ALGORITHM    = AVERAGE
    MODE         = scale
    SSCALE       = 128
    LSCALE       = 128
    VALIDPER     = 50
    VPER_REPLACE = NULL
  End_Group

  Group = Results
    InputLines      = 38215
    InputSamples    = 81497
    StartingLine    = 1
    StartingSample  = 1
    EndingLine      = 38215
    EndingSample    = 81497
    LineIncrement   = 128.0
    SampleIncrement = 128.0
    OutputLines     = 299
    OutputSamples   = 637
  End_Group

  Group = Accounting
    ConnectTime = 00:02:40.8
    CpuTime     = 00:02:34.0
  End_Group
End_Object


Object = reduce
  IsisVersion       = "9.0.0  | 2026-01-05"
  ProgramVersion    = 2013-11-06
  ProgramPath       = /home/gengxun/miniconda3/envs/asp360_new/bin
  ExecutionDateTime = 2026-05-30T09:24:20
  HostName          = Unknown
  UserName          = gengxun
  Description       = "Reduce the pixel dimensions of an image"

  Group = UserParameters
    FROM         = "/media/gengxun/My
                    Passport/data/lro/testdata_lunar_80S_89.9S/texture_lightin-
                    g_pair_selection/original_gsd/work/dom_M140537125RE.cub"
    TO           = "/media/gengxun/My
                    Passport/data/lro/testdata_lunar_80S_89.9S/texture_lightin-
                    g_pair_selection/original_gsd/large_dom_match/adaptive/mat-
                    ch_viz/preview_cache/level7/dom_M140537125RE__16a6b730eee0-
                    d4b68aa6bbc51363835844a750fbdafd9824efbd5535aaac37ad.cub"
    ALGORITHM    = AVERAGE
    MODE         = scale
    SSCALE       = 128
    LSCALE       = 128
    VALIDPER     = 50
    VPER_REPLACE = NULL
  End_Group

  Group = Results
    InputLines      = 8331
    InputSamples    = 55363
    StartingLine    = 1
    StartingSample  = 1
    EndingLine      = 8331
    EndingSample    = 55363
    LineIncrement   = 128.0
    SampleIncrement = 128.0
    OutputLines     = 65
    OutputSamples   = 433
  End_Group

  Group = Accounting
    ConnectTime = 00:00:18.4
    CpuTime     = 00:00:17.4
  End_Group
End_Object


Object = reduce
  IsisVersion       = "9.0.0  | 2026-01-05"
  ProgramVersion    = 2013-11-06
  ProgramPath       = /home/gengxun/miniconda3/envs/asp360_new/bin
  ExecutionDateTime = 2026-05-30T09:25:20
  HostName          = Unknown
  UserName          = gengxun
  Description       = "Reduce the pixel dimensions of an image"

  Group = UserParameters
    FROM         = "/media/gengxun/My
                    Passport/data/lro/testdata_lunar_80S_89.9S/texture_lightin-
                    g_pair_selection/original_gsd/work/dom_M140550700LE.cub"
    TO           = "/media/gengxun/My
                    Passport/data/lro/testdata_lunar_80S_89.9S/texture_lightin-
                    g_pair_selection/original_gsd/large_dom_match/adaptive/mat-
                    ch_viz/preview_cache/level7/dom_M140550700LE__c254b004493f-
                    b3f2035f2388e7815febf32a13133daa387ded81b331254f87fb.cub"
    ALGORITHM    = AVERAGE
    MODE         = scale
    SSCALE       = 128
    LSCALE       = 128
    VALIDPER     = 50
    VPER_REPLACE = NULL
  End_Group

  Group = Results
    InputLines      = 10312
    InputSamples    = 55181
    StartingLine    = 1
    StartingSample  = 1
    EndingLine      = 10312
    EndingSample    = 55181
    LineIncrement   = 128.0
    SampleIncrement = 128.0
    OutputLines     = 81
    OutputSamples   = 431
  End_Group

  Group = Accounting
    ConnectTime = 00:00:22.6
    CpuTime     = 00:00:22.6
  End_Group
End_Object


Object = reduce
  IsisVersion       = "9.0.0  | 2026-01-05"
  ProgramVersion    = 2013-11-06
  ProgramPath       = /home/gengxun/miniconda3/envs/asp360_new/bin
  ExecutionDateTime = 2026-05-30T09:31:13
  HostName          = Unknown
  UserName          = gengxun
  Description       = "Reduce the pixel dimensions of an image"

  Group = UserParameters
    FROM         = "/media/gengxun/My
                    Passport/data/lro/testdata_lunar_80S_89.9S/texture_lightin-
                    g_pair_selection/original_gsd/work/dom_M1106754872LE.cub"
    TO           = "/media/gengxun/My
                    Passport/data/lro/testdata_lunar_80S_89.9S/texture_lightin-
                    g_pair_selection/original_gsd/large_dom_match/adaptive/mat-
                    ch_viz/preview_cache/level7/dom_M1106754872LE__3d3c8c8f2f7-
                    d432c9945a4fd822d32cd78389acc7bf31f4ea2a1ab68df7ddbe7.cub"
    ALGORITHM    = AVERAGE
    MODE         = scale
    SSCALE       = 128
    LSCALE       = 128
    VALIDPER     = 50
    VPER_REPLACE = NULL
  End_Group

  Group = Results
    InputLines      = 55478
    InputSamples    = 71484
    StartingLine    = 1
    StartingSample  = 1
    EndingLine      = 55478
    EndingSample    = 71484
    LineIncrement   = 128.0
    SampleIncrement = 128.0
    OutputLines     = 433
    OutputSamples   = 558
  End_Group

  Group = Accounting
    ConnectTime = 00:03:08.3
    CpuTime     = 00:02:58.8
  End_Group
End_Object


Object = reduce
  IsisVersion       = "9.0.0  | 2026-01-05"
  ProgramVersion    = 2013-11-06
  ProgramPath       = /home/gengxun/miniconda3/envs/asp360_new/bin
  ExecutionDateTime = 2026-05-30T09:34:22
  HostName          = Unknown
  UserName          = gengxun
  Description       = "Reduce the pixel dimensions of an image"

  Group = UserParameters
    FROM         = "/media/gengxun/My
                    Passport/data/lro/testdata_lunar_80S_89.9S/texture_lightin-
                    g_pair_selection/original_gsd/work/dom_M1106769166LE.cub"
    TO           = "/media/gengxun/My
                    Passport/data/lro/testdata_lunar_80S_89.9S/texture_lightin-
                    g_pair_selection/original_gsd/large_dom_match/adaptive/mat-
                    ch_viz/preview_cache/level7/dom_M1106769166LE__c487508bc0d-
                    69e448b266fad9020ab27cdce8bca27b05d48db2d46548d235c78.cub"
    ALGORITHM    = AVERAGE
    MODE         = scale
    SSCALE       = 128
    LSCALE       = 128
    VALIDPER     = 50
    VPER_REPLACE = NULL
  End_Group

  Group = Results
    InputLines      = 58110
    InputSamples    = 69339
    StartingLine    = 1
    StartingSample  = 1
    EndingLine      = 58110
    EndingSample    = 69339
    LineIncrement   = 128.0
    SampleIncrement = 128.0
    OutputLines     = 454
    OutputSamples   = 542
  End_Group

  Group = Accounting
    ConnectTime = 00:03:14.1
    CpuTime     = 00:03:04.8
  End_Group
End_Object


Object = reduce
  IsisVersion       = "9.0.0  | 2026-01-05"
  ProgramVersion    = 2013-11-06
  ProgramPath       = /home/gengxun/miniconda3/envs/asp360_new/bin
  ExecutionDateTime = 2026-05-30T09:43:20
  HostName          = Unknown
  UserName          = gengxun
  Description       = "Reduce the pixel dimensions of an image"

  Group = UserParameters
    FROM         = "/media/gengxun/My
                    Passport/data/lro/testdata_lunar_80S_89.9S/texture_lightin-
                    g_pair_selection/original_gsd/work/dom_M173710225LE.cub"
    TO           = "/media/gengxun/My
                    Passport/data/lro/testdata_lunar_80S_89.9S/texture_lightin-
                    g_pair_selection/original_gsd/large_dom_match/adaptive/mat-
                    ch_viz/preview_cache/level7/dom_M173710225LE__e8e60cecbc6a-
                    9bf65878c2780a83c65efcd5a7f5dd04ff7d1e3c165c778db061.cub"
    ALGORITHM    = AVERAGE
    MODE         = scale
    SSCALE       = 128
    LSCALE       = 128
    VALIDPER     = 50
    VPER_REPLACE = NULL
  End_Group

  Group = Results
    InputLines      = 46039
    InputSamples    = 75337
    StartingLine    = 1
    StartingSample  = 1
    EndingLine      = 46039
    EndingSample    = 75337
    LineIncrement   = 128.0
    SampleIncrement = 128.0
    OutputLines     = 360
    OutputSamples   = 589
  End_Group

  Group = Accounting
    ConnectTime = 00:02:44.2
    CpuTime     = 00:02:36.8
  End_Group
End_Object


Object = reduce
  IsisVersion       = "9.0.0  | 2026-01-05"
  ProgramVersion    = 2013-11-06
  ProgramPath       = /home/gengxun/miniconda3/envs/asp360_new/bin
  ExecutionDateTime = 2026-05-30T09:46:04
  HostName          = Unknown
  UserName          = gengxun
  Description       = "Reduce the pixel dimensions of an image"

  Group = UserParameters
    FROM         = "/media/gengxun/My
                    Passport/data/lro/testdata_lunar_80S_89.9S/texture_lightin-
                    g_pair_selection/original_gsd/work/dom_M173717012LE.cub"
    TO           = "/media/gengxun/My
                    Passport/data/lro/testdata_lunar_80S_89.9S/texture_lightin-
                    g_pair_selection/original_gsd/large_dom_match/adaptive/mat-
                    ch_viz/preview_cache/level7/dom_M173717012LE__f5101f835330-
                    3259df62ae90bff43cfc0d21c1172931ff97848d0489b2819343.cub"
    ALGORITHM    = AVERAGE
    MODE         = scale
    SSCALE       = 128
    LSCALE       = 128
    VALIDPER     = 50
    VPER_REPLACE = NULL
  End_Group

  Group = Results
    InputLines      = 47356
    InputSamples    = 74529
    StartingLine    = 1
    StartingSample  = 1
    EndingLine      = 47356
    EndingSample    = 74529
    LineIncrement   = 128.0
    SampleIncrement = 128.0
    OutputLines     = 370
    OutputSamples   = 582
  End_Group

  Group = Accounting
    ConnectTime = 00:02:45.5
    CpuTime     = 00:02:37.8
  End_Group
End_Object


Object = reduce
  IsisVersion       = "9.0.0  | 2026-01-05"
  ProgramVersion    = 2013-11-06
  ProgramPath       = /home/gengxun/miniconda3/envs/asp360_new/bin
  ExecutionDateTime = 2026-05-30T09:49:40
  HostName          = Unknown
  UserName          = gengxun
  Description       = "Reduce the pixel dimensions of an image"

  Group = UserParameters
    FROM         = "/media/gengxun/My
                    Passport/data/lro/testdata_lunar_80S_89.9S/texture_lightin-
                    g_pair_selection/original_gsd/work/dom_M1203964116RE.cub"
    TO           = "/media/gengxun/My
                    Passport/data/lro/testdata_lunar_80S_89.9S/texture_lightin-
                    g_pair_selection/original_gsd/large_dom_match/adaptive/mat-
                    ch_viz/preview_cache/level6/dom_M1203964116RE__f524722d0e9-
                    dff730351ab059ae10b2d63d0626f3c2e1ff1ab8364f5de57369c.cub"
    ALGORITHM    = AVERAGE
    MODE         = scale
    SSCALE       = 64
    LSCALE       = 64
    VALIDPER     = 50
    VPER_REPLACE = NULL
  End_Group

  Group = Results
    InputLines      = 61891
    InputSamples    = 65272
    StartingLine    = 1
    StartingSample  = 1
    EndingLine      = 61891
    EndingSample    = 65272
    LineIncrement   = 64.0
    SampleIncrement = 64.0
    OutputLines     = 967
    OutputSamples   = 1020
  End_Group

  Group = Accounting
    ConnectTime = 00:03:10.8
    CpuTime     = 00:03:02.4
  End_Group
End_Object


Object = reduce
  IsisVersion       = "9.0.0  | 2026-01-05"
  ProgramVersion    = 2013-11-06
  ProgramPath       = /home/gengxun/miniconda3/envs/asp360_new/bin
  ExecutionDateTime = 2026-05-30T09:52:51
  HostName          = Unknown
  UserName          = gengxun
  Description       = "Reduce the pixel dimensions of an image"

  Group = UserParameters
    FROM         = "/media/gengxun/My
                    Passport/data/lro/testdata_lunar_80S_89.9S/texture_lightin-
                    g_pair_selection/original_gsd/work/dom_M140577849LE.cub"
    TO           = "/media/gengxun/My
                    Passport/data/lro/testdata_lunar_80S_89.9S/texture_lightin-
                    g_pair_selection/original_gsd/large_dom_match/adaptive/mat-
                    ch_viz/preview_cache/level6/dom_M140577849LE__1f8dff216928-
                    472c82ac64ec769c9838b6f07332486dcfd57e319cb5929dac7a.cub"
    ALGORITHM    = AVERAGE
    MODE         = scale
    SSCALE       = 64
    LSCALE       = 64
    VALIDPER     = 50
    VPER_REPLACE = NULL
  End_Group

  Group = Results
    InputLines      = 14432
    InputSamples    = 55329
    StartingLine    = 1
    StartingSample  = 1
    EndingLine      = 14432
    EndingSample    = 55329
    LineIncrement   = 64.0
    SampleIncrement = 64.0
    OutputLines     = 226
    OutputSamples   = 865
  End_Group

  Group = Accounting
    ConnectTime = 00:00:33.5
    CpuTime     = 00:00:32.1
  End_Group
End_Object


Object = reduce
  IsisVersion       = "9.0.0  | 2026-01-05"
  ProgramVersion    = 2013-11-06
  ProgramPath       = /home/gengxun/miniconda3/envs/asp360_new/bin
  ExecutionDateTime = 2026-05-30T09:54:12
  HostName          = Unknown
  UserName          = gengxun
  Description       = "Reduce the pixel dimensions of an image"

  Group = UserParameters
    FROM         = "/media/gengxun/My
                    Passport/data/lro/testdata_lunar_80S_89.9S/texture_lightin-
                    g_pair_selection/original_gsd/work/dom_M140577849RE.cub"
    TO           = "/media/gengxun/My
                    Passport/data/lro/testdata_lunar_80S_89.9S/texture_lightin-
                    g_pair_selection/original_gsd/large_dom_match/adaptive/mat-
                    ch_viz/preview_cache/level6/dom_M140577849RE__d36c42331dd7-
                    90665e246b368b5ee22ea437a8bece6f6a887e2ab5cacd54a6e9.cub"
    ALGORITHM    = AVERAGE
    MODE         = scale
    SSCALE       = 64
    LSCALE       = 64
    VALIDPER     = 50
    VPER_REPLACE = NULL
  End_Group

  Group = Results
    InputLines      = 14447
    InputSamples    = 55334
    StartingLine    = 1
    StartingSample  = 1
    EndingLine      = 14447
    EndingSample    = 55334
    LineIncrement   = 64.0
    SampleIncrement = 64.0
    OutputLines     = 226
    OutputSamples   = 865
  End_Group

  Group = Accounting
    ConnectTime = 00:00:32.4
    CpuTime     = 00:00:31.2
  End_Group
End_Object


Object = reduce
  IsisVersion       = "9.0.0  | 2026-01-05"
  ProgramVersion    = 2013-11-06
  ProgramPath       = /home/gengxun/miniconda3/envs/asp360_new/bin
  ExecutionDateTime = 2026-05-30T09:58:17
  HostName          = Unknown
  UserName          = gengxun
  Description       = "Reduce the pixel dimensions of an image"

  Group = UserParameters
    FROM         = "/media/gengxun/My
                    Passport/data/lro/testdata_lunar_80S_89.9S/texture_lightin-
                    g_pair_selection/original_gsd/work/dom_M1232279241LE.cub"
    TO           = "/media/gengxun/My
                    Passport/data/lro/testdata_lunar_80S_89.9S/texture_lightin-
                    g_pair_selection/original_gsd/large_dom_match/adaptive/mat-
                    ch_viz/preview_cache/level7/dom_M1232279241LE__aa455f0697e-
                    53ea0a2c2c4663ecf2035c4fa6f08f7e06ae632448d57e17ebe2a.cub"
    ALGORITHM    = AVERAGE
    MODE         = scale
    SSCALE       = 128
    LSCALE       = 128
    VALIDPER     = 50
    VPER_REPLACE = NULL
  End_Group

  Group = Results
    InputLines      = 48708
    InputSamples    = 75647
    StartingLine    = 1
    StartingSample  = 1
    EndingLine      = 48708
    EndingSample    = 75647
    LineIncrement   = 128.0
    SampleIncrement = 128.0
    OutputLines     = 381
    OutputSamples   = 591
  End_Group

  Group = Accounting
    ConnectTime = 00:02:46.8
    CpuTime     = 00:02:40.7
  End_Group
End_Object


Object = reduce
  IsisVersion       = "9.0.0  | 2026-01-05"
  ProgramVersion    = 2013-11-06
  ProgramPath       = /home/gengxun/miniconda3/envs/asp360_new/bin
  ExecutionDateTime = 2026-05-30T10:01:04
  HostName          = Unknown
  UserName          = gengxun
  Description       = "Reduce the pixel dimensions of an image"

  Group = UserParameters
    FROM         = "/media/gengxun/My
                    Passport/data/lro/testdata_lunar_80S_89.9S/texture_lightin-
                    g_pair_selection/original_gsd/work/dom_M1232286275LE.cub"
    TO           = "/media/gengxun/My
                    Passport/data/lro/testdata_lunar_80S_89.9S/texture_lightin-
                    g_pair_selection/original_gsd/large_dom_match/adaptive/mat-
                    ch_viz/preview_cache/level7/dom_M1232286275LE__b574dd436ee-
                    4a2441d9d00607e15ba5b2650ad818728d1e0f460bc10fcd1cd8c.cub"
    ALGORITHM    = AVERAGE
    MODE         = scale
    SSCALE       = 128
    LSCALE       = 128
    VALIDPER     = 50
    VPER_REPLACE = NULL
  End_Group

  Group = Results
    InputLines      = 47314
    InputSamples    = 76497
    StartingLine    = 1
    StartingSample  = 1
    EndingLine      = 47314
    EndingSample    = 76497
    LineIncrement   = 128.0
    SampleIncrement = 128.0
    OutputLines     = 370
    OutputSamples   = 598
  End_Group

  Group = Accounting
    ConnectTime = 00:02:48.7
    CpuTime     = 00:02:40.8
  End_Group
End_Object


Object = reduce
  IsisVersion       = "9.0.0  | 2026-01-05"
  ProgramVersion    = 2013-11-06
  ProgramPath       = /home/gengxun/miniconda3/envs/asp360_new/bin
  ExecutionDateTime = 2026-05-30T10:06:50
  HostName          = Unknown
  UserName          = gengxun
  Description       = "Reduce the pixel dimensions of an image"

  Group = UserParameters
    FROM         = "/media/gengxun/My
                    Passport/data/lro/testdata_lunar_80S_89.9S/texture_lightin-
                    g_pair_selection/original_gsd/work/dom_M1232293303LE.cub"
    TO           = "/media/gengxun/My
                    Passport/data/lro/testdata_lunar_80S_89.9S/texture_lightin-
                    g_pair_selection/original_gsd/large_dom_match/adaptive/mat-
                    ch_viz/preview_cache/level7/dom_M1232293303LE__f15c23a9158-
                    43343858ab8663318bc079cbd5076d38f04529a1a8d97797fab66.cub"
    ALGORITHM    = AVERAGE
    MODE         = scale
    SSCALE       = 128
    LSCALE       = 128
    VALIDPER     = 50
    VPER_REPLACE = NULL
  End_Group

  Group = Results
    InputLines      = 45842
    InputSamples    = 77288
    StartingLine    = 1
    StartingSample  = 1
    EndingLine      = 45842
    EndingSample    = 77288
    LineIncrement   = 128.0
    SampleIncrement = 128.0
    OutputLines     = 358
    OutputSamples   = 604
  End_Group

  Group = Accounting
    ConnectTime = 00:02:44.8
    CpuTime     = 00:02:37.4
  End_Group
End_Object


Object = reduce
  IsisVersion       = "9.0.0  | 2026-01-05"
  ProgramVersion    = 2013-11-06
  ProgramPath       = /home/gengxun/miniconda3/envs/asp360_new/bin
  ExecutionDateTime = 2026-05-30T10:10:00
  HostName          = Unknown
  UserName          = gengxun
  Description       = "Reduce the pixel dimensions of an image"

  Group = UserParameters
    FROM         = "/media/gengxun/My
                    Passport/data/lro/testdata_lunar_80S_89.9S/texture_lightin-
                    g_pair_selection/original_gsd/work/dom_M173554018LE.cub"
    TO           = "/media/gengxun/My
                    Passport/data/lro/testdata_lunar_80S_89.9S/texture_lightin-
                    g_pair_selection/original_gsd/large_dom_match/adaptive/mat-
                    ch_viz/preview_cache/level7/dom_M173554018LE__50abf69ca607-
                    47a323304420f43b08fb032190c5b247568f3747f98c96722aa6.cub"
    ALGORITHM    = AVERAGE
    MODE         = scale
    SSCALE       = 128
    LSCALE       = 128
    VALIDPER     = 50
    VPER_REPLACE = NULL
  End_Group

  Group = Results
    InputLines      = 5597
    InputSamples    = 26397
    StartingLine    = 1
    StartingSample  = 1
    EndingLine      = 5597
    EndingSample    = 26397
    LineIncrement   = 128.0
    SampleIncrement = 128.0
    OutputLines     = 44
    OutputSamples   = 206
  End_Group

  Group = Accounting
    ConnectTime = 00:00:04.0
    CpuTime     = 00:00:04.0
  End_Group
End_Object


Object = reduce
  IsisVersion       = "9.0.0  | 2026-01-05"
  ProgramVersion    = 2013-11-06
  ProgramPath       = /home/gengxun/miniconda3/envs/asp360_new/bin
  ExecutionDateTime = 2026-05-30T10:10:28
  HostName          = Unknown
  UserName          = gengxun
  Description       = "Reduce the pixel dimensions of an image"

  Group = UserParameters
    FROM         = "/media/gengxun/My
                    Passport/data/lro/testdata_lunar_80S_89.9S/texture_lightin-
                    g_pair_selection/original_gsd/work/dom_M173554018RE.cub"
    TO           = "/media/gengxun/My
                    Passport/data/lro/testdata_lunar_80S_89.9S/texture_lightin-
                    g_pair_selection/original_gsd/large_dom_match/adaptive/mat-
                    ch_viz/preview_cache/level7/dom_M173554018RE__786fc51c59a4-
                    23bbcc032e516a5c2dd90e6ea38c7331f05daeafd1f2d708c9dd.cub"
    ALGORITHM    = AVERAGE
    MODE         = scale
    SSCALE       = 128
    LSCALE       = 128
    VALIDPER     = 50
    VPER_REPLACE = NULL
  End_Group

  Group = Results
    InputLines      = 5744
    InputSamples    = 26387
    StartingLine    = 1
    StartingSample  = 1
    EndingLine      = 5744
    EndingSample    = 26387
    LineIncrement   = 128.0
    SampleIncrement = 128.0
    OutputLines     = 45
    OutputSamples   = 206
  End_Group

  Group = Accounting
    ConnectTime = 00:00:04.4
    CpuTime     = 00:00:04.4
  End_Group
End_Object


Object = reduce
  IsisVersion       = "9.0.0  | 2026-01-05"
  ProgramVersion    = 2013-11-06
  ProgramPath       = /home/gengxun/miniconda3/envs/asp360_new/bin
  ExecutionDateTime = 2026-05-30T10:11:36
  HostName          = Unknown
  UserName          = gengxun
  Description       = "Reduce the pixel dimensions of an image"

  Group = UserParameters
    FROM         = "/media/gengxun/My
                    Passport/data/lro/testdata_lunar_80S_89.9S/texture_lightin-
                    g_pair_selection/original_gsd/work/dom_M173554018LE.cub"
    TO           = "/media/gengxun/My
                    Passport/data/lro/testdata_lunar_80S_89.9S/texture_lightin-
                    g_pair_selection/original_gsd/large_dom_match/adaptive/mat-
                    ch_viz/preview_cache/level5/dom_M173554018LE__50abf69ca607-
                    47a323304420f43b08fb032190c5b247568f3747f98c96722aa6.cub"
    ALGORITHM    = AVERAGE
    MODE         = scale
    SSCALE       = 32
    LSCALE       = 32
    VALIDPER     = 50
    VPER_REPLACE = NULL
  End_Group

  Group = Results
    InputLines      = 5597
    InputSamples    = 26397
    StartingLine    = 1
    StartingSample  = 1
    EndingLine      = 5597
    EndingSample    = 26397
    LineIncrement   = 32.0
    SampleIncrement = 32.0
    OutputLines     = 175
    OutputSamples   = 825
  End_Group

  Group = Accounting
    ConnectTime = 00:00:04.1
    CpuTime     = 00:00:04.1
  End_Group
End_Object


Object = reduce
  IsisVersion       = "9.0.0  | 2026-01-05"
  ProgramVersion    = 2013-11-06
  ProgramPath       = /home/gengxun/miniconda3/envs/asp360_new/bin
  ExecutionDateTime = 2026-05-30T10:11:40
  HostName          = Unknown
  UserName          = gengxun
  Description       = "Reduce the pixel dimensions of an image"

  Group = UserParameters
    FROM         = "/media/gengxun/My
                    Passport/data/lro/testdata_lunar_80S_89.9S/texture_lightin-
                    g_pair_selection/original_gsd/work/dom_M173554018RE.cub"
    TO           = "/media/gengxun/My
                    Passport/data/lro/testdata_lunar_80S_89.9S/texture_lightin-
                    g_pair_selection/original_gsd/large_dom_match/adaptive/mat-
                    ch_viz/preview_cache/level5/dom_M173554018RE__786fc51c59a4-
                    23bbcc032e516a5c2dd90e6ea38c7331f05daeafd1f2d708c9dd.cub"
    ALGORITHM    = AVERAGE
    MODE         = scale
    SSCALE       = 32
    LSCALE       = 32
    VALIDPER     = 50
    VPER_REPLACE = NULL
  End_Group

  Group = Results
    InputLines      = 5744
    InputSamples    = 26387
    StartingLine    = 1
    StartingSample  = 1
    EndingLine      = 5744
    EndingSample    = 26387
    LineIncrement   = 32.0
    SampleIncrement = 32.0
    OutputLines     = 180
    OutputSamples   = 825
  End_Group

  Group = Accounting
    ConnectTime = 00:00:04.4
    CpuTime     = 00:00:04.4
  End_Group
End_Object


Object = reduce
  IsisVersion       = "9.0.0  | 2026-01-05"
  ProgramVersion    = 2013-11-06
  ProgramPath       = /home/gengxun/miniconda3/envs/asp360_new/bin
  ExecutionDateTime = 2026-05-30T10:12:54
  HostName          = Unknown
  UserName          = gengxun
  Description       = "Reduce the pixel dimensions of an image"

  Group = UserParameters
    FROM         = "/media/gengxun/My
                    Passport/data/lro/testdata_lunar_80S_89.9S/texture_lightin-
                    g_pair_selection/original_gsd/work/dom_M1137240043RE.cub"
    TO           = "/media/gengxun/My
                    Passport/data/lro/testdata_lunar_80S_89.9S/texture_lightin-
                    g_pair_selection/original_gsd/large_dom_match/adaptive/mat-
                    ch_viz/preview_cache/level7/dom_M1137240043RE__e24ce9bea5f-
                    e8055d6fb53889367f3db1d0c6d0c7e3a0b49d8b8ff14b61a12ff.cub"
    ALGORITHM    = AVERAGE
    MODE         = scale
    SSCALE       = 128
    LSCALE       = 128
    VALIDPER     = 50
    VPER_REPLACE = NULL
  End_Group

  Group = Results
    InputLines      = 20627
    InputSamples    = 69601
    StartingLine    = 1
    StartingSample  = 1
    EndingLine      = 20627
    EndingSample    = 69601
    LineIncrement   = 128.0
    SampleIncrement = 128.0
    OutputLines     = 161
    OutputSamples   = 544
  End_Group

  Group = Accounting
    ConnectTime = 00:01:00.8
    CpuTime     = 00:00:58.8
  End_Group
End_Object


Object = reduce
  IsisVersion       = "9.0.0  | 2026-01-05"
  ProgramVersion    = 2013-11-06
  ProgramPath       = /home/gengxun/miniconda3/envs/asp360_new/bin
  ExecutionDateTime = 2026-05-30T10:13:55
  HostName          = Unknown
  UserName          = gengxun
  Description       = "Reduce the pixel dimensions of an image"

  Group = UserParameters
    FROM         = "/media/gengxun/My
                    Passport/data/lro/testdata_lunar_80S_89.9S/texture_lightin-
                    g_pair_selection/original_gsd/work/dom_M1137247155LE.cub"
    TO           = "/media/gengxun/My
                    Passport/data/lro/testdata_lunar_80S_89.9S/texture_lightin-
                    g_pair_selection/original_gsd/large_dom_match/adaptive/mat-
                    ch_viz/preview_cache/level7/dom_M1137247155LE__66e1be3d1b6-
                    ce6674499641d3f209db5e78ee31c113e6a3985dda4629296ef93.cub"
    ALGORITHM    = AVERAGE
    MODE         = scale
    SSCALE       = 128
    LSCALE       = 128
    VALIDPER     = 50
    VPER_REPLACE = NULL
  End_Group

  Group = Results
    InputLines      = 15189
    InputSamples    = 45892
    StartingLine    = 1
    StartingSample  = 1
    EndingLine      = 15189
    EndingSample    = 45892
    LineIncrement   = 128.0
    SampleIncrement = 128.0
    OutputLines     = 119
    OutputSamples   = 359
  End_Group

  Group = Accounting
    ConnectTime = 00:00:28.0
    CpuTime     = 00:00:27.6
  End_Group
End_Object


Object = reduce
  IsisVersion       = "9.0.0  | 2026-01-05"
  ProgramVersion    = 2013-11-06
  ProgramPath       = /home/gengxun/miniconda3/envs/asp360_new/bin
  ExecutionDateTime = 2026-05-30T10:15:01
  HostName          = Unknown
  UserName          = gengxun
  Description       = "Reduce the pixel dimensions of an image"

  Group = UserParameters
    FROM         = "/media/gengxun/My
                    Passport/data/lro/testdata_lunar_80S_89.9S/texture_lightin-
                    g_pair_selection/original_gsd/work/dom_M1200848465RE.cub"
    TO           = "/media/gengxun/My
                    Passport/data/lro/testdata_lunar_80S_89.9S/texture_lightin-
                    g_pair_selection/original_gsd/large_dom_match/adaptive/mat-
                    ch_viz/preview_cache/level7/dom_M1200848465RE__85ac0cb76ad-
                    48f0022420d4d486c6e4393f906c3c2a69329b9e09970c28b0493.cub"
    ALGORITHM    = AVERAGE
    MODE         = scale
    SSCALE       = 128
    LSCALE       = 128
    VALIDPER     = 50
    VPER_REPLACE = NULL
  End_Group

  Group = Results
    InputLines      = 32675
    InputSamples    = 84447
    StartingLine    = 1
    StartingSample  = 1
    EndingLine      = 32675
    EndingSample    = 84447
    LineIncrement   = 128.0
    SampleIncrement = 128.0
    OutputLines     = 255
    OutputSamples   = 660
  End_Group

  Group = Accounting
    ConnectTime = 00:02:08.2
    CpuTime     = 00:02:02.7
  End_Group
End_Object


Object = reduce
  IsisVersion       = "9.0.0  | 2026-01-05"
  ProgramVersion    = 2013-11-06
  ProgramPath       = /home/gengxun/miniconda3/envs/asp360_new/bin
  ExecutionDateTime = 2026-05-30T10:17:10
  HostName          = Unknown
  UserName          = gengxun
  Description       = "Reduce the pixel dimensions of an image"

  Group = UserParameters
    FROM         = "/media/gengxun/My
                    Passport/data/lro/testdata_lunar_80S_89.9S/texture_lightin-
                    g_pair_selection/original_gsd/work/dom_M173567595LE.cub"
    TO           = "/media/gengxun/My
                    Passport/data/lro/testdata_lunar_80S_89.9S/texture_lightin-
                    g_pair_selection/original_gsd/large_dom_match/adaptive/mat-
                    ch_viz/preview_cache/level7/dom_M173567595LE__f8e3bf9cfb43-
                    3bbe9f3627312d1f1f42090928570d3403cfe5481e9cad1eb4ac.cub"
    ALGORITHM    = AVERAGE
    MODE         = scale
    SSCALE       = 128
    LSCALE       = 128
    VALIDPER     = 50
    VPER_REPLACE = NULL
  End_Group

  Group = Results
    InputLines      = 6532
    InputSamples    = 26365
    StartingLine    = 1
    StartingSample  = 1
    EndingLine      = 6532
    EndingSample    = 26365
    LineIncrement   = 128.0
    SampleIncrement = 128.0
    OutputLines     = 51
    OutputSamples   = 206
  End_Group

  Group = Accounting
    ConnectTime = 00:00:05.5
    CpuTime     = 00:00:05.1
  End_Group
End_Object


Object = reduce
  IsisVersion       = "9.0.0  | 2026-01-05"
  ProgramVersion    = 2013-11-06
  ProgramPath       = /home/gengxun/miniconda3/envs/asp360_new/bin
  ExecutionDateTime = 2026-05-30T11:21:38
  HostName          = Unknown
  UserName          = gengxun
  Description       = "Reduce the pixel dimensions of an image"

  Group = UserParameters
    FROM         = "/media/gengxun/My
                    Passport/data/lro/testdata_lunar_80S_89.9S/texture_lightin-
                    g_pair_selection/original_gsd/work/dom_M110860982RE.cub"
    TO           = "/media/gengxun/My
                    Passport/data/lro/testdata_lunar_80S_89.9S/texture_lightin-
                    g_pair_selection/original_gsd/large_dom_match/superpoint_l-
                    ightglue/match_viz/preview_cache/level7/dom_M110860982RE__-
                    5f19c0885f0289873346118b56ed5536c957dd557aa03362781fff3aa2-
                    7dd8b0.cub"
    ALGORITHM    = AVERAGE
    MODE         = scale
    SSCALE       = 128
    LSCALE       = 128
    VALIDPER     = 50
    VPER_REPLACE = NULL
  End_Group

  Group = Results
    InputLines      = 44348
    InputSamples    = 106190
    StartingLine    = 1
    StartingSample  = 1
    EndingLine      = 44348
    EndingSample    = 106190
    LineIncrement   = 128.0
    SampleIncrement = 128.0
    OutputLines     = 346
    OutputSamples   = 830
  End_Group

  Group = Accounting
    ConnectTime = 00:04:28.1
    CpuTime     = 00:04:18.0
  End_Group
End_Object


Object = reduce
  IsisVersion       = "9.0.0  | 2026-01-05"
  ProgramVersion    = 2013-11-06
  ProgramPath       = /home/gengxun/miniconda3/envs/asp360_new/bin
  ExecutionDateTime = 2026-05-30T11:26:06
  HostName          = Unknown
  UserName          = gengxun
  Description       = "Reduce the pixel dimensions of an image"

  Group = UserParameters
    FROM         = "/media/gengxun/My
                    Passport/data/lro/testdata_lunar_80S_89.9S/texture_lightin-
                    g_pair_selection/original_gsd/work/dom_M110881352RE.cub"
    TO           = "/media/gengxun/My
                    Passport/data/lro/testdata_lunar_80S_89.9S/texture_lightin-
                    g_pair_selection/original_gsd/large_dom_match/superpoint_l-
                    ightglue/match_viz/preview_cache/level7/dom_M110881352RE__-
                    73e3776abcb16eb7612c3c657c86fb41f62198b02591fa5b37227009ed-
                    2b4d73.cub"
    ALGORITHM    = AVERAGE
    MODE         = scale
    SSCALE       = 128
    LSCALE       = 128
    VALIDPER     = 50
    VPER_REPLACE = NULL
  End_Group

  Group = Results
    InputLines      = 38401
    InputSamples    = 107975
    StartingLine    = 1
    StartingSample  = 1
    EndingLine      = 38401
    EndingSample    = 107975
    LineIncrement   = 128.0
    SampleIncrement = 128.0
    OutputLines     = 300
    OutputSamples   = 844
  End_Group

  Group = Accounting
    ConnectTime = 00:04:01.2
    CpuTime     = 00:03:52.5
  End_Group
End_Object


Object = reduce
  IsisVersion       = "9.0.0  | 2026-01-05"
  ProgramVersion    = 2013-11-06
  ProgramPath       = /home/gengxun/miniconda3/envs/asp360_new/bin
  ExecutionDateTime = 2026-05-30T12:06:07
  HostName          = Unknown
  UserName          = gengxun
  Description       = "Reduce the pixel dimensions of an image"

  Group = UserParameters
    FROM         = "/media/gengxun/My
                    Passport/data/lro/testdata_lunar_80S_89.9S/texture_lightin-
                    g_pair_selection/original_gsd/work/dom_M110860982RE.cub"
    TO           = "/media/gengxun/My
                    Passport/data/lro/testdata_lunar_80S_89.9S/texture_lightin-
                    g_pair_selection/original_gsd/large_dom_match/sift_lightgl-
                    ue/match_viz/preview_cache/level7/dom_M110860982RE__5f19c0-
                    885f0289873346118b56ed5536c957dd557aa03362781fff3aa27dd8b0-
                    .cub"
    ALGORITHM    = AVERAGE
    MODE         = scale
    SSCALE       = 128
    LSCALE       = 128
    VALIDPER     = 50
    VPER_REPLACE = NULL
  End_Group

  Group = Results
    InputLines      = 44348
    InputSamples    = 106190
    StartingLine    = 1
    StartingSample  = 1
    EndingLine      = 44348
    EndingSample    = 106190
    LineIncrement   = 128.0
    SampleIncrement = 128.0
    OutputLines     = 346
    OutputSamples   = 830
  End_Group

  Group = Accounting
    ConnectTime = 00:04:36.9
    CpuTime     = 00:04:27.1
  End_Group
End_Object


Object = reduce
  IsisVersion       = "9.0.0  | 2026-01-05"
  ProgramVersion    = 2013-11-06
  ProgramPath       = /home/gengxun/miniconda3/envs/asp360_new/bin
  ExecutionDateTime = 2026-05-30T12:10:44
  HostName          = Unknown
  UserName          = gengxun
  Description       = "Reduce the pixel dimensions of an image"

  Group = UserParameters
    FROM         = "/media/gengxun/My
                    Passport/data/lro/testdata_lunar_80S_89.9S/texture_lightin-
                    g_pair_selection/original_gsd/work/dom_M110881352RE.cub"
    TO           = "/media/gengxun/My
                    Passport/data/lro/testdata_lunar_80S_89.9S/texture_lightin-
                    g_pair_selection/original_gsd/large_dom_match/sift_lightgl-
                    ue/match_viz/preview_cache/level7/dom_M110881352RE__73e377-
                    6abcb16eb7612c3c657c86fb41f62198b02591fa5b37227009ed2b4d73-
                    .cub"
    ALGORITHM    = AVERAGE
    MODE         = scale
    SSCALE       = 128
    LSCALE       = 128
    VALIDPER     = 50
    VPER_REPLACE = NULL
  End_Group

  Group = Results
    InputLines      = 38401
    InputSamples    = 107975
    StartingLine    = 1
    StartingSample  = 1
    EndingLine      = 38401
    EndingSample    = 107975
    LineIncrement   = 128.0
    SampleIncrement = 128.0
    OutputLines     = 300
    OutputSamples   = 844
  End_Group

  Group = Accounting
    ConnectTime = 00:04:14.1
    CpuTime     = 00:04:05.5
  End_Group
End_Object


Object = reduce
  IsisVersion       = "9.0.0  | 2026-01-05"
  ProgramVersion    = 2013-11-06
  ProgramPath       = /home/gengxun/miniconda3/envs/asp360_new/bin
  ExecutionDateTime = 2026-06-09T21:52:40
  HostName          = x86_64-conda-linux-gnu
  UserName          = gengxun
  Description       = "Reduce the pixel dimensions of an image"

  Group = UserParameters
    FROM         = /run/media/gengxun/Elements/data/lro/test_controlnet_pytho-
                   n/PAPER-use/dom_M104311715LE.cub
    TO           = /run/media/gengxun/Elements/data/lro/test_controlnet_pytho-
                   n/PAPER-use/sift_lightglue_work/match_viz/preview_cache/le-
                   vel3/dom_M104311715LE__e3e08fed5d3f301cc3bb96b6b641c6e5b4a-
                   09584e0c421a244971de0ea2645a7.cub
    ALGORITHM    = AVERAGE
    MODE         = scale
    SSCALE       = 8
    LSCALE       = 8
    VALIDPER     = 50
    VPER_REPLACE = NULL
  End_Group

  Group = Results
    InputLines      = 8367
    InputSamples    = 2549
    StartingLine    = 1
    StartingSample  = 1
    EndingLine      = 8367
    EndingSample    = 2549
    LineIncrement   = 8.0
    SampleIncrement = 8.0
    OutputLines     = 1046
    OutputSamples   = 319
  End_Group

  Group = Accounting
    ConnectTime = 00:00:00.7
    CpuTime     = 00:00:03.1
  End_Group
End_Object


Object = reduce
  IsisVersion       = "9.0.0  | 2026-01-05"
  ProgramVersion    = 2013-11-06
  ProgramPath       = /home/gengxun/miniconda3/envs/asp360_new/bin
  ExecutionDateTime = 2026-06-09T21:52:41
  HostName          = x86_64-conda-linux-gnu
  UserName          = gengxun
  Description       = "Reduce the pixel dimensions of an image"

  Group = UserParameters
    FROM         = /run/media/gengxun/Elements/data/lro/test_controlnet_pytho-
                   n/PAPER-use/dom_M104311715RE.cub
    TO           = /run/media/gengxun/Elements/data/lro/test_controlnet_pytho-
                   n/PAPER-use/sift_lightglue_work/match_viz/preview_cache/le-
                   vel3/dom_M104311715RE__9de2766f54cc4ac7d4fc3202472f8ffc4b0-
                   777ff2969d012c74160a8b2451f61.cub
    ALGORITHM    = AVERAGE
    MODE         = scale
    SSCALE       = 8
    LSCALE       = 8
    VALIDPER     = 50
    VPER_REPLACE = NULL
  End_Group

  Group = Results
    InputLines      = 8390
    InputSamples    = 2501
    StartingLine    = 1
    StartingSample  = 1
    EndingLine      = 8390
    EndingSample    = 2501
    LineIncrement   = 8.0
    SampleIncrement = 8.0
    OutputLines     = 1049
    OutputSamples   = 313
  End_Group

  Group = Accounting
    ConnectTime = 00:00:00.7
    CpuTime     = 00:00:03.0
  End_Group
End_Object


Object = reduce
  IsisVersion       = "9.0.0  | 2026-01-05"
  ProgramVersion    = 2013-11-06
  ProgramPath       = /home/gengxun/miniconda3/envs/asp360_new/bin
  ExecutionDateTime = 2026-06-09T21:52:43
  HostName          = x86_64-conda-linux-gnu
  UserName          = gengxun
  Description       = "Reduce the pixel dimensions of an image"

  Group = UserParameters
    FROM         = /run/media/gengxun/Elements/data/lro/test_controlnet_pytho-
                   n/PAPER-use/dom_M104318871LE.cub
    TO           = /run/media/gengxun/Elements/data/lro/test_controlnet_pytho-
                   n/PAPER-use/sift_lightglue_work/match_viz/preview_cache/le-
                   vel3/dom_M104318871LE__1a9b9dedf0da66682df3bf0b413d2ee3102-
                   d20378c597201e4a0781772648084.cub
    ALGORITHM    = AVERAGE
    MODE         = scale
    SSCALE       = 8
    LSCALE       = 8
    VALIDPER     = 50
    VPER_REPLACE = NULL
  End_Group

  Group = Results
    InputLines      = 8376
    InputSamples    = 2370
    StartingLine    = 1
    StartingSample  = 1
    EndingLine      = 8376
    EndingSample    = 2370
    LineIncrement   = 8.0
    SampleIncrement = 8.0
    OutputLines     = 1047
    OutputSamples   = 296
  End_Group

  Group = Accounting
    ConnectTime = 00:00:00.7
    CpuTime     = 00:00:03.0
  End_Group
End_Object


Object = reduce
  IsisVersion       = "9.0.0  | 2026-01-05"
  ProgramVersion    = 2013-11-06
  ProgramPath       = /home/gengxun/miniconda3/envs/asp360_new/bin
  ExecutionDateTime = 2026-06-09T21:52:45
  HostName          = x86_64-conda-linux-gnu
  UserName          = gengxun
  Description       = "Reduce the pixel dimensions of an image"

  Group = UserParameters
    FROM         = /run/media/gengxun/Elements/data/lro/test_controlnet_pytho-
                   n/PAPER-use/dom_M104318871RE.cub
    TO           = /run/media/gengxun/Elements/data/lro/test_controlnet_pytho-
                   n/PAPER-use/sift_lightglue_work/match_viz/preview_cache/le-
                   vel3/dom_M104318871RE__0442a18cc9871abddd9a60792f74d3227cd-
                   65da4339ab2b5b5e6c57fd1cfb881.cub
    ALGORITHM    = AVERAGE
    MODE         = scale
    SSCALE       = 8
    LSCALE       = 8
    VALIDPER     = 50
    VPER_REPLACE = NULL
  End_Group

  Group = Results
    InputLines      = 8400
    InputSamples    = 2362
    StartingLine    = 1
    StartingSample  = 1
    EndingLine      = 8400
    EndingSample    = 2362
    LineIncrement   = 8.0
    SampleIncrement = 8.0
    OutputLines     = 1050
    OutputSamples   = 295
  End_Group

  Group = Accounting
    ConnectTime = 00:00:00.8
    CpuTime     = 00:00:03.0
  End_Group
End_Object


Object = reduce
  IsisVersion       = "9.0.0  | 2026-01-05"
  ProgramVersion    = 2013-11-06
  ProgramPath       = /home/gengxun/miniconda3/envs/asp360_new/bin
  ExecutionDateTime = 2026-06-09T21:52:49
  HostName          = x86_64-conda-linux-gnu
  UserName          = gengxun
  Description       = "Reduce the pixel dimensions of an image"

  Group = UserParameters
    FROM         = /run/media/gengxun/Elements/data/lro/test_controlnet_pytho-
                   n/PAPER-use/dom_M104311715LE.cub
    TO           = /run/media/gengxun/Elements/data/lro/test_controlnet_pytho-
                   n/PAPER-use/sift_lightglue_work/match_viz_post_ransac/prev-
                   iew_cache/level3/dom_M104311715LE__e3e08fed5d3f301cc3bb96b-
                   6b641c6e5b4a09584e0c421a244971de0ea2645a7.cub
    ALGORITHM    = AVERAGE
    MODE         = scale
    SSCALE       = 8
    LSCALE       = 8
    VALIDPER     = 50
    VPER_REPLACE = NULL
  End_Group

  Group = Results
    InputLines      = 8367
    InputSamples    = 2549
    StartingLine    = 1
    StartingSample  = 1
    EndingLine      = 8367
    EndingSample    = 2549
    LineIncrement   = 8.0
    SampleIncrement = 8.0
    OutputLines     = 1046
    OutputSamples   = 319
  End_Group

  Group = Accounting
    ConnectTime = 00:00:00.7
    CpuTime     = 00:00:03.0
  End_Group
End_Object


Object = reduce
  IsisVersion       = "9.0.0  | 2026-01-05"
  ProgramVersion    = 2013-11-06
  ProgramPath       = /home/gengxun/miniconda3/envs/asp360_new/bin
  ExecutionDateTime = 2026-06-09T21:52:49
  HostName          = x86_64-conda-linux-gnu
  UserName          = gengxun
  Description       = "Reduce the pixel dimensions of an image"

  Group = UserParameters
    FROM         = /run/media/gengxun/Elements/data/lro/test_controlnet_pytho-
                   n/PAPER-use/dom_M104311715RE.cub
    TO           = /run/media/gengxun/Elements/data/lro/test_controlnet_pytho-
                   n/PAPER-use/sift_lightglue_work/match_viz_post_ransac/prev-
                   iew_cache/level3/dom_M104311715RE__9de2766f54cc4ac7d4fc320-
                   2472f8ffc4b0777ff2969d012c74160a8b2451f61.cub
    ALGORITHM    = AVERAGE
    MODE         = scale
    SSCALE       = 8
    LSCALE       = 8
    VALIDPER     = 50
    VPER_REPLACE = NULL
  End_Group

  Group = Results
    InputLines      = 8390
    InputSamples    = 2501
    StartingLine    = 1
    StartingSample  = 1
    EndingLine      = 8390
    EndingSample    = 2501
    LineIncrement   = 8.0
    SampleIncrement = 8.0
    OutputLines     = 1049
    OutputSamples   = 313
  End_Group

  Group = Accounting
    ConnectTime = 00:00:00.7
    CpuTime     = 00:00:02.9
  End_Group
End_Object


Object = getkey
  IsisVersion       = "9.0.0  | 2026-01-05"
  ProgramVersion    = 2022-11-23
  ProgramPath       = /home/gengxun/miniconda3/envs/asp360_new/bin
  ExecutionDateTime = 2026-06-09T21:55:47
  HostName          = x86_64-conda-linux-gnu
  UserName          = gengxun
  Description       = "Outputs the value of a requested keyword"

  Group = UserParameters
    FROM      = /run/media/gengxun/Elements/data/lro/test_controlnet_python/P-
                APER-use/REDUCED_M104311715LE.echo.cal.cub
    GRPNAME   = Kernels
    KEYWORD   = ShapeModel
    UPPER     = False
    RECURSIVE = False
  End_Group

  Group = Results
    From       = /run/media/gengxun/Elements/data/lro/test_controlnet_python/-
                 PAPER-use/REDUCED_M104311715LE.echo.cal.cub
    ShapeModel = /media/gengxun/Elements/data/base/dems/ldem_128ppd_Mar2011_c-
                 lon180_radius_pad.cub
  End_Group

  Group = Accounting
    ConnectTime = 00:00:00.0
    CpuTime     = 00:00:00.4
  End_Group
End_Object


Object = catlab
  IsisVersion       = "9.0.0  | 2026-01-05"
  ProgramVersion    = 2010-07-26
  ProgramPath       = /home/gengxun/miniconda3/envs/asp360_new/bin
  ExecutionDateTime = 2026-06-09T21:55:47
  HostName          = x86_64-conda-linux-gnu
  UserName          = gengxun
  Description       = "Outputs the label from a cube"

  Group = UserParameters
    FROM   = /run/media/gengxun/Elements/data/lro/test_controlnet_python/PAPE-
             R-use/REDUCED_M104311715LE.echo.cal.cub
    APPEND = TRUE
  End_Group

  Group = Accounting
    ConnectTime = 00:00:00.0
    CpuTime     = 00:00:00.3
  End_Group
End_Object


Object = editlab
  IsisVersion       = "9.0.0  | 2026-01-05"
  ProgramVersion    = 2015-04-24
  ProgramPath       = /home/gengxun/miniconda3/envs/asp360_new/bin
  ExecutionDateTime = 2026-06-09T21:56:03
  HostName          = x86_64-conda-linux-gnu
  UserName          = gengxun
  Description       = "Modifies cube labels"

  Group = UserParameters
    FROM    = /run/media/gengxun/Elements/data/lro/test_controlnet_python/PAP-
              ER-use/REDUCED_M104311715LE.echo.cal.cub
    OPTIONS = SETKEY
    GRPNAME = Kernels
    KEYWORD = ShapeModel
    VALUE   = /run/media/gengxun/Elements/data/base/dems/ldem_128ppd_Mar2011_-
              clon180_radius_pad.cub
  End_Group

  Group = Accounting
    ConnectTime = 00:00:00.0
    CpuTime     = 00:00:00.9
  End_Group
End_Object


Object = getkey
  IsisVersion       = "9.0.0  | 2026-01-05"
  ProgramVersion    = 2022-11-23
  ProgramPath       = /home/gengxun/miniconda3/envs/asp360_new/bin
  ExecutionDateTime = 2026-06-09T21:56:04
  HostName          = x86_64-conda-linux-gnu
  UserName          = gengxun
  Description       = "Outputs the value of a requested keyword"

  Group = UserParameters
    FROM      = /run/media/gengxun/Elements/data/lro/test_controlnet_python/P-
                APER-use/REDUCED_M104311715LE.echo.cal.cub
    GRPNAME   = Kernels
    KEYWORD   = ShapeModel
    UPPER     = False
    RECURSIVE = False
  End_Group

  Group = Results
    From       = /run/media/gengxun/Elements/data/lro/test_controlnet_python/-
                 PAPER-use/REDUCED_M104311715LE.echo.cal.cub
    ShapeModel = /run/media/gengxun/Elements/data/base/dems/ldem_128ppd_Mar20-
                 11_clon180_radius_pad.cub
  End_Group

  Group = Accounting
    ConnectTime = 00:00:00.0
    CpuTime     = 00:00:00.4
  End_Group
End_Object


Object = editlab
  IsisVersion       = "9.0.0  | 2026-01-05"
  ProgramVersion    = 2015-04-24
  ProgramPath       = /home/gengxun/miniconda3/envs/asp360_new/bin
  ExecutionDateTime = 2026-06-09T21:56:04
  HostName          = x86_64-conda-linux-gnu
  UserName          = gengxun
  Description       = "Modifies cube labels"

  Group = UserParameters
    FROM    = /run/media/gengxun/Elements/data/lro/test_controlnet_python/PAP-
              ER-use/REDUCED_M104311715RE.echo.cal.cub
    OPTIONS = SETKEY
    GRPNAME = Kernels
    KEYWORD = ShapeModel
    VALUE   = /run/media/gengxun/Elements/data/base/dems/ldem_128ppd_Mar2011_-
              clon180_radius_pad.cub
  End_Group

  Group = Accounting
    ConnectTime = 00:00:00.0
    CpuTime     = 00:00:00.5
  End_Group
End_Object


Object = getkey
  IsisVersion       = "9.0.0  | 2026-01-05"
  ProgramVersion    = 2022-11-23
  ProgramPath       = /home/gengxun/miniconda3/envs/asp360_new/bin
  ExecutionDateTime = 2026-06-09T21:56:04
  HostName          = x86_64-conda-linux-gnu
  UserName          = gengxun
  Description       = "Outputs the value of a requested keyword"

  Group = UserParameters
    FROM      = /run/media/gengxun/Elements/data/lro/test_controlnet_python/P-
                APER-use/REDUCED_M104311715RE.echo.cal.cub
    GRPNAME   = Kernels
    KEYWORD   = ShapeModel
    UPPER     = False
    RECURSIVE = False
  End_Group

  Group = Results
    From       = /run/media/gengxun/Elements/data/lro/test_controlnet_python/-
                 PAPER-use/REDUCED_M104311715RE.echo.cal.cub
    ShapeModel = /run/media/gengxun/Elements/data/base/dems/ldem_128ppd_Mar20-
                 11_clon180_radius_pad.cub
  End_Group

  Group = Accounting
    ConnectTime = 00:00:00.0
    CpuTime     = 00:00:00.5
  End_Group
End_Object


Object = editlab
  IsisVersion       = "9.0.0  | 2026-01-05"
  ProgramVersion    = 2015-04-24
  ProgramPath       = /home/gengxun/miniconda3/envs/asp360_new/bin
  ExecutionDateTime = 2026-06-09T21:56:04
  HostName          = x86_64-conda-linux-gnu
  UserName          = gengxun
  Description       = "Modifies cube labels"

  Group = UserParameters
    FROM    = /run/media/gengxun/Elements/data/lro/test_controlnet_python/PAP-
              ER-use/REDUCED_M104318871LE.echo.cal.cub
    OPTIONS = SETKEY
    GRPNAME = Kernels
    KEYWORD = ShapeModel
    VALUE   = /run/media/gengxun/Elements/data/base/dems/ldem_128ppd_Mar2011_-
              clon180_radius_pad.cub
  End_Group

  Group = Accounting
    ConnectTime = 00:00:00.0
    CpuTime     = 00:00:00.5
  End_Group
End_Object


Object = getkey
  IsisVersion       = "9.0.0  | 2026-01-05"
  ProgramVersion    = 2022-11-23
  ProgramPath       = /home/gengxun/miniconda3/envs/asp360_new/bin
  ExecutionDateTime = 2026-06-09T21:56:04
  HostName          = x86_64-conda-linux-gnu
  UserName          = gengxun
  Description       = "Outputs the value of a requested keyword"

  Group = UserParameters
    FROM      = /run/media/gengxun/Elements/data/lro/test_controlnet_python/P-
                APER-use/REDUCED_M104318871LE.echo.cal.cub
    GRPNAME   = Kernels
    KEYWORD   = ShapeModel
    UPPER     = False
    RECURSIVE = False
  End_Group

  Group = Results
    From       = /run/media/gengxun/Elements/data/lro/test_controlnet_python/-
                 PAPER-use/REDUCED_M104318871LE.echo.cal.cub
    ShapeModel = /run/media/gengxun/Elements/data/base/dems/ldem_128ppd_Mar20-
                 11_clon180_radius_pad.cub
  End_Group

  Group = Accounting
    ConnectTime = 00:00:00.0
    CpuTime     = 00:00:00.3
  End_Group
End_Object


Object = editlab
  IsisVersion       = "9.0.0  | 2026-01-05"
  ProgramVersion    = 2015-04-24
  ProgramPath       = /home/gengxun/miniconda3/envs/asp360_new/bin
  ExecutionDateTime = 2026-06-09T21:56:04
  HostName          = x86_64-conda-linux-gnu
  UserName          = gengxun
  Description       = "Modifies cube labels"

  Group = UserParameters
    FROM    = /run/media/gengxun/Elements/data/lro/test_controlnet_python/PAP-
              ER-use/REDUCED_M104318871RE.echo.cal.cub
    OPTIONS = SETKEY
    GRPNAME = Kernels
    KEYWORD = ShapeModel
    VALUE   = /run/media/gengxun/Elements/data/base/dems/ldem_128ppd_Mar2011_-
              clon180_radius_pad.cub
  End_Group

  Group = Accounting
    ConnectTime = 00:00:00.0
    CpuTime     = 00:00:00.9
  End_Group
End_Object


Object = getkey
  IsisVersion       = "9.0.0  | 2026-01-05"
  ProgramVersion    = 2022-11-23
  ProgramPath       = /home/gengxun/miniconda3/envs/asp360_new/bin
  ExecutionDateTime = 2026-06-09T21:56:04
  HostName          = x86_64-conda-linux-gnu
  UserName          = gengxun
  Description       = "Outputs the value of a requested keyword"

  Group = UserParameters
    FROM      = /run/media/gengxun/Elements/data/lro/test_controlnet_python/P-
                APER-use/REDUCED_M104318871RE.echo.cal.cub
    GRPNAME   = Kernels
    KEYWORD   = ShapeModel
    UPPER     = False
    RECURSIVE = False
  End_Group

  Group = Results
    From       = /run/media/gengxun/Elements/data/lro/test_controlnet_python/-
                 PAPER-use/REDUCED_M104318871RE.echo.cal.cub
    ShapeModel = /run/media/gengxun/Elements/data/base/dems/ldem_128ppd_Mar20-
                 11_clon180_radius_pad.cub
  End_Group

  Group = Accounting
    ConnectTime = 00:00:00.0
    CpuTime     = 00:00:00.2
  End_Group
End_Object


Object = reduce
  IsisVersion       = "9.0.0  | 2026-01-05"
  ProgramVersion    = 2013-11-06
  ProgramPath       = /home/gengxun/miniconda3/envs/asp360_new/bin
  ExecutionDateTime = 2026-06-09T21:57:48
  HostName          = x86_64-conda-linux-gnu
  UserName          = gengxun
  Description       = "Reduce the pixel dimensions of an image"

  Group = UserParameters
    FROM         = /run/media/gengxun/Elements/data/lro/test_controlnet_pytho-
                   n/PAPER-use/dom_M104318871LE.cub
    TO           = /run/media/gengxun/Elements/data/lro/test_controlnet_pytho-
                   n/PAPER-use/sift_lightglue_work/match_viz_post_ransac/prev-
                   iew_cache/level3/dom_M104318871LE__1a9b9dedf0da66682df3bf0-
                   b413d2ee3102d20378c597201e4a0781772648084.cub
    ALGORITHM    = AVERAGE
    MODE         = scale
    SSCALE       = 8
    LSCALE       = 8
    VALIDPER     = 50
    VPER_REPLACE = NULL
  End_Group

  Group = Results
    InputLines      = 8376
    InputSamples    = 2370
    StartingLine    = 1
    StartingSample  = 1
    EndingLine      = 8376
    EndingSample    = 2370
    LineIncrement   = 8.0
    SampleIncrement = 8.0
    OutputLines     = 1047
    OutputSamples   = 296
  End_Group

  Group = Accounting
    ConnectTime = 00:00:00.6
    CpuTime     = 00:00:03.0
  End_Group
End_Object


Object = reduce
  IsisVersion       = "9.0.0  | 2026-01-05"
  ProgramVersion    = 2013-11-06
  ProgramPath       = /home/gengxun/miniconda3/envs/asp360_new/bin
  ExecutionDateTime = 2026-06-09T21:57:52
  HostName          = x86_64-conda-linux-gnu
  UserName          = gengxun
  Description       = "Reduce the pixel dimensions of an image"

  Group = UserParameters
    FROM         = /run/media/gengxun/Elements/data/lro/test_controlnet_pytho-
                   n/PAPER-use/dom_M104318871RE.cub
    TO           = /run/media/gengxun/Elements/data/lro/test_controlnet_pytho-
                   n/PAPER-use/sift_lightglue_work/match_viz_post_ransac/prev-
                   iew_cache/level3/dom_M104318871RE__0442a18cc9871abddd9a607-
                   92f74d3227cd65da4339ab2b5b5e6c57fd1cfb881.cub
    ALGORITHM    = AVERAGE
    MODE         = scale
    SSCALE       = 8
    LSCALE       = 8
    VALIDPER     = 50
    VPER_REPLACE = NULL
  End_Group

  Group = Results
    InputLines      = 8400
    InputSamples    = 2362
    StartingLine    = 1
    StartingSample  = 1
    EndingLine      = 8400
    EndingSample    = 2362
    LineIncrement   = 8.0
    SampleIncrement = 8.0
    OutputLines     = 1050
    OutputSamples   = 295
  End_Group

  Group = Accounting
    ConnectTime = 00:00:00.7
    CpuTime     = 00:00:03.0
  End_Group
End_Object


Object = cnetmerge
  IsisVersion       = "9.0.0  | 2026-01-05"
  ProgramVersion    = 2012-04-17
  ProgramPath       = /home/gengxun/miniconda3/envs/asp360_new/bin
  ExecutionDateTime = 2026-06-09T21:58:08
  HostName          = x86_64-conda-linux-gnu
  UserName          = gengxun
  Description       = "Merges multiple Control Networks into one"

  Group = UserParameters
    INPUTTYPE          = list
    CLIST              = /run/media/gengxun/Elements/data/lro/test_controlnet-
                         _python/PAPER-use/sift_lightglue_work/merge/merge_al-
                         l_controlnets.lis
    BASE               = /run/media/gengxun/Elements/data/lro/test_controlnet-
                         _python/PAPER-use/sift_lightglue_work/pair_nets/REDU-
                         CED_M104311715LE.echo.cal__REDUCED_M104311715RE.echo-
                         .cal.net
    ONET               = /run/media/gengxun/Elements/data/lro/test_controlnet-
                         _python/PAPER-use/sift_lightglue_work/merge/dom_matc-
                         hing_merged.net
    NETWORKID          = dom_matching_example
    DESCRIPTION        = "Merged DOM matching ControlNet"
    LOG                = /run/media/gengxun/Elements/data/lro/test_controlnet-
                         _python/PAPER-use/sift_lightglue_work/merge/cnetmerg-
                         e.log
    DUPLICATEPOINTS    = merge
    OVERWRITEPOINTS    = False
    OVERWRITEMEASURES  = False
    OVERWRITEREFERENCE = False
    OVERWRITEMISSING   = False
  End_Group

  Group = Accounting
    ConnectTime = 00:00:18.0
    CpuTime     = 00:00:20.4
  End_Group
End_Object


Object = reduce
  IsisVersion       = "9.0.0  | 2026-01-05"
  ProgramVersion    = 2013-11-06
  ProgramPath       = /home/gengxun/miniconda3/envs/asp360_new/bin
  ExecutionDateTime = 2026-06-09T22:07:20
  HostName          = x86_64-conda-linux-gnu
  UserName          = gengxun
  Description       = "Reduce the pixel dimensions of an image"

  Group = UserParameters
    FROM         = /media/gengxun/Elements/data/lro/test_controlnet_python/pi-
                   pe_test2/dom_M104311715LE.cub
    TO           = /run/media/gengxun/Elements/data/lro/test_controlnet_pytho-
                   n/PAPER-use/loftr_gpu_work/low_resolution_doms/level3/0001-
                   _dom_M104311715LE__level3.cub
    ALGORITHM    = AVERAGE
    MODE         = scale
    SSCALE       = 8
    LSCALE       = 8
    VALIDPER     = 50
    VPER_REPLACE = NULL
  End_Group

  Group = Error
    Program = reduce
    Class   = "I/O ERROR"
    Code    = 4
    Message = "Unable to open
               [/media/gengxun/Elements/data/lro/test_controlnet_python/pipe_t-
               est2/dom_M104311715LE.cub]"
    File    = Cube.cpp
    Line    = 2443
    Program = reduce
  End_Group
End_Object


Object = reduce
  IsisVersion       = "9.0.0  | 2026-01-05"
  ProgramVersion    = 2013-11-06
  ProgramPath       = /home/gengxun/miniconda3/envs/asp360_new/bin
  ExecutionDateTime = 2026-06-09T22:09:59
  HostName          = x86_64-conda-linux-gnu
  UserName          = gengxun
  Description       = "Reduce the pixel dimensions of an image"

  Group = UserParameters
    FROM         = /run/media/gengxun/Elements/data/lro/test_controlnet_pytho-
                   n/PAPER-use/dom_M104311715LE.cub
    TO           = /run/media/gengxun/Elements/data/lro/test_controlnet_pytho-
                   n/PAPER-use/loftr_gpu_work/low_resolution_doms/level3/0001-
                   _dom_M104311715LE__level3.cub
    ALGORITHM    = AVERAGE
    MODE         = scale
    SSCALE       = 8
    LSCALE       = 8
    VALIDPER     = 50
    VPER_REPLACE = NULL
  End_Group

  Group = Results
    InputLines      = 8367
    InputSamples    = 2549
    StartingLine    = 1
    StartingSample  = 1
    EndingLine      = 8367
    EndingSample    = 2549
    LineIncrement   = 8.0
    SampleIncrement = 8.0
    OutputLines     = 1046
    OutputSamples   = 319
  End_Group

  Group = Accounting
    ConnectTime = 00:00:00.7
    CpuTime     = 00:00:03.1
  End_Group
End_Object


Object = reduce
  IsisVersion       = "9.0.0  | 2026-01-05"
  ProgramVersion    = 2013-11-06
  ProgramPath       = /home/gengxun/miniconda3/envs/asp360_new/bin
  ExecutionDateTime = 2026-06-09T22:10:00
  HostName          = x86_64-conda-linux-gnu
  UserName          = gengxun
  Description       = "Reduce the pixel dimensions of an image"

  Group = UserParameters
    FROM         = /run/media/gengxun/Elements/data/lro/test_controlnet_pytho-
                   n/PAPER-use/dom_M104311715RE.cub
    TO           = /run/media/gengxun/Elements/data/lro/test_controlnet_pytho-
                   n/PAPER-use/loftr_gpu_work/low_resolution_doms/level3/0002-
                   _dom_M104311715RE__level3.cub
    ALGORITHM    = AVERAGE
    MODE         = scale
    SSCALE       = 8
    LSCALE       = 8
    VALIDPER     = 50
    VPER_REPLACE = NULL
  End_Group

  Group = Results
    InputLines      = 8390
    InputSamples    = 2501
    StartingLine    = 1
    StartingSample  = 1
    EndingLine      = 8390
    EndingSample    = 2501
    LineIncrement   = 8.0
    SampleIncrement = 8.0
    OutputLines     = 1049
    OutputSamples   = 313
  End_Group

  Group = Accounting
    ConnectTime = 00:00:00.7
    CpuTime     = 00:00:02.8
  End_Group
End_Object


Object = reduce
  IsisVersion       = "9.0.0  | 2026-01-05"
  ProgramVersion    = 2013-11-06
  ProgramPath       = /home/gengxun/miniconda3/envs/asp360_new/bin
  ExecutionDateTime = 2026-06-09T22:10:00
  HostName          = x86_64-conda-linux-gnu
  UserName          = gengxun
  Description       = "Reduce the pixel dimensions of an image"

  Group = UserParameters
    FROM         = /run/media/gengxun/Elements/data/lro/test_controlnet_pytho-
                   n/PAPER-use/dom_M104318871LE.cub
    TO           = /run/media/gengxun/Elements/data/lro/test_controlnet_pytho-
                   n/PAPER-use/loftr_gpu_work/low_resolution_doms/level3/0003-
                   _dom_M104318871LE__level3.cub
    ALGORITHM    = AVERAGE
    MODE         = scale
    SSCALE       = 8
    LSCALE       = 8
    VALIDPER     = 50
    VPER_REPLACE = NULL
  End_Group

  Group = Results
    InputLines      = 8376
    InputSamples    = 2370
    StartingLine    = 1
    StartingSample  = 1
    EndingLine      = 8376
    EndingSample    = 2370
    LineIncrement   = 8.0
    SampleIncrement = 8.0
    OutputLines     = 1047
    OutputSamples   = 296
  End_Group

  Group = Accounting
    ConnectTime = 00:00:00.7
    CpuTime     = 00:00:02.8
  End_Group
End_Object


Object = reduce
  IsisVersion       = "9.0.0  | 2026-01-05"
  ProgramVersion    = 2013-11-06
  ProgramPath       = /home/gengxun/miniconda3/envs/asp360_new/bin
  ExecutionDateTime = 2026-06-09T22:10:01
  HostName          = x86_64-conda-linux-gnu
  UserName          = gengxun
  Description       = "Reduce the pixel dimensions of an image"

  Group = UserParameters
    FROM         = /run/media/gengxun/Elements/data/lro/test_controlnet_pytho-
                   n/PAPER-use/dom_M104318871RE.cub
    TO           = /run/media/gengxun/Elements/data/lro/test_controlnet_pytho-
                   n/PAPER-use/loftr_gpu_work/low_resolution_doms/level3/0004-
                   _dom_M104318871RE__level3.cub
    ALGORITHM    = AVERAGE
    MODE         = scale
    SSCALE       = 8
    LSCALE       = 8
    VALIDPER     = 50
    VPER_REPLACE = NULL
  End_Group

  Group = Results
    InputLines      = 8400
    InputSamples    = 2362
    StartingLine    = 1
    StartingSample  = 1
    EndingLine      = 8400
    EndingSample    = 2362
    LineIncrement   = 8.0
    SampleIncrement = 8.0
    OutputLines     = 1050
    OutputSamples   = 295
  End_Group

  Group = Accounting
    ConnectTime = 00:00:00.7
    CpuTime     = 00:00:02.7
  End_Group
End_Object


Object = reduce
  IsisVersion       = "9.0.0  | 2026-01-05"
  ProgramVersion    = 2013-11-06
  ProgramPath       = /home/gengxun/miniconda3/envs/asp360_new/bin
  ExecutionDateTime = 2026-06-09T22:12:58
  HostName          = x86_64-conda-linux-gnu
  UserName          = gengxun
  Description       = "Reduce the pixel dimensions of an image"

  Group = UserParameters
    FROM         = /run/media/gengxun/Elements/data/lro/test_controlnet_pytho-
                   n/PAPER-use/dom_M104311715LE.cub
    TO           = /run/media/gengxun/Elements/data/lro/test_controlnet_pytho-
                   n/PAPER-use/loftr_gpu_work/match_viz/preview_cache/level3/-
                   dom_M104311715LE__e3e08fed5d3f301cc3bb96b6b641c6e5b4a09584-
                   e0c421a244971de0ea2645a7.cub
    ALGORITHM    = AVERAGE
    MODE         = scale
    SSCALE       = 8
    LSCALE       = 8
    VALIDPER     = 50
    VPER_REPLACE = NULL
  End_Group

  Group = Results
    InputLines      = 8367
    InputSamples    = 2549
    StartingLine    = 1
    StartingSample  = 1
    EndingLine      = 8367
    EndingSample    = 2549
    LineIncrement   = 8.0
    SampleIncrement = 8.0
    OutputLines     = 1046
    OutputSamples   = 319
  End_Group

  Group = Accounting
    ConnectTime = 00:00:00.7
    CpuTime     = 00:00:03.0
  End_Group
End_Object


Object = reduce
  IsisVersion       = "9.0.0  | 2026-01-05"
  ProgramVersion    = 2013-11-06
  ProgramPath       = /home/gengxun/miniconda3/envs/asp360_new/bin
  ExecutionDateTime = 2026-06-09T22:12:59
  HostName          = x86_64-conda-linux-gnu
  UserName          = gengxun
  Description       = "Reduce the pixel dimensions of an image"

  Group = UserParameters
    FROM         = /run/media/gengxun/Elements/data/lro/test_controlnet_pytho-
                   n/PAPER-use/dom_M104311715RE.cub
    TO           = /run/media/gengxun/Elements/data/lro/test_controlnet_pytho-
                   n/PAPER-use/loftr_gpu_work/match_viz/preview_cache/level3/-
                   dom_M104311715RE__9de2766f54cc4ac7d4fc3202472f8ffc4b0777ff-
                   2969d012c74160a8b2451f61.cub
    ALGORITHM    = AVERAGE
    MODE         = scale
    SSCALE       = 8
    LSCALE       = 8
    VALIDPER     = 50
    VPER_REPLACE = NULL
  End_Group

  Group = Results
    InputLines      = 8390
    InputSamples    = 2501
    StartingLine    = 1
    StartingSample  = 1
    EndingLine      = 8390
    EndingSample    = 2501
    LineIncrement   = 8.0
    SampleIncrement = 8.0
    OutputLines     = 1049
    OutputSamples   = 313
  End_Group

  Group = Accounting
    ConnectTime = 00:00:00.7
    CpuTime     = 00:00:02.8
  End_Group
End_Object


Object = reduce
  IsisVersion       = "9.0.0  | 2026-01-05"
  ProgramVersion    = 2013-11-06
  ProgramPath       = /home/gengxun/miniconda3/envs/asp360_new/bin
  ExecutionDateTime = 2026-06-09T22:13:02
  HostName          = x86_64-conda-linux-gnu
  UserName          = gengxun
  Description       = "Reduce the pixel dimensions of an image"

  Group = UserParameters
    FROM         = /run/media/gengxun/Elements/data/lro/test_controlnet_pytho-
                   n/PAPER-use/dom_M104318871LE.cub
    TO           = /run/media/gengxun/Elements/data/lro/test_controlnet_pytho-
                   n/PAPER-use/loftr_gpu_work/match_viz/preview_cache/level3/-
                   dom_M104318871LE__1a9b9dedf0da66682df3bf0b413d2ee3102d2037-
                   8c597201e4a0781772648084.cub
    ALGORITHM    = AVERAGE
    MODE         = scale
    SSCALE       = 8
    LSCALE       = 8
    VALIDPER     = 50
    VPER_REPLACE = NULL
  End_Group

  Group = Results
    InputLines      = 8376
    InputSamples    = 2370
    StartingLine    = 1
    StartingSample  = 1
    EndingLine      = 8376
    EndingSample    = 2370
    LineIncrement   = 8.0
    SampleIncrement = 8.0
    OutputLines     = 1047
    OutputSamples   = 296
  End_Group

  Group = Accounting
    ConnectTime = 00:00:00.6
    CpuTime     = 00:00:03.0
  End_Group
End_Object


Object = reduce
  IsisVersion       = "9.0.0  | 2026-01-05"
  ProgramVersion    = 2013-11-06
  ProgramPath       = /home/gengxun/miniconda3/envs/asp360_new/bin
  ExecutionDateTime = 2026-06-09T22:13:04
  HostName          = x86_64-conda-linux-gnu
  UserName          = gengxun
  Description       = "Reduce the pixel dimensions of an image"

  Group = UserParameters
    FROM         = /run/media/gengxun/Elements/data/lro/test_controlnet_pytho-
                   n/PAPER-use/dom_M104318871RE.cub
    TO           = /run/media/gengxun/Elements/data/lro/test_controlnet_pytho-
                   n/PAPER-use/loftr_gpu_work/match_viz/preview_cache/level3/-
                   dom_M104318871RE__0442a18cc9871abddd9a60792f74d3227cd65da4-
                   339ab2b5b5e6c57fd1cfb881.cub
    ALGORITHM    = AVERAGE
    MODE         = scale
    SSCALE       = 8
    LSCALE       = 8
    VALIDPER     = 50
    VPER_REPLACE = NULL
  End_Group

  Group = Results
    InputLines      = 8400
    InputSamples    = 2362
    StartingLine    = 1
    StartingSample  = 1
    EndingLine      = 8400
    EndingSample    = 2362
    LineIncrement   = 8.0
    SampleIncrement = 8.0
    OutputLines     = 1050
    OutputSamples   = 295
  End_Group

  Group = Accounting
    ConnectTime = 00:00:00.6
    CpuTime     = 00:00:03.0
  End_Group
End_Object


Object = reduce
  IsisVersion       = "9.0.0  | 2026-01-05"
  ProgramVersion    = 2013-11-06
  ProgramPath       = /home/gengxun/miniconda3/envs/asp360_new/bin
  ExecutionDateTime = 2026-06-09T22:13:10
  HostName          = x86_64-conda-linux-gnu
  UserName          = gengxun
  Description       = "Reduce the pixel dimensions of an image"

  Group = UserParameters
    FROM         = /run/media/gengxun/Elements/data/lro/test_controlnet_pytho-
                   n/PAPER-use/dom_M104311715LE.cub
    TO           = /run/media/gengxun/Elements/data/lro/test_controlnet_pytho-
                   n/PAPER-use/loftr_gpu_work/match_viz_post_ransac/preview_c-
                   ache/level3/dom_M104311715LE__e3e08fed5d3f301cc3bb96b6b641-
                   c6e5b4a09584e0c421a244971de0ea2645a7.cub
    ALGORITHM    = AVERAGE
    MODE         = scale
    SSCALE       = 8
    LSCALE       = 8
    VALIDPER     = 50
    VPER_REPLACE = NULL
  End_Group

  Group = Results
    InputLines      = 8367
    InputSamples    = 2549
    StartingLine    = 1
    StartingSample  = 1
    EndingLine      = 8367
    EndingSample    = 2549
    LineIncrement   = 8.0
    SampleIncrement = 8.0
    OutputLines     = 1046
    OutputSamples   = 319
  End_Group

  Group = Accounting
    ConnectTime = 00:00:00.7
    CpuTime     = 00:00:03.0
  End_Group
End_Object


Object = reduce
  IsisVersion       = "9.0.0  | 2026-01-05"
  ProgramVersion    = 2013-11-06
  ProgramPath       = /home/gengxun/miniconda3/envs/asp360_new/bin
  ExecutionDateTime = 2026-06-09T22:13:11
  HostName          = x86_64-conda-linux-gnu
  UserName          = gengxun
  Description       = "Reduce the pixel dimensions of an image"

  Group = UserParameters
    FROM         = /run/media/gengxun/Elements/data/lro/test_controlnet_pytho-
                   n/PAPER-use/dom_M104311715RE.cub
    TO           = /run/media/gengxun/Elements/data/lro/test_controlnet_pytho-
                   n/PAPER-use/loftr_gpu_work/match_viz_post_ransac/preview_c-
                   ache/level3/dom_M104311715RE__9de2766f54cc4ac7d4fc3202472f-
                   8ffc4b0777ff2969d012c74160a8b2451f61.cub
    ALGORITHM    = AVERAGE
    MODE         = scale
    SSCALE       = 8
    LSCALE       = 8
    VALIDPER     = 50
    VPER_REPLACE = NULL
  End_Group

  Group = Results
    InputLines      = 8390
    InputSamples    = 2501
    StartingLine    = 1
    StartingSample  = 1
    EndingLine      = 8390
    EndingSample    = 2501
    LineIncrement   = 8.0
    SampleIncrement = 8.0
    OutputLines     = 1049
    OutputSamples   = 313
  End_Group

  Group = Accounting
    ConnectTime = 00:00:00.7
    CpuTime     = 00:00:02.9
  End_Group
End_Object


Object = reduce
  IsisVersion       = "9.0.0  | 2026-01-05"
  ProgramVersion    = 2013-11-06
  ProgramPath       = /home/gengxun/miniconda3/envs/asp360_new/bin
  ExecutionDateTime = 2026-06-09T22:13:13
  HostName          = x86_64-conda-linux-gnu
  UserName          = gengxun
  Description       = "Reduce the pixel dimensions of an image"

  Group = UserParameters
    FROM         = /run/media/gengxun/Elements/data/lro/test_controlnet_pytho-
                   n/PAPER-use/dom_M104318871LE.cub
    TO           = /run/media/gengxun/Elements/data/lro/test_controlnet_pytho-
                   n/PAPER-use/loftr_gpu_work/match_viz_post_ransac/preview_c-
                   ache/level3/dom_M104318871LE__1a9b9dedf0da66682df3bf0b413d-
                   2ee3102d20378c597201e4a0781772648084.cub
    ALGORITHM    = AVERAGE
    MODE         = scale
    SSCALE       = 8
    LSCALE       = 8
    VALIDPER     = 50
    VPER_REPLACE = NULL
  End_Group

  Group = Results
    InputLines      = 8376
    InputSamples    = 2370
    StartingLine    = 1
    StartingSample  = 1
    EndingLine      = 8376
    EndingSample    = 2370
    LineIncrement   = 8.0
    SampleIncrement = 8.0
    OutputLines     = 1047
    OutputSamples   = 296
  End_Group

  Group = Accounting
    ConnectTime = 00:00:00.6
    CpuTime     = 00:00:02.9
  End_Group
End_Object


Object = reduce
  IsisVersion       = "9.0.0  | 2026-01-05"
  ProgramVersion    = 2013-11-06
  ProgramPath       = /home/gengxun/miniconda3/envs/asp360_new/bin
  ExecutionDateTime = 2026-06-09T22:13:33
  HostName          = x86_64-conda-linux-gnu
  UserName          = gengxun
  Description       = "Reduce the pixel dimensions of an image"

  Group = UserParameters
    FROM         = /run/media/gengxun/Elements/data/lro/test_controlnet_pytho-
                   n/PAPER-use/dom_M104318871RE.cub
    TO           = /run/media/gengxun/Elements/data/lro/test_controlnet_pytho-
                   n/PAPER-use/loftr_gpu_work/match_viz_post_ransac/preview_c-
                   ache/level3/dom_M104318871RE__0442a18cc9871abddd9a60792f74-
                   d3227cd65da4339ab2b5b5e6c57fd1cfb881.cub
    ALGORITHM    = AVERAGE
    MODE         = scale
    SSCALE       = 8
    LSCALE       = 8
    VALIDPER     = 50
    VPER_REPLACE = NULL
  End_Group

  Group = Results
    InputLines      = 8400
    InputSamples    = 2362
    StartingLine    = 1
    StartingSample  = 1
    EndingLine      = 8400
    EndingSample    = 2362
    LineIncrement   = 8.0
    SampleIncrement = 8.0
    OutputLines     = 1050
    OutputSamples   = 295
  End_Group

  Group = Accounting
    ConnectTime = 00:00:00.7
    CpuTime     = 00:00:02.8
  End_Group
End_Object


Object = cnetmerge
  IsisVersion       = "9.0.0  | 2026-01-05"
  ProgramVersion    = 2012-04-17
  ProgramPath       = /home/gengxun/miniconda3/envs/asp360_new/bin
  ExecutionDateTime = 2026-06-09T22:13:57
  HostName          = x86_64-conda-linux-gnu
  UserName          = gengxun
  Description       = "Merges multiple Control Networks into one"

  Group = UserParameters
    INPUTTYPE          = list
    CLIST              = /run/media/gengxun/Elements/data/lro/test_controlnet-
                         _python/PAPER-use/loftr_gpu_work/merge/merge_all_con-
                         trolnets.lis
    BASE               = /run/media/gengxun/Elements/data/lro/test_controlnet-
                         _python/PAPER-use/loftr_gpu_work/pair_nets/REDUCED_M-
                         104311715LE.echo.cal__REDUCED_M104311715RE.echo.cal.-
                         net
    ONET               = /run/media/gengxun/Elements/data/lro/test_controlnet-
                         _python/PAPER-use/loftr_gpu_work/merge/dom_matching_-
                         merged.net
    NETWORKID          = dom_matching_example
    DESCRIPTION        = "Merged DOM matching ControlNet"
    LOG                = /run/media/gengxun/Elements/data/lro/test_controlnet-
                         _python/PAPER-use/loftr_gpu_work/merge/cnetmerge.log
    DUPLICATEPOINTS    = merge
    OVERWRITEPOINTS    = False
    OVERWRITEMEASURES  = False
    OVERWRITEREFERENCE = False
    OVERWRITEMISSING   = False
  End_Group

  Group = Accounting
    ConnectTime = 00:01:52.9
    CpuTime     = 00:01:55.3
  End_Group
End_Object


Object = reduce
  IsisVersion       = "9.0.0  | 2026-01-05"
  ProgramVersion    = 2013-11-06
  ProgramPath       = /home/gengxun/miniconda3/envs/asp360_new/bin
  ExecutionDateTime = 2026-06-09T22:21:40
  HostName          = x86_64-conda-linux-gnu
  UserName          = gengxun
  Description       = "Reduce the pixel dimensions of an image"

  Group = UserParameters
    FROM         = /run/media/gengxun/Elements/data/lro/test_controlnet_pytho-
                   n/PAPER-use/dom_M104311715LE.cub
    TO           = /run/media/gengxun/Elements/data/lro/test_controlnet_pytho-
                   n/PAPER-use/superpoint_lightglue_gpu_work/low_resolution_d-
                   oms/level3/0001_dom_M104311715LE__level3.cub
    ALGORITHM    = AVERAGE
    MODE         = scale
    SSCALE       = 8
    LSCALE       = 8
    VALIDPER     = 50
    VPER_REPLACE = NULL
  End_Group

  Group = Results
    InputLines      = 8367
    InputSamples    = 2549
    StartingLine    = 1
    StartingSample  = 1
    EndingLine      = 8367
    EndingSample    = 2549
    LineIncrement   = 8.0
    SampleIncrement = 8.0
    OutputLines     = 1046
    OutputSamples   = 319
  End_Group

  Group = Accounting
    ConnectTime = 00:00:00.7
    CpuTime     = 00:00:03.0
  End_Group
End_Object


Object = reduce
  IsisVersion       = "9.0.0  | 2026-01-05"
  ProgramVersion    = 2013-11-06
  ProgramPath       = /home/gengxun/miniconda3/envs/asp360_new/bin
  ExecutionDateTime = 2026-06-09T22:21:41
  HostName          = x86_64-conda-linux-gnu
  UserName          = gengxun
  Description       = "Reduce the pixel dimensions of an image"

  Group = UserParameters
    FROM         = /run/media/gengxun/Elements/data/lro/test_controlnet_pytho-
                   n/PAPER-use/dom_M104311715RE.cub
    TO           = /run/media/gengxun/Elements/data/lro/test_controlnet_pytho-
                   n/PAPER-use/superpoint_lightglue_gpu_work/low_resolution_d-
                   oms/level3/0002_dom_M104311715RE__level3.cub
    ALGORITHM    = AVERAGE
    MODE         = scale
    SSCALE       = 8
    LSCALE       = 8
    VALIDPER     = 50
    VPER_REPLACE = NULL
  End_Group

  Group = Results
    InputLines      = 8390
    InputSamples    = 2501
    StartingLine    = 1
    StartingSample  = 1
    EndingLine      = 8390
    EndingSample    = 2501
    LineIncrement   = 8.0
    SampleIncrement = 8.0
    OutputLines     = 1049
    OutputSamples   = 313
  End_Group

  Group = Accounting
    ConnectTime = 00:00:00.7
    CpuTime     = 00:00:03.0
  End_Group
End_Object


Object = reduce
  IsisVersion       = "9.0.0  | 2026-01-05"
  ProgramVersion    = 2013-11-06
  ProgramPath       = /home/gengxun/miniconda3/envs/asp360_new/bin
  ExecutionDateTime = 2026-06-09T22:21:41
  HostName          = x86_64-conda-linux-gnu
  UserName          = gengxun
  Description       = "Reduce the pixel dimensions of an image"

  Group = UserParameters
    FROM         = /run/media/gengxun/Elements/data/lro/test_controlnet_pytho-
                   n/PAPER-use/dom_M104318871LE.cub
    TO           = /run/media/gengxun/Elements/data/lro/test_controlnet_pytho-
                   n/PAPER-use/superpoint_lightglue_gpu_work/low_resolution_d-
                   oms/level3/0003_dom_M104318871LE__level3.cub
    ALGORITHM    = AVERAGE
    MODE         = scale
    SSCALE       = 8
    LSCALE       = 8
    VALIDPER     = 50
    VPER_REPLACE = NULL
  End_Group

  Group = Results
    InputLines      = 8376
    InputSamples    = 2370
    StartingLine    = 1
    StartingSample  = 1
    EndingLine      = 8376
    EndingSample    = 2370
    LineIncrement   = 8.0
    SampleIncrement = 8.0
    OutputLines     = 1047
    OutputSamples   = 296
  End_Group

  Group = Accounting
    ConnectTime = 00:00:00.6
    CpuTime     = 00:00:02.9
  End_Group
End_Object


Object = reduce
  IsisVersion       = "9.0.0  | 2026-01-05"
  ProgramVersion    = 2013-11-06
  ProgramPath       = /home/gengxun/miniconda3/envs/asp360_new/bin
  ExecutionDateTime = 2026-06-09T22:21:42
  HostName          = x86_64-conda-linux-gnu
  UserName          = gengxun
  Description       = "Reduce the pixel dimensions of an image"

  Group = UserParameters
    FROM         = /run/media/gengxun/Elements/data/lro/test_controlnet_pytho-
                   n/PAPER-use/dom_M104318871RE.cub
    TO           = /run/media/gengxun/Elements/data/lro/test_controlnet_pytho-
                   n/PAPER-use/superpoint_lightglue_gpu_work/low_resolution_d-
                   oms/level3/0004_dom_M104318871RE__level3.cub
    ALGORITHM    = AVERAGE
    MODE         = scale
    SSCALE       = 8
    LSCALE       = 8
    VALIDPER     = 50
    VPER_REPLACE = NULL
  End_Group

  Group = Results
    InputLines      = 8400
    InputSamples    = 2362
    StartingLine    = 1
    StartingSample  = 1
    EndingLine      = 8400
    EndingSample    = 2362
    LineIncrement   = 8.0
    SampleIncrement = 8.0
    OutputLines     = 1050
    OutputSamples   = 295
  End_Group

  Group = Accounting
    ConnectTime = 00:00:00.6
    CpuTime     = 00:00:02.8
  End_Group
End_Object


Object = reduce
  IsisVersion       = "9.0.0  | 2026-01-05"
  ProgramVersion    = 2013-11-06
  ProgramPath       = /home/gengxun/miniconda3/envs/asp360_new/bin
  ExecutionDateTime = 2026-06-09T22:23:58
  HostName          = x86_64-conda-linux-gnu
  UserName          = gengxun
  Description       = "Reduce the pixel dimensions of an image"

  Group = UserParameters
    FROM         = /run/media/gengxun/Elements/data/lro/test_controlnet_pytho-
                   n/PAPER-use/dom_M104311715LE.cub
    TO           = /run/media/gengxun/Elements/data/lro/test_controlnet_pytho-
                   n/PAPER-use/superpoint_lightglue_gpu_work/match_viz/previe-
                   w_cache/level3/dom_M104311715LE__e3e08fed5d3f301cc3bb96b6b-
                   641c6e5b4a09584e0c421a244971de0ea2645a7.cub
    ALGORITHM    = AVERAGE
    MODE         = scale
    SSCALE       = 8
    LSCALE       = 8
    VALIDPER     = 50
    VPER_REPLACE = NULL
  End_Group

  Group = Results
    InputLines      = 8367
    InputSamples    = 2549
    StartingLine    = 1
    StartingSample  = 1
    EndingLine      = 8367
    EndingSample    = 2549
    LineIncrement   = 8.0
    SampleIncrement = 8.0
    OutputLines     = 1046
    OutputSamples   = 319
  End_Group

  Group = Accounting
    ConnectTime = 00:00:00.7
    CpuTime     = 00:00:03.0
  End_Group
End_Object


Object = reduce
  IsisVersion       = "9.0.0  | 2026-01-05"
  ProgramVersion    = 2013-11-06
  ProgramPath       = /home/gengxun/miniconda3/envs/asp360_new/bin
  ExecutionDateTime = 2026-06-09T22:23:59
  HostName          = x86_64-conda-linux-gnu
  UserName          = gengxun
  Description       = "Reduce the pixel dimensions of an image"

  Group = UserParameters
    FROM         = /run/media/gengxun/Elements/data/lro/test_controlnet_pytho-
                   n/PAPER-use/dom_M104311715RE.cub
    TO           = /run/media/gengxun/Elements/data/lro/test_controlnet_pytho-
                   n/PAPER-use/superpoint_lightglue_gpu_work/match_viz/previe-
                   w_cache/level3/dom_M104311715RE__9de2766f54cc4ac7d4fc32024-
                   72f8ffc4b0777ff2969d012c74160a8b2451f61.cub
    ALGORITHM    = AVERAGE
    MODE         = scale
    SSCALE       = 8
    LSCALE       = 8
    VALIDPER     = 50
    VPER_REPLACE = NULL
  End_Group

  Group = Results
    InputLines      = 8390
    InputSamples    = 2501
    StartingLine    = 1
    StartingSample  = 1
    EndingLine      = 8390
    EndingSample    = 2501
    LineIncrement   = 8.0
    SampleIncrement = 8.0
    OutputLines     = 1049
    OutputSamples   = 313
  End_Group

  Group = Accounting
    ConnectTime = 00:00:00.7
    CpuTime     = 00:00:03.0
  End_Group
End_Object


Object = reduce
  IsisVersion       = "9.0.0  | 2026-01-05"
  ProgramVersion    = 2013-11-06
  ProgramPath       = /home/gengxun/miniconda3/envs/asp360_new/bin
  ExecutionDateTime = 2026-06-09T22:24:00
  HostName          = x86_64-conda-linux-gnu
  UserName          = gengxun
  Description       = "Reduce the pixel dimensions of an image"

  Group = UserParameters
    FROM         = /run/media/gengxun/Elements/data/lro/test_controlnet_pytho-
                   n/PAPER-use/dom_M104318871LE.cub
    TO           = /run/media/gengxun/Elements/data/lro/test_controlnet_pytho-
                   n/PAPER-use/superpoint_lightglue_gpu_work/match_viz/previe-
                   w_cache/level3/dom_M104318871LE__1a9b9dedf0da66682df3bf0b4-
                   13d2ee3102d20378c597201e4a0781772648084.cub
    ALGORITHM    = AVERAGE
    MODE         = scale
    SSCALE       = 8
    LSCALE       = 8
    VALIDPER     = 50
    VPER_REPLACE = NULL
  End_Group

  Group = Results
    InputLines      = 8376
    InputSamples    = 2370
    StartingLine    = 1
    StartingSample  = 1
    EndingLine      = 8376
    EndingSample    = 2370
    LineIncrement   = 8.0
    SampleIncrement = 8.0
    OutputLines     = 1047
    OutputSamples   = 296
  End_Group

  Group = Accounting
    ConnectTime = 00:00:00.6
    CpuTime     = 00:00:03.0
  End_Group
End_Object


Object = reduce
  IsisVersion       = "9.0.0  | 2026-01-05"
  ProgramVersion    = 2013-11-06
  ProgramPath       = /home/gengxun/miniconda3/envs/asp360_new/bin
  ExecutionDateTime = 2026-06-09T22:24:02
  HostName          = x86_64-conda-linux-gnu
  UserName          = gengxun
  Description       = "Reduce the pixel dimensions of an image"

  Group = UserParameters
    FROM         = /run/media/gengxun/Elements/data/lro/test_controlnet_pytho-
                   n/PAPER-use/dom_M104318871RE.cub
    TO           = /run/media/gengxun/Elements/data/lro/test_controlnet_pytho-
                   n/PAPER-use/superpoint_lightglue_gpu_work/match_viz/previe-
                   w_cache/level3/dom_M104318871RE__0442a18cc9871abddd9a60792-
                   f74d3227cd65da4339ab2b5b5e6c57fd1cfb881.cub
    ALGORITHM    = AVERAGE
    MODE         = scale
    SSCALE       = 8
    LSCALE       = 8
    VALIDPER     = 50
    VPER_REPLACE = NULL
  End_Group

  Group = Results
    InputLines      = 8400
    InputSamples    = 2362
    StartingLine    = 1
    StartingSample  = 1
    EndingLine      = 8400
    EndingSample    = 2362
    LineIncrement   = 8.0
    SampleIncrement = 8.0
    OutputLines     = 1050
    OutputSamples   = 295
  End_Group

  Group = Accounting
    ConnectTime = 00:00:00.7
    CpuTime     = 00:00:02.8
  End_Group
End_Object


Object = reduce
  IsisVersion       = "9.0.0  | 2026-01-05"
  ProgramVersion    = 2013-11-06
  ProgramPath       = /home/gengxun/miniconda3/envs/asp360_new/bin
  ExecutionDateTime = 2026-06-09T22:24:05
  HostName          = x86_64-conda-linux-gnu
  UserName          = gengxun
  Description       = "Reduce the pixel dimensions of an image"

  Group = UserParameters
    FROM         = /run/media/gengxun/Elements/data/lro/test_controlnet_pytho-
                   n/PAPER-use/dom_M104311715LE.cub
    TO           = /run/media/gengxun/Elements/data/lro/test_controlnet_pytho-
                   n/PAPER-use/superpoint_lightglue_gpu_work/match_viz_post_r-
                   ansac/preview_cache/level3/dom_M104311715LE__e3e08fed5d3f3-
                   01cc3bb96b6b641c6e5b4a09584e0c421a244971de0ea2645a7.cub
    ALGORITHM    = AVERAGE
    MODE         = scale
    SSCALE       = 8
    LSCALE       = 8
    VALIDPER     = 50
    VPER_REPLACE = NULL
  End_Group

  Group = Results
    InputLines      = 8367
    InputSamples    = 2549
    StartingLine    = 1
    StartingSample  = 1
    EndingLine      = 8367
    EndingSample    = 2549
    LineIncrement   = 8.0
    SampleIncrement = 8.0
    OutputLines     = 1046
    OutputSamples   = 319
  End_Group

  Group = Accounting
    ConnectTime = 00:00:00.7
    CpuTime     = 00:00:03.1
  End_Group
End_Object


Object = reduce
  IsisVersion       = "9.0.0  | 2026-01-05"
  ProgramVersion    = 2013-11-06
  ProgramPath       = /home/gengxun/miniconda3/envs/asp360_new/bin
  ExecutionDateTime = 2026-06-09T22:24:06
  HostName          = x86_64-conda-linux-gnu
  UserName          = gengxun
  Description       = "Reduce the pixel dimensions of an image"

  Group = UserParameters
    FROM         = /run/media/gengxun/Elements/data/lro/test_controlnet_pytho-
                   n/PAPER-use/dom_M104311715RE.cub
    TO           = /run/media/gengxun/Elements/data/lro/test_controlnet_pytho-
                   n/PAPER-use/superpoint_lightglue_gpu_work/match_viz_post_r-
                   ansac/preview_cache/level3/dom_M104311715RE__9de2766f54cc4-
                   ac7d4fc3202472f8ffc4b0777ff2969d012c74160a8b2451f61.cub
    ALGORITHM    = AVERAGE
    MODE         = scale
    SSCALE       = 8
    LSCALE       = 8
    VALIDPER     = 50
    VPER_REPLACE = NULL
  End_Group

  Group = Results
    InputLines      = 8390
    InputSamples    = 2501
    StartingLine    = 1
    StartingSample  = 1
    EndingLine      = 8390
    EndingSample    = 2501
    LineIncrement   = 8.0
    SampleIncrement = 8.0
    OutputLines     = 1049
    OutputSamples   = 313
  End_Group

  Group = Accounting
    ConnectTime = 00:00:00.7
    CpuTime     = 00:00:02.8
  End_Group
End_Object


Object = reduce
  IsisVersion       = "9.0.0  | 2026-01-05"
  ProgramVersion    = 2013-11-06
  ProgramPath       = /home/gengxun/miniconda3/envs/asp360_new/bin
  ExecutionDateTime = 2026-06-09T22:24:07
  HostName          = x86_64-conda-linux-gnu
  UserName          = gengxun
  Description       = "Reduce the pixel dimensions of an image"

  Group = UserParameters
    FROM         = /run/media/gengxun/Elements/data/lro/test_controlnet_pytho-
                   n/PAPER-use/dom_M104318871LE.cub
    TO           = /run/media/gengxun/Elements/data/lro/test_controlnet_pytho-
                   n/PAPER-use/superpoint_lightglue_gpu_work/match_viz_post_r-
                   ansac/preview_cache/level3/dom_M104318871LE__1a9b9dedf0da6-
                   6682df3bf0b413d2ee3102d20378c597201e4a0781772648084.cub
    ALGORITHM    = AVERAGE
    MODE         = scale
    SSCALE       = 8
    LSCALE       = 8
    VALIDPER     = 50
    VPER_REPLACE = NULL
  End_Group

  Group = Results
    InputLines      = 8376
    InputSamples    = 2370
    StartingLine    = 1
    StartingSample  = 1
    EndingLine      = 8376
    EndingSample    = 2370
    LineIncrement   = 8.0
    SampleIncrement = 8.0
    OutputLines     = 1047
    OutputSamples   = 296
  End_Group

  Group = Accounting
    ConnectTime = 00:00:00.7
    CpuTime     = 00:00:02.8
  End_Group
End_Object


Object = reduce
  IsisVersion       = "9.0.0  | 2026-01-05"
  ProgramVersion    = 2013-11-06
  ProgramPath       = /home/gengxun/miniconda3/envs/asp360_new/bin
  ExecutionDateTime = 2026-06-09T22:24:09
  HostName          = x86_64-conda-linux-gnu
  UserName          = gengxun
  Description       = "Reduce the pixel dimensions of an image"

  Group = UserParameters
    FROM         = /run/media/gengxun/Elements/data/lro/test_controlnet_pytho-
                   n/PAPER-use/dom_M104318871RE.cub
    TO           = /run/media/gengxun/Elements/data/lro/test_controlnet_pytho-
                   n/PAPER-use/superpoint_lightglue_gpu_work/match_viz_post_r-
                   ansac/preview_cache/level3/dom_M104318871RE__0442a18cc9871-
                   abddd9a60792f74d3227cd65da4339ab2b5b5e6c57fd1cfb881.cub
    ALGORITHM    = AVERAGE
    MODE         = scale
    SSCALE       = 8
    LSCALE       = 8
    VALIDPER     = 50
    VPER_REPLACE = NULL
  End_Group

  Group = Results
    InputLines      = 8400
    InputSamples    = 2362
    StartingLine    = 1
    StartingSample  = 1
    EndingLine      = 8400
    EndingSample    = 2362
    LineIncrement   = 8.0
    SampleIncrement = 8.0
    OutputLines     = 1050
    OutputSamples   = 295
  End_Group

  Group = Accounting
    ConnectTime = 00:00:00.7
    CpuTime     = 00:00:03.0
  End_Group
End_Object


Object = cnetmerge
  IsisVersion       = "9.0.0  | 2026-01-05"
  ProgramVersion    = 2012-04-17
  ProgramPath       = /home/gengxun/miniconda3/envs/asp360_new/bin
  ExecutionDateTime = 2026-06-09T22:24:12
  HostName          = x86_64-conda-linux-gnu
  UserName          = gengxun
  Description       = "Merges multiple Control Networks into one"

  Group = UserParameters
    INPUTTYPE          = list
    CLIST              = /run/media/gengxun/Elements/data/lro/test_controlnet-
                         _python/PAPER-use/superpoint_lightglue_gpu_work/merg-
                         e/merge_all_controlnets.lis
    BASE               = /run/media/gengxun/Elements/data/lro/test_controlnet-
                         _python/PAPER-use/superpoint_lightglue_gpu_work/pair-
                         _nets/REDUCED_M104311715LE.echo.cal__REDUCED_M104311-
                         715RE.echo.cal.net
    ONET               = /run/media/gengxun/Elements/data/lro/test_controlnet-
                         _python/PAPER-use/superpoint_lightglue_gpu_work/merg-
                         e/dom_matching_merged.net
    NETWORKID          = dom_matching_example
    DESCRIPTION        = "Merged DOM matching ControlNet"
    LOG                = /run/media/gengxun/Elements/data/lro/test_controlnet-
                         _python/PAPER-use/superpoint_lightglue_gpu_work/merg-
                         e/cnetmerge.log
    DUPLICATEPOINTS    = merge
    OVERWRITEPOINTS    = False
    OVERWRITEMEASURES  = False
    OVERWRITEREFERENCE = False
    OVERWRITEMISSING   = False
  End_Group

  Group = Accounting
    ConnectTime = 00:00:05.8
    CpuTime     = 00:00:08.2
  End_Group
End_Object


Object = reduce
  IsisVersion       = "9.0.0  | 2026-01-05"
  ProgramVersion    = 2013-11-06
  ProgramPath       = /home/gengxun/miniconda3/envs/asp360_new/bin
  ExecutionDateTime = 2026-06-09T22:25:29
  HostName          = x86_64-conda-linux-gnu
  UserName          = gengxun
  Description       = "Reduce the pixel dimensions of an image"

  Group = UserParameters
    FROM         = /run/media/gengxun/Elements/data/lro/test_controlnet_pytho-
                   n/PAPER-use/dom_M104311715LE.cub
    TO           = /run/media/gengxun/Elements/data/lro/test_controlnet_pytho-
                   n/PAPER-use/sift_flann_work/low_resolution_doms/level3/000-
                   1_dom_M104311715LE__level3.cub
    ALGORITHM    = AVERAGE
    MODE         = scale
    SSCALE       = 8
    LSCALE       = 8
    VALIDPER     = 50
    VPER_REPLACE = NULL
  End_Group

  Group = Results
    InputLines      = 8367
    InputSamples    = 2549
    StartingLine    = 1
    StartingSample  = 1
    EndingLine      = 8367
    EndingSample    = 2549
    LineIncrement   = 8.0
    SampleIncrement = 8.0
    OutputLines     = 1046
    OutputSamples   = 319
  End_Group

  Group = Accounting
    ConnectTime = 00:00:00.7
    CpuTime     = 00:00:02.9
  End_Group
End_Object


Object = reduce
  IsisVersion       = "9.0.0  | 2026-01-05"
  ProgramVersion    = 2013-11-06
  ProgramPath       = /home/gengxun/miniconda3/envs/asp360_new/bin
  ExecutionDateTime = 2026-06-09T22:25:30
  HostName          = x86_64-conda-linux-gnu
  UserName          = gengxun
  Description       = "Reduce the pixel dimensions of an image"

  Group = UserParameters
    FROM         = /run/media/gengxun/Elements/data/lro/test_controlnet_pytho-
                   n/PAPER-use/dom_M104311715RE.cub
    TO           = /run/media/gengxun/Elements/data/lro/test_controlnet_pytho-
                   n/PAPER-use/sift_flann_work/low_resolution_doms/level3/000-
                   2_dom_M104311715RE__level3.cub
    ALGORITHM    = AVERAGE
    MODE         = scale
    SSCALE       = 8
    LSCALE       = 8
    VALIDPER     = 50
    VPER_REPLACE = NULL
  End_Group

  Group = Results
    InputLines      = 8390
    InputSamples    = 2501
    StartingLine    = 1
    StartingSample  = 1
    EndingLine      = 8390
    EndingSample    = 2501
    LineIncrement   = 8.0
    SampleIncrement = 8.0
    OutputLines     = 1049
    OutputSamples   = 313
  End_Group

  Group = Accounting
    ConnectTime = 00:00:00.7
    CpuTime     = 00:00:03.0
  End_Group
End_Object


Object = reduce
  IsisVersion       = "9.0.0  | 2026-01-05"
  ProgramVersion    = 2013-11-06
  ProgramPath       = /home/gengxun/miniconda3/envs/asp360_new/bin
  ExecutionDateTime = 2026-06-09T22:25:31
  HostName          = x86_64-conda-linux-gnu
  UserName          = gengxun
  Description       = "Reduce the pixel dimensions of an image"

  Group = UserParameters
    FROM         = /run/media/gengxun/Elements/data/lro/test_controlnet_pytho-
                   n/PAPER-use/dom_M104318871LE.cub
    TO           = /run/media/gengxun/Elements/data/lro/test_controlnet_pytho-
                   n/PAPER-use/sift_flann_work/low_resolution_doms/level3/000-
                   3_dom_M104318871LE__level3.cub
    ALGORITHM    = AVERAGE
    MODE         = scale
    SSCALE       = 8
    LSCALE       = 8
    VALIDPER     = 50
    VPER_REPLACE = NULL
  End_Group

  Group = Results
    InputLines      = 8376
    InputSamples    = 2370
    StartingLine    = 1
    StartingSample  = 1
    EndingLine      = 8376
    EndingSample    = 2370
    LineIncrement   = 8.0
    SampleIncrement = 8.0
    OutputLines     = 1047
    OutputSamples   = 296
  End_Group

  Group = Accounting
    ConnectTime = 00:00:00.7
    CpuTime     = 00:00:02.7
  End_Group
End_Object


Object = reduce
  IsisVersion       = "9.0.0  | 2026-01-05"
  ProgramVersion    = 2013-11-06
  ProgramPath       = /home/gengxun/miniconda3/envs/asp360_new/bin
  ExecutionDateTime = 2026-06-09T22:25:31
  HostName          = x86_64-conda-linux-gnu
  UserName          = gengxun
  Description       = "Reduce the pixel dimensions of an image"

  Group = UserParameters
    FROM         = /run/media/gengxun/Elements/data/lro/test_controlnet_pytho-
                   n/PAPER-use/dom_M104318871RE.cub
    TO           = /run/media/gengxun/Elements/data/lro/test_controlnet_pytho-
                   n/PAPER-use/sift_flann_work/low_resolution_doms/level3/000-
                   4_dom_M104318871RE__level3.cub
    ALGORITHM    = AVERAGE
    MODE         = scale
    SSCALE       = 8
    LSCALE       = 8
    VALIDPER     = 50
    VPER_REPLACE = NULL
  End_Group

  Group = Results
    InputLines      = 8400
    InputSamples    = 2362
    StartingLine    = 1
    StartingSample  = 1
    EndingLine      = 8400
    EndingSample    = 2362
    LineIncrement   = 8.0
    SampleIncrement = 8.0
    OutputLines     = 1050
    OutputSamples   = 295
  End_Group

  Group = Accounting
    ConnectTime = 00:00:00.7
    CpuTime     = 00:00:03.0
  End_Group
End_Object


Object = reduce
  IsisVersion       = "9.0.0  | 2026-01-05"
  ProgramVersion    = 2013-11-06
  ProgramPath       = /home/gengxun/miniconda3/envs/asp360_new/bin
  ExecutionDateTime = 2026-06-09T22:26:01
  HostName          = x86_64-conda-linux-gnu
  UserName          = gengxun
  Description       = "Reduce the pixel dimensions of an image"

  Group = UserParameters
    FROM         = /run/media/gengxun/Elements/data/lro/test_controlnet_pytho-
                   n/PAPER-use/dom_M104311715LE.cub
    TO           = /run/media/gengxun/Elements/data/lro/test_controlnet_pytho-
                   n/PAPER-use/sift_flann_work/match_viz_post_ransac/preview_-
                   cache/level3/dom_M104311715LE__e3e08fed5d3f301cc3bb96b6b64-
                   1c6e5b4a09584e0c421a244971de0ea2645a7.cub
    ALGORITHM    = AVERAGE
    MODE         = scale
    SSCALE       = 8
    LSCALE       = 8
    VALIDPER     = 50
    VPER_REPLACE = NULL
  End_Group

  Group = Results
    InputLines      = 8367
    InputSamples    = 2549
    StartingLine    = 1
    StartingSample  = 1
    EndingLine      = 8367
    EndingSample    = 2549
    LineIncrement   = 8.0
    SampleIncrement = 8.0
    OutputLines     = 1046
    OutputSamples   = 319
  End_Group

  Group = Accounting
    ConnectTime = 00:00:00.7
    CpuTime     = 00:00:02.8
  End_Group
End_Object


Object = reduce
  IsisVersion       = "9.0.0  | 2026-01-05"
  ProgramVersion    = 2013-11-06
  ProgramPath       = /home/gengxun/miniconda3/envs/asp360_new/bin
  ExecutionDateTime = 2026-06-09T22:26:02
  HostName          = x86_64-conda-linux-gnu
  UserName          = gengxun
  Description       = "Reduce the pixel dimensions of an image"

  Group = UserParameters
    FROM         = /run/media/gengxun/Elements/data/lro/test_controlnet_pytho-
                   n/PAPER-use/dom_M104311715RE.cub
    TO           = /run/media/gengxun/Elements/data/lro/test_controlnet_pytho-
                   n/PAPER-use/sift_flann_work/match_viz_post_ransac/preview_-
                   cache/level3/dom_M104311715RE__9de2766f54cc4ac7d4fc3202472-
                   f8ffc4b0777ff2969d012c74160a8b2451f61.cub
    ALGORITHM    = AVERAGE
    MODE         = scale
    SSCALE       = 8
    LSCALE       = 8
    VALIDPER     = 50
    VPER_REPLACE = NULL
  End_Group

  Group = Results
    InputLines      = 8390
    InputSamples    = 2501
    StartingLine    = 1
    StartingSample  = 1
    EndingLine      = 8390
    EndingSample    = 2501
    LineIncrement   = 8.0
    SampleIncrement = 8.0
    OutputLines     = 1049
    OutputSamples   = 313
  End_Group

  Group = Accounting
    ConnectTime = 00:00:00.7
    CpuTime     = 00:00:03.1
  End_Group
End_Object


Object = reduce
  IsisVersion       = "9.0.0  | 2026-01-05"
  ProgramVersion    = 2013-11-06
  ProgramPath       = /home/gengxun/miniconda3/envs/asp360_new/bin
  ExecutionDateTime = 2026-06-09T22:26:03
  HostName          = x86_64-conda-linux-gnu
  UserName          = gengxun
  Description       = "Reduce the pixel dimensions of an image"

  Group = UserParameters
    FROM         = /run/media/gengxun/Elements/data/lro/test_controlnet_pytho-
                   n/PAPER-use/dom_M104318871LE.cub
    TO           = /run/media/gengxun/Elements/data/lro/test_controlnet_pytho-
                   n/PAPER-use/sift_flann_work/match_viz_post_ransac/preview_-
                   cache/level3/dom_M104318871LE__1a9b9dedf0da66682df3bf0b413-
                   d2ee3102d20378c597201e4a0781772648084.cub
    ALGORITHM    = AVERAGE
    MODE         = scale
    SSCALE       = 8
    LSCALE       = 8
    VALIDPER     = 50
    VPER_REPLACE = NULL
  End_Group

  Group = Results
    InputLines      = 8376
    InputSamples    = 2370
    StartingLine    = 1
    StartingSample  = 1
    EndingLine      = 8376
    EndingSample    = 2370
    LineIncrement   = 8.0
    SampleIncrement = 8.0
    OutputLines     = 1047
    OutputSamples   = 296
  End_Group

  Group = Accounting
    ConnectTime = 00:00:00.6
    CpuTime     = 00:00:03.0
  End_Group
End_Object


Object = reduce
  IsisVersion       = "9.0.0  | 2026-01-05"
  ProgramVersion    = 2013-11-06
  ProgramPath       = /home/gengxun/miniconda3/envs/asp360_new/bin
  ExecutionDateTime = 2026-06-09T22:26:05
  HostName          = x86_64-conda-linux-gnu
  UserName          = gengxun
  Description       = "Reduce the pixel dimensions of an image"

  Group = UserParameters
    FROM         = /run/media/gengxun/Elements/data/lro/test_controlnet_pytho-
                   n/PAPER-use/dom_M104318871RE.cub
    TO           = /run/media/gengxun/Elements/data/lro/test_controlnet_pytho-
                   n/PAPER-use/sift_flann_work/match_viz_post_ransac/preview_-
                   cache/level3/dom_M104318871RE__0442a18cc9871abddd9a60792f7-
                   4d3227cd65da4339ab2b5b5e6c57fd1cfb881.cub
    ALGORITHM    = AVERAGE
    MODE         = scale
    SSCALE       = 8
    LSCALE       = 8
    VALIDPER     = 50
    VPER_REPLACE = NULL
  End_Group

  Group = Results
    InputLines      = 8400
    InputSamples    = 2362
    StartingLine    = 1
    StartingSample  = 1
    EndingLine      = 8400
    EndingSample    = 2362
    LineIncrement   = 8.0
    SampleIncrement = 8.0
    OutputLines     = 1050
    OutputSamples   = 295
  End_Group

  Group = Accounting
    ConnectTime = 00:00:00.6
    CpuTime     = 00:00:02.9
  End_Group
End_Object


Object = cnetmerge
  IsisVersion       = "9.0.0  | 2026-01-05"
  ProgramVersion    = 2012-04-17
  ProgramPath       = /home/gengxun/miniconda3/envs/asp360_new/bin
  ExecutionDateTime = 2026-06-09T22:26:07
  HostName          = x86_64-conda-linux-gnu
  UserName          = gengxun
  Description       = "Merges multiple Control Networks into one"

  Group = UserParameters
    INPUTTYPE          = list
    CLIST              = /run/media/gengxun/Elements/data/lro/test_controlnet-
                         _python/PAPER-use/sift_flann_work/merge/merge_all_co-
                         ntrolnets.lis
    BASE               = /run/media/gengxun/Elements/data/lro/test_controlnet-
                         _python/PAPER-use/sift_flann_work/pair_nets/REDUCED_-
                         M104311715LE.echo.cal__REDUCED_M104311715RE.echo.cal-
                         .net
    ONET               = /run/media/gengxun/Elements/data/lro/test_controlnet-
                         _python/PAPER-use/sift_flann_work/merge/dom_matching-
                         _merged.net
    NETWORKID          = dom_matching_example
    DESCRIPTION        = "Merged DOM matching ControlNet"
    LOG                = /run/media/gengxun/Elements/data/lro/test_controlnet-
                         _python/PAPER-use/sift_flann_work/merge/cnetmerge.log
    DUPLICATEPOINTS    = merge
    OVERWRITEPOINTS    = False
    OVERWRITEMEASURES  = False
    OVERWRITEREFERENCE = False
    OVERWRITEMISSING   = False
  End_Group

  Group = Accounting
    ConnectTime = 00:00:06.1
    CpuTime     = 00:00:08.4
  End_Group
End_Object


Object = reduce
  IsisVersion       = "9.0.0  | 2026-01-05"
  ProgramVersion    = 2013-11-06
  ProgramPath       = /home/gengxun/miniconda3/envs/asp360_new/bin
  ExecutionDateTime = 2026-06-10T16:35:00
  HostName          = x86_64-conda-linux-gnu
  UserName          = gengxun
  Description       = "Reduce the pixel dimensions of an image"

  Group = UserParameters
    FROM         = /media/gengxun/Elements/data/lro/test_controlnet_python/pi-
                   pe_test2/dom_M104311715LE.cub
    TO           = /tmp/paper_use_sift_bf_cuda/low_resolution_doms/level3/000-
                   1_dom_M104311715LE__level3.cub
    ALGORITHM    = AVERAGE
    MODE         = scale
    SSCALE       = 8
    LSCALE       = 8
    VALIDPER     = 50
    VPER_REPLACE = NULL
  End_Group

  Group = Error
    Program = reduce
    Class   = "I/O ERROR"
    Code    = 4
    Message = "Unable to open
               [/media/gengxun/Elements/data/lro/test_controlnet_python/pipe_t-
               est2/dom_M104311715LE.cub]"
    File    = Cube.cpp
    Line    = 2443
    Program = reduce
  End_Group
End_Object


Object = reduce
  IsisVersion       = "9.0.0  | 2026-01-05"
  ProgramVersion    = 2013-11-06
  ProgramPath       = /home/gengxun/miniconda3/envs/asp360_new/bin
  ExecutionDateTime = 2026-06-10T17:09:36
  HostName          = x86_64-conda-linux-gnu
  UserName          = gengxun
  Description       = "Reduce the pixel dimensions of an image"

  Group = UserParameters
    FROM         = /run/media/gengxun/Elements/data/lro/test_controlnet_pytho-
                   n/PAPER-use/dom_M104311715LE.cub
    TO           = /tmp/paper_use_sift_bf_cuda_rerun/low_resolution_doms/leve-
                   l3/0001_dom_M104311715LE__level3.cub
    ALGORITHM    = AVERAGE
    MODE         = scale
    SSCALE       = 8
    LSCALE       = 8
    VALIDPER     = 50
    VPER_REPLACE = NULL
  End_Group

  Group = Results
    InputLines      = 8367
    InputSamples    = 2549
    StartingLine    = 1
    StartingSample  = 1
    EndingLine      = 8367
    EndingSample    = 2549
    LineIncrement   = 8.0
    SampleIncrement = 8.0
    OutputLines     = 1046
    OutputSamples   = 319
  End_Group

  Group = Accounting
    ConnectTime = 00:00:00.7
    CpuTime     = 00:00:03.0
  End_Group
End_Object


Object = reduce
  IsisVersion       = "9.0.0  | 2026-01-05"
  ProgramVersion    = 2013-11-06
  ProgramPath       = /home/gengxun/miniconda3/envs/asp360_new/bin
  ExecutionDateTime = 2026-06-10T17:09:37
  HostName          = x86_64-conda-linux-gnu
  UserName          = gengxun
  Description       = "Reduce the pixel dimensions of an image"

  Group = UserParameters
    FROM         = /run/media/gengxun/Elements/data/lro/test_controlnet_pytho-
                   n/PAPER-use/dom_M104311715RE.cub
    TO           = /tmp/paper_use_sift_bf_cuda_rerun/low_resolution_doms/leve-
                   l3/0002_dom_M104311715RE__level3.cub
    ALGORITHM    = AVERAGE
    MODE         = scale
    SSCALE       = 8
    LSCALE       = 8
    VALIDPER     = 50
    VPER_REPLACE = NULL
  End_Group

  Group = Results
    InputLines      = 8390
    InputSamples    = 2501
    StartingLine    = 1
    StartingSample  = 1
    EndingLine      = 8390
    EndingSample    = 2501
    LineIncrement   = 8.0
    SampleIncrement = 8.0
    OutputLines     = 1049
    OutputSamples   = 313
  End_Group

  Group = Accounting
    ConnectTime = 00:00:00.7
    CpuTime     = 00:00:02.9
  End_Group
End_Object


Object = reduce
  IsisVersion       = "9.0.0  | 2026-01-05"
  ProgramVersion    = 2013-11-06
  ProgramPath       = /home/gengxun/miniconda3/envs/asp360_new/bin
  ExecutionDateTime = 2026-06-10T17:09:38
  HostName          = x86_64-conda-linux-gnu
  UserName          = gengxun
  Description       = "Reduce the pixel dimensions of an image"

  Group = UserParameters
    FROM         = /run/media/gengxun/Elements/data/lro/test_controlnet_pytho-
                   n/PAPER-use/dom_M104318871LE.cub
    TO           = /tmp/paper_use_sift_bf_cuda_rerun/low_resolution_doms/leve-
                   l3/0003_dom_M104318871LE__level3.cub
    ALGORITHM    = AVERAGE
    MODE         = scale
    SSCALE       = 8
    LSCALE       = 8
    VALIDPER     = 50
    VPER_REPLACE = NULL
  End_Group

  Group = Results
    InputLines      = 8376
    InputSamples    = 2370
    StartingLine    = 1
    StartingSample  = 1
    EndingLine      = 8376
    EndingSample    = 2370
    LineIncrement   = 8.0
    SampleIncrement = 8.0
    OutputLines     = 1047
    OutputSamples   = 296
  End_Group

  Group = Accounting
    ConnectTime = 00:00:00.7
    CpuTime     = 00:00:02.8
  End_Group
End_Object


Object = reduce
  IsisVersion       = "9.0.0  | 2026-01-05"
  ProgramVersion    = 2013-11-06
  ProgramPath       = /home/gengxun/miniconda3/envs/asp360_new/bin
  ExecutionDateTime = 2026-06-10T17:09:39
  HostName          = x86_64-conda-linux-gnu
  UserName          = gengxun
  Description       = "Reduce the pixel dimensions of an image"

  Group = UserParameters
    FROM         = /run/media/gengxun/Elements/data/lro/test_controlnet_pytho-
                   n/PAPER-use/dom_M104318871RE.cub
    TO           = /tmp/paper_use_sift_bf_cuda_rerun/low_resolution_doms/leve-
                   l3/0004_dom_M104318871RE__level3.cub
    ALGORITHM    = AVERAGE
    MODE         = scale
    SSCALE       = 8
    LSCALE       = 8
    VALIDPER     = 50
    VPER_REPLACE = NULL
  End_Group

  Group = Results
    InputLines      = 8400
    InputSamples    = 2362
    StartingLine    = 1
    StartingSample  = 1
    EndingLine      = 8400
    EndingSample    = 2362
    LineIncrement   = 8.0
    SampleIncrement = 8.0
    OutputLines     = 1050
    OutputSamples   = 295
  End_Group

  Group = Accounting
    ConnectTime = 00:00:00.7
    CpuTime     = 00:00:02.5
  End_Group
End_Object


Object = reduce
  IsisVersion       = "9.0.0  | 2026-01-05"
  ProgramVersion    = 2013-11-06
  ProgramPath       = /home/gengxun/miniconda3/envs/asp360_new/bin
  ExecutionDateTime = 2026-06-10T17:34:19
  HostName          = x86_64-conda-linux-gnu
  UserName          = gengxun
  Description       = "Reduce the pixel dimensions of an image"

  Group = UserParameters
    FROM         = /run/media/gengxun/Elements/data/lro/test_controlnet_pytho-
                   n/PAPER-use/dom_M104311715LE.cub
    TO           = /tmp/paper_use_sift_bf_cuda_rerun2/low_resolution_doms/lev-
                   el3/0001_dom_M104311715LE__level3.cub
    ALGORITHM    = AVERAGE
    MODE         = scale
    SSCALE       = 8
    LSCALE       = 8
    VALIDPER     = 50
    VPER_REPLACE = NULL
  End_Group

  Group = Results
    InputLines      = 8367
    InputSamples    = 2549
    StartingLine    = 1
    StartingSample  = 1
    EndingLine      = 8367
    EndingSample    = 2549
    LineIncrement   = 8.0
    SampleIncrement = 8.0
    OutputLines     = 1046
    OutputSamples   = 319
  End_Group

  Group = Accounting
    ConnectTime = 00:00:00.7
    CpuTime     = 00:00:03.0
  End_Group
End_Object


Object = reduce
  IsisVersion       = "9.0.0  | 2026-01-05"
  ProgramVersion    = 2013-11-06
  ProgramPath       = /home/gengxun/miniconda3/envs/asp360_new/bin
  ExecutionDateTime = 2026-06-10T17:34:20
  HostName          = x86_64-conda-linux-gnu
  UserName          = gengxun
  Description       = "Reduce the pixel dimensions of an image"

  Group = UserParameters
    FROM         = /run/media/gengxun/Elements/data/lro/test_controlnet_pytho-
                   n/PAPER-use/dom_M104311715RE.cub
    TO           = /tmp/paper_use_sift_bf_cuda_rerun2/low_resolution_doms/lev-
                   el3/0002_dom_M104311715RE__level3.cub
    ALGORITHM    = AVERAGE
    MODE         = scale
    SSCALE       = 8
    LSCALE       = 8
    VALIDPER     = 50
    VPER_REPLACE = NULL
  End_Group

  Group = Results
    InputLines      = 8390
    InputSamples    = 2501
    StartingLine    = 1
    StartingSample  = 1
    EndingLine      = 8390
    EndingSample    = 2501
    LineIncrement   = 8.0
    SampleIncrement = 8.0
    OutputLines     = 1049
    OutputSamples   = 313
  End_Group

  Group = Accounting
    ConnectTime = 00:00:00.7
    CpuTime     = 00:00:02.7
  End_Group
End_Object


Object = reduce
  IsisVersion       = "9.0.0  | 2026-01-05"
  ProgramVersion    = 2013-11-06
  ProgramPath       = /home/gengxun/miniconda3/envs/asp360_new/bin
  ExecutionDateTime = 2026-06-10T17:34:21
  HostName          = x86_64-conda-linux-gnu
  UserName          = gengxun
  Description       = "Reduce the pixel dimensions of an image"

  Group = UserParameters
    FROM         = /run/media/gengxun/Elements/data/lro/test_controlnet_pytho-
                   n/PAPER-use/dom_M104318871LE.cub
    TO           = /tmp/paper_use_sift_bf_cuda_rerun2/low_resolution_doms/lev-
                   el3/0003_dom_M104318871LE__level3.cub
    ALGORITHM    = AVERAGE
    MODE         = scale
    SSCALE       = 8
    LSCALE       = 8
    VALIDPER     = 50
    VPER_REPLACE = NULL
  End_Group

  Group = Results
    InputLines      = 8376
    InputSamples    = 2370
    StartingLine    = 1
    StartingSample  = 1
    EndingLine      = 8376
    EndingSample    = 2370
    LineIncrement   = 8.0
    SampleIncrement = 8.0
    OutputLines     = 1047
    OutputSamples   = 296
  End_Group

  Group = Accounting
    ConnectTime = 00:00:00.7
    CpuTime     = 00:00:02.8
  End_Group
End_Object


Object = reduce
  IsisVersion       = "9.0.0  | 2026-01-05"
  ProgramVersion    = 2013-11-06
  ProgramPath       = /home/gengxun/miniconda3/envs/asp360_new/bin
  ExecutionDateTime = 2026-06-10T17:34:22
  HostName          = x86_64-conda-linux-gnu
  UserName          = gengxun
  Description       = "Reduce the pixel dimensions of an image"

  Group = UserParameters
    FROM         = /run/media/gengxun/Elements/data/lro/test_controlnet_pytho-
                   n/PAPER-use/dom_M104318871RE.cub
    TO           = /tmp/paper_use_sift_bf_cuda_rerun2/low_resolution_doms/lev-
                   el3/0004_dom_M104318871RE__level3.cub
    ALGORITHM    = AVERAGE
    MODE         = scale
    SSCALE       = 8
    LSCALE       = 8
    VALIDPER     = 50
    VPER_REPLACE = NULL
  End_Group

  Group = Results
    InputLines      = 8400
    InputSamples    = 2362
    StartingLine    = 1
    StartingSample  = 1
    EndingLine      = 8400
    EndingSample    = 2362
    LineIncrement   = 8.0
    SampleIncrement = 8.0
    OutputLines     = 1050
    OutputSamples   = 295
  End_Group

  Group = Accounting
    ConnectTime = 00:00:00.7
    CpuTime     = 00:00:02.6
  End_Group
End_Object


Object = reduce
  IsisVersion       = "9.0.0  | 2026-01-05"
  ProgramVersion    = 2013-11-06
  ProgramPath       = /home/gengxun/miniconda3/envs/asp360_new/bin
  ExecutionDateTime = 2026-06-10T17:34:27
  HostName          = x86_64-conda-linux-gnu
  UserName          = gengxun
  Description       = "Reduce the pixel dimensions of an image"

  Group = UserParameters
    FROM         = /run/media/gengxun/Elements/data/lro/test_controlnet_pytho-
                   n/PAPER-use/dom_M104311715LE.cub
    TO           = /tmp/paper_use_sift_bf_cuda_rerun2/match_viz/preview_cache-
                   /level4/dom_M104311715LE__e3e08fed5d3f301cc3bb96b6b641c6e5-
                   b4a09584e0c421a244971de0ea2645a7.cub
    ALGORITHM    = AVERAGE
    MODE         = scale
    SSCALE       = 16
    LSCALE       = 16
    VALIDPER     = 50
    VPER_REPLACE = NULL
  End_Group

  Group = Results
    InputLines      = 8367
    InputSamples    = 2549
    StartingLine    = 1
    StartingSample  = 1
    EndingLine      = 8367
    EndingSample    = 2549
    LineIncrement   = 16.0
    SampleIncrement = 16.0
    OutputLines     = 523
    OutputSamples   = 159
  End_Group

  Group = Accounting
    ConnectTime = 00:00:00.6
    CpuTime     = 00:00:03.0
  End_Group
End_Object


Object = reduce
  IsisVersion       = "9.0.0  | 2026-01-05"
  ProgramVersion    = 2013-11-06
  ProgramPath       = /home/gengxun/miniconda3/envs/asp360_new/bin
  ExecutionDateTime = 2026-06-10T17:34:28
  HostName          = x86_64-conda-linux-gnu
  UserName          = gengxun
  Description       = "Reduce the pixel dimensions of an image"

  Group = UserParameters
    FROM         = /run/media/gengxun/Elements/data/lro/test_controlnet_pytho-
                   n/PAPER-use/dom_M104311715RE.cub
    TO           = /tmp/paper_use_sift_bf_cuda_rerun2/match_viz/preview_cache-
                   /level4/dom_M104311715RE__9de2766f54cc4ac7d4fc3202472f8ffc-
                   4b0777ff2969d012c74160a8b2451f61.cub
    ALGORITHM    = AVERAGE
    MODE         = scale
    SSCALE       = 16
    LSCALE       = 16
    VALIDPER     = 50
    VPER_REPLACE = NULL
  End_Group

  Group = Results
    InputLines      = 8390
    InputSamples    = 2501
    StartingLine    = 1
    StartingSample  = 1
    EndingLine      = 8390
    EndingSample    = 2501
    LineIncrement   = 16.0
    SampleIncrement = 16.0
    OutputLines     = 524
    OutputSamples   = 156
  End_Group

  Group = Accounting
    ConnectTime = 00:00:00.7
    CpuTime     = 00:00:02.8
  End_Group
End_Object


Object = reduce
  IsisVersion       = "9.0.0  | 2026-01-05"
  ProgramVersion    = 2013-11-06
  ProgramPath       = /home/gengxun/miniconda3/envs/asp360_new/bin
  ExecutionDateTime = 2026-06-10T18:16:18
  HostName          = x86_64-conda-linux-gnu
  UserName          = gengxun
  Description       = "Reduce the pixel dimensions of an image"

  Group = UserParameters
    FROM         = /run/media/gengxun/Elements/data/lro/test_controlnet_pytho-
                   n/PAPER-use/dom_M104311715LE.cub
    TO           = /tmp/paper_use_sift_bf_cuda_rerun3/low_resolution_doms/lev-
                   el3/0001_dom_M104311715LE__level3.cub
    ALGORITHM    = AVERAGE
    MODE         = scale
    SSCALE       = 8
    LSCALE       = 8
    VALIDPER     = 50
    VPER_REPLACE = NULL
  End_Group

  Group = Results
    InputLines      = 8367
    InputSamples    = 2549
    StartingLine    = 1
    StartingSample  = 1
    EndingLine      = 8367
    EndingSample    = 2549
    LineIncrement   = 8.0
    SampleIncrement = 8.0
    OutputLines     = 1046
    OutputSamples   = 319
  End_Group

  Group = Accounting
    ConnectTime = 00:00:00.7
    CpuTime     = 00:00:02.7
  End_Group
End_Object


Object = reduce
  IsisVersion       = "9.0.0  | 2026-01-05"
  ProgramVersion    = 2013-11-06
  ProgramPath       = /home/gengxun/miniconda3/envs/asp360_new/bin
  ExecutionDateTime = 2026-06-10T18:16:18
  HostName          = x86_64-conda-linux-gnu
  UserName          = gengxun
  Description       = "Reduce the pixel dimensions of an image"

  Group = UserParameters
    FROM         = /run/media/gengxun/Elements/data/lro/test_controlnet_pytho-
                   n/PAPER-use/dom_M104311715RE.cub
    TO           = /tmp/paper_use_sift_bf_cuda_rerun3/low_resolution_doms/lev-
                   el3/0002_dom_M104311715RE__level3.cub
    ALGORITHM    = AVERAGE
    MODE         = scale
    SSCALE       = 8
    LSCALE       = 8
    VALIDPER     = 50
    VPER_REPLACE = NULL
  End_Group

  Group = Results
    InputLines      = 8390
    InputSamples    = 2501
    StartingLine    = 1
    StartingSample  = 1
    EndingLine      = 8390
    EndingSample    = 2501
    LineIncrement   = 8.0
    SampleIncrement = 8.0
    OutputLines     = 1049
    OutputSamples   = 313
  End_Group

  Group = Accounting
    ConnectTime = 00:00:00.7
    CpuTime     = 00:00:03.1
  End_Group
End_Object


Object = reduce
  IsisVersion       = "9.0.0  | 2026-01-05"
  ProgramVersion    = 2013-11-06
  ProgramPath       = /home/gengxun/miniconda3/envs/asp360_new/bin
  ExecutionDateTime = 2026-06-10T18:16:19
  HostName          = x86_64-conda-linux-gnu
  UserName          = gengxun
  Description       = "Reduce the pixel dimensions of an image"

  Group = UserParameters
    FROM         = /run/media/gengxun/Elements/data/lro/test_controlnet_pytho-
                   n/PAPER-use/dom_M104318871LE.cub
    TO           = /tmp/paper_use_sift_bf_cuda_rerun3/low_resolution_doms/lev-
                   el3/0003_dom_M104318871LE__level3.cub
    ALGORITHM    = AVERAGE
    MODE         = scale
    SSCALE       = 8
    LSCALE       = 8
    VALIDPER     = 50
    VPER_REPLACE = NULL
  End_Group

  Group = Results
    InputLines      = 8376
    InputSamples    = 2370
    StartingLine    = 1
    StartingSample  = 1
    EndingLine      = 8376
    EndingSample    = 2370
    LineIncrement   = 8.0
    SampleIncrement = 8.0
    OutputLines     = 1047
    OutputSamples   = 296
  End_Group

  Group = Accounting
    ConnectTime = 00:00:00.7
    CpuTime     = 00:00:02.9
  End_Group
End_Object


Object = reduce
  IsisVersion       = "9.0.0  | 2026-01-05"
  ProgramVersion    = 2013-11-06
  ProgramPath       = /home/gengxun/miniconda3/envs/asp360_new/bin
  ExecutionDateTime = 2026-06-10T18:16:20
  HostName          = x86_64-conda-linux-gnu
  UserName          = gengxun
  Description       = "Reduce the pixel dimensions of an image"

  Group = UserParameters
    FROM         = /run/media/gengxun/Elements/data/lro/test_controlnet_pytho-
                   n/PAPER-use/dom_M104318871RE.cub
    TO           = /tmp/paper_use_sift_bf_cuda_rerun3/low_resolution_doms/lev-
                   el3/0004_dom_M104318871RE__level3.cub
    ALGORITHM    = AVERAGE
    MODE         = scale
    SSCALE       = 8
    LSCALE       = 8
    VALIDPER     = 50
    VPER_REPLACE = NULL
  End_Group

  Group = Results
    InputLines      = 8400
    InputSamples    = 2362
    StartingLine    = 1
    StartingSample  = 1
    EndingLine      = 8400
    EndingSample    = 2362
    LineIncrement   = 8.0
    SampleIncrement = 8.0
    OutputLines     = 1050
    OutputSamples   = 295
  End_Group

  Group = Accounting
    ConnectTime = 00:00:00.8
    CpuTime     = 00:00:02.8
  End_Group
End_Object


Object = reduce
  IsisVersion       = "9.0.0  | 2026-01-05"
  ProgramVersion    = 2013-11-06
  ProgramPath       = /home/gengxun/miniconda3/envs/asp360_new/bin
  ExecutionDateTime = 2026-06-10T18:17:23
  HostName          = x86_64-conda-linux-gnu
  UserName          = gengxun
  Description       = "Reduce the pixel dimensions of an image"

  Group = UserParameters
    FROM         = /run/media/gengxun/Elements/data/lro/test_controlnet_pytho-
                   n/PAPER-use/dom_M104311715LE.cub
    TO           = /tmp/paper_use_sift_bf_cuda_rerun3/match_viz_post_ransac/p-
                   review_cache/level4/dom_M104311715LE__e3e08fed5d3f301cc3bb-
                   96b6b641c6e5b4a09584e0c421a244971de0ea2645a7.cub
    ALGORITHM    = AVERAGE
    MODE         = scale
    SSCALE       = 16
    LSCALE       = 16
    VALIDPER     = 50
    VPER_REPLACE = NULL
  End_Group

  Group = Results
    InputLines      = 8367
    InputSamples    = 2549
    StartingLine    = 1
    StartingSample  = 1
    EndingLine      = 8367
    EndingSample    = 2549
    LineIncrement   = 16.0
    SampleIncrement = 16.0
    OutputLines     = 523
    OutputSamples   = 159
  End_Group

  Group = Accounting
    ConnectTime = 00:00:00.7
    CpuTime     = 00:00:02.7
  End_Group
End_Object


Object = reduce
  IsisVersion       = "9.0.0  | 2026-01-05"
  ProgramVersion    = 2013-11-06
  ProgramPath       = /home/gengxun/miniconda3/envs/asp360_new/bin
  ExecutionDateTime = 2026-06-10T18:17:24
  HostName          = x86_64-conda-linux-gnu
  UserName          = gengxun
  Description       = "Reduce the pixel dimensions of an image"

  Group = UserParameters
    FROM         = /run/media/gengxun/Elements/data/lro/test_controlnet_pytho-
                   n/PAPER-use/dom_M104311715RE.cub
    TO           = /tmp/paper_use_sift_bf_cuda_rerun3/match_viz_post_ransac/p-
                   review_cache/level4/dom_M104311715RE__9de2766f54cc4ac7d4fc-
                   3202472f8ffc4b0777ff2969d012c74160a8b2451f61.cub
    ALGORITHM    = AVERAGE
    MODE         = scale
    SSCALE       = 16
    LSCALE       = 16
    VALIDPER     = 50
    VPER_REPLACE = NULL
  End_Group

  Group = Results
    InputLines      = 8390
    InputSamples    = 2501
    StartingLine    = 1
    StartingSample  = 1
    EndingLine      = 8390
    EndingSample    = 2501
    LineIncrement   = 16.0
    SampleIncrement = 16.0
    OutputLines     = 524
    OutputSamples   = 156
  End_Group

  Group = Accounting
    ConnectTime = 00:00:00.6
    CpuTime     = 00:00:03.0
  End_Group
End_Object


Object = reduce
  IsisVersion       = "9.0.0  | 2026-01-05"
  ProgramVersion    = 2013-11-06
  ProgramPath       = /home/gengxun/miniconda3/envs/asp360_new/bin
  ExecutionDateTime = 2026-06-10T18:17:25
  HostName          = x86_64-conda-linux-gnu
  UserName          = gengxun
  Description       = "Reduce the pixel dimensions of an image"

  Group = UserParameters
    FROM         = /run/media/gengxun/Elements/data/lro/test_controlnet_pytho-
                   n/PAPER-use/dom_M104318871LE.cub
    TO           = /tmp/paper_use_sift_bf_cuda_rerun3/match_viz_post_ransac/p-
                   review_cache/level4/dom_M104318871LE__1a9b9dedf0da66682df3-
                   bf0b413d2ee3102d20378c597201e4a0781772648084.cub
    ALGORITHM    = AVERAGE
    MODE         = scale
    SSCALE       = 16
    LSCALE       = 16
    VALIDPER     = 50
    VPER_REPLACE = NULL
  End_Group

  Group = Results
    InputLines      = 8376
    InputSamples    = 2370
    StartingLine    = 1
    StartingSample  = 1
    EndingLine      = 8376
    EndingSample    = 2370
    LineIncrement   = 16.0
    SampleIncrement = 16.0
    OutputLines     = 524
    OutputSamples   = 148
  End_Group

  Group = Accounting
    ConnectTime = 00:00:00.6
    CpuTime     = 00:00:02.6
  End_Group
End_Object


Object = reduce
  IsisVersion       = "9.0.0  | 2026-01-05"
  ProgramVersion    = 2013-11-06
  ProgramPath       = /home/gengxun/miniconda3/envs/asp360_new/bin
  ExecutionDateTime = 2026-06-10T18:17:29
  HostName          = x86_64-conda-linux-gnu
  UserName          = gengxun
  Description       = "Reduce the pixel dimensions of an image"

  Group = UserParameters
    FROM         = /run/media/gengxun/Elements/data/lro/test_controlnet_pytho-
                   n/PAPER-use/dom_M104318871RE.cub
    TO           = /tmp/paper_use_sift_bf_cuda_rerun3/match_viz_post_ransac/p-
                   review_cache/level4/dom_M104318871RE__0442a18cc9871abddd9a-
                   60792f74d3227cd65da4339ab2b5b5e6c57fd1cfb881.cub
    ALGORITHM    = AVERAGE
    MODE         = scale
    SSCALE       = 16
    LSCALE       = 16
    VALIDPER     = 50
    VPER_REPLACE = NULL
  End_Group

  Group = Results
    InputLines      = 8400
    InputSamples    = 2362
    StartingLine    = 1
    StartingSample  = 1
    EndingLine      = 8400
    EndingSample    = 2362
    LineIncrement   = 16.0
    SampleIncrement = 16.0
    OutputLines     = 525
    OutputSamples   = 148
  End_Group

  Group = Accounting
    ConnectTime = 00:00:00.6
    CpuTime     = 00:00:02.7
  End_Group
End_Object


Object = cnetmerge
  IsisVersion       = "9.0.0  | 2026-01-05"
  ProgramVersion    = 2012-04-17
  ProgramPath       = /home/gengxun/miniconda3/envs/asp360_new/bin
  ExecutionDateTime = 2026-06-10T18:19:18
  HostName          = x86_64-conda-linux-gnu
  UserName          = gengxun
  Description       = "Merges multiple Control Networks into one"

  Group = UserParameters
    INPUTTYPE          = list
    CLIST              = /tmp/paper_use_sift_bf_cuda_rerun3/merge/merge_all_c-
                         ontrolnets.lis
    BASE               = /tmp/paper_use_sift_bf_cuda_rerun3/pair_nets/REDUCED-
                         _M104311715LE.echo.cal__REDUCED_M104311715RE.echo.ca-
                         l.net
    ONET               = /tmp/paper_use_sift_bf_cuda_rerun3/merge/dom_matchin-
                         g_merged.net
    NETWORKID          = paper_use_sift_bf_cuda
    DESCRIPTION        = "PAPER-use SIFT+BF CUDA run."
    LOG                = /tmp/paper_use_sift_bf_cuda_rerun3/merge/cnetmerge.l-
                         og
    DUPLICATEPOINTS    = merge
    OVERWRITEPOINTS    = False
    OVERWRITEMEASURES  = False
    OVERWRITEREFERENCE = False
    OVERWRITEMISSING   = False
  End_Group

  Group = Accounting
    ConnectTime = 00:00:20.1
    CpuTime     = 00:00:22.2
  End_Group
End_Object


