header,status,isis9_sha256,isis10_sha256,classes_added,classes_removed,classes_common,enums_added,enums_removed,enums_common,callables_added,callables_removed,deprecated_added,deprecated_removed
AKAZEAlgorithm.h,identical,20a50b19a650894d63670d8cf13b0517b835508409a5b47e71cdf8b05031ecf5,20a50b19a650894d63670d8cf13b0517b835508409a5b47e71cdf8b05031ecf5,,,AKAZEAlgorithm,,,,,,,
APrioriLatitudeFilter.h,changed_declarations,4233c0d4c3b7d5875833203696a5a3d6a9c4282fbb808a1be0065bb55d74b6b2,3f37a57e77f53edc7b76cedf4ba134de3928393f736be7a89c81df9df6aa7a9b,,QPair,"APrioriLatitudeFilter
ControlMeasure
ControlNet
ControlPoint
QString",,,,,,,
APrioriLatitudeSigmaFilter.h,changed_declarations,994b93e14441795d3c96f41789d85641aadc02b60e733971f69381f248fdb9a4,aecb1cfb4bd6ab95c7e048c049f51460e51244be7c8a53e9bdd55f82a3f849e7,,QPair,"APrioriLatitudeSigmaFilter
ControlMeasure
ControlNet
ControlPoint
QString",,,,,,,
APrioriLongitudeFilter.h,changed_declarations,8710eabdaed48b58f07f97f18a52dbca62f52fc11d6741294b283276dbfe4ed2,13d18927994d295130b92d3933e5b0a011079075c3c80af7200c1be4f6540fd6,,QPair,"APrioriLongitudeFilter
ControlMeasure
ControlNet
ControlPoint
QString",,,,,,,
APrioriLongitudeSigmaFilter.h,changed_declarations,bddbb3944904bf897723c70d5c7affd5df10c152f6a616510b80a2d601edbc42,2cd58485f0bcf6327f5dc324f36605dd1e085987685575c23bef235d0fa2f89a,,QPair,"APrioriLongitudeSigmaFilter
ControlMeasure
ControlNet
ControlPoint
QString",,,,,,,
APrioriRadiusFilter.h,changed_declarations,393fedfe1597f91223d1e6f11901bfb256cb4d7451985a1013538c2de4a251b6,ef91250301bf2c7db15a217415e016edd2e76abcdaa1c4fb5339bc5fd54d137d,,QPair,"APrioriRadiusFilter
ControlMeasure
ControlNet
ControlPoint
QString",,,,,,,
APrioriRadiusSigmaFilter.h,changed_declarations,dcf786c1a62301bb94223fc62cef8d686a99cafa181d7549fa5e94e55eb09507,5e6acae3ec15a38c73876a8460dd8535ee81cb356c2fe6783b1aace8b910f314,,QPair,"APrioriRadiusSigmaFilter
ControlMeasure
ControlNet
ControlPoint
QString",,,,,,,
APrioriXFilter.h,changed_declarations,32920cc5b3d85d305d1ea80bd144e4e98efd74dbcb822960bb8cb0e36025b708,d61f93841bebdc8233533a30a63e1f90ee459122ecd9bf8f30809a066badedea,,QPair,"APrioriXFilter
ControlMeasure
ControlNet
ControlPoint
QString",,,,,,,
APrioriXSigmaFilter.h,changed_declarations,3f7f280b1bc60645974258d0b205237348c4fcda85f3d663d0e3e4579e19eeb2,c3bce50b7c0126ceaec24e223cad1d8ab907042d5d6e4a6231d46bbdd6607c84,,QPair,"APrioriXSigmaFilter
ControlMeasure
ControlNet
ControlPoint
QString",,,,,,,
APrioriYFilter.h,changed_declarations,e8fd4f7485be883b7bbc63737c050b896f6e35d77b1c6a94d8fc66259b60d6bf,92d543d9176bfdb1b42dc6b378b230cb9c72f32f20ec44116fc982f6b27074e5,,QPair,"APrioriYFilter
ControlMeasure
ControlNet
ControlPoint
QString",,,,,,,
APrioriYSigmaFilter.h,changed_declarations,76dbfbadbee8f7c49202089a547fc23d4af190fd7c57f5c53c03b1fc6c782b29,8f1af7dd0ce213b4919f8bc014cd5e201eff538cde54e43d24b7efa1bc79a838,,QPair,"APrioriYSigmaFilter
ControlMeasure
ControlNet
ControlPoint
QString",,,,,,,
APrioriZFilter.h,changed_declarations,223cbc769d4245a4343c005fec389e31ce7c8fe08babcdf7df982a02e22a9e75,f3560157915c057174d038ea35e59054c9fd5b56115cf1fb616ee6cbecc9111e,,QPair,"APrioriZFilter
ControlMeasure
ControlNet
ControlPoint
QString",,,,,,,
APrioriZSigmaFilter.h,changed_declarations,0540cad278085888a3b20fbb42e765dd086d92418c0f588a5f6e63d8c523e5f6,7bec91ce93f64d98af6381b47b7b7363a717bda5687434cf40f53b0b8bb82a56,,QPair,"APrioriZSigmaFilter
ControlMeasure
ControlNet
ControlPoint
QString",,,,,,,
AbstractFilter.h,changed_declarations,98f6f646f0d5ec429397b407a9ff2c2c749ef3f39aa337f820b920f7b1cf56f4,15c769544b015dc616bc9763d5327e820291453040ea602a17e4dd63410f5405,,QPair,"AbstractFilter
AbstractFilterSelector
ControlMeasure
ControlNet
ControlPoint
QBoxLayout
QButtonGroup
QCheckBox
QFlags
QString",,,FilterEffectiveness,,,,
AbstractFilterSelector.h,identical,e06f01044ee63fed40ab78d0c06e3c0136f391b28c78e79f8a91388267316a11,e06f01044ee63fed40ab78d0c06e3c0136f391b28c78e79f8a91388267316a11,,,"AbstractFilterSelector
ControlMeasure
ControlNet
ControlPoint
QComboBox
QHBoxLayout
QPushButton
QReadWriteLock",,,,,,,
AbstractImageItem.h,identical,090e4cfa1e388bcd34f4e4cb1d47a2281e9a2865d769a0a2cac9d2004ba4afea,090e4cfa1e388bcd34f4e4cb1d47a2281e9a2865d769a0a2cac9d2004ba4afea,,,"AbstractImageItem
ControlNet
QString
QVariant",,,,,,,
AbstractLeafItem.h,identical,c7d09a8fe79e3a4f0d1cd7229c0c08384d859b7a400c3885e4075359212470a0,c7d09a8fe79e3a4f0d1cd7229c0c08384d859b7a400c3885e4075359212470a0,,,"AbstractLeafItem
QList
QVariant",,,,,,,
AbstractMeasureItem.h,identical,860369bc70b8508e704aeb4464c262d9f29d89cfda687529e797353895995169,860369bc70b8508e704aeb4464c262d9f29d89cfda687529e797353895995169,,,"AbstractMeasureItem
ControlMeasure
QString
QVariant
TableColumnList",,,Column,,,,
AbstractMultipleChoiceFilter.h,identical,bd09460715696e8bb1d31f19b10ba93d4a97a07f2eb9e6c8534b34887adc15c6,bd09460715696e8bb1d31f19b10ba93d4a97a07f2eb9e6c8534b34887adc15c6,,,"AbstractFilterSelector
AbstractMultipleChoiceFilter
QComboBox
QString",,,,,,,
AbstractNullDataItem.h,changed_declarations,a06cab90d3564a78d361e3a89fc6ffc706b8a901753229c0c49c97905ba51491,088910c13270d5adf0af6d5d799fda294f7e02c79f6c35a0708a3744d8b0631f,,,"AbstractNullDataItem
QString",,,,AbstractNullDataItem(AbstractTreeItem*parent=0);,Q_OBJECT public:AbstractNullDataItem(AbstractTreeItem*parent=0);,,
AbstractNumberFilter.h,identical,fdab3091a2478c5b25d329c2011e6101cd45f55958bf780a79589ce0db8c368d,fdab3091a2478c5b25d329c2011e6101cd45f55958bf780a79589ce0db8c368d,,,"AbstractNumberFilter
ControlMeasure
ControlPoint
QButtonGroup
QLineEdit
QString",,,,,,,
AbstractParentItem.h,identical,082fa46d40ab0e671c6874fda91ec31e33909fb6f6c202f017fc93306bd6e619,082fa46d40ab0e671c6874fda91ec31e33909fb6f6c202f017fc93306bd6e619,,,"AbstractParentItem
QList
QVariant",,,,,,,
AbstractPlate.h,identical,c7b1952b5b592ca82943693682aa009dc255680fb1c5a2202e69544cb533a884,c7b1952b5b592ca82943693682aa009dc255680fb1c5a2202e69544cb533a884,,,"AbstractPlate
Angle
Distance
Intercept
Latitude
Longitude
SurfacePoint",,,,,,,
AbstractPlotTool.h,identical,b91b376237da24dab238d1abb66873e12585c98b28416497eefdc8ee201faf22,b91b376237da24dab238d1abb66873e12585c98b28416497eefdc8ee201faf22,,,"AbstractPlotTool
CubePlotCurve
PlotWindow
QComboBox
QPen
RubberBandComboBox",,,,,,,
AbstractPointItem.h,identical,1f7133a574b5d5fa05d66cb0efb9bb41cbbce858eabc7621ca8c1596ba89efce,1f7133a574b5d5fa05d66cb0efb9bb41cbbce858eabc7621ca8c1596ba89efce,,,"AbstractPointItem
ControlPoint
Distance
Latitude
Longitude
QString
QVariant
SurfacePoint
TableColumnList",,,Column,,,,
AbstractProjectItemView.h,identical,f98764502054f360e36a408acaeb12a1a65a8f3e5cfa48cfea89081b80af6883,f98764502054f360e36a408acaeb12a1a65a8f3e5cfa48cfea89081b80af6883,,,"AbstractProjectItemView
ProjectItem
ProjectItemModel
QAction
QDragEnterEvent
QList
QWidget",,,,,,,
AbstractShape.h,identical,60d2d1bd715dca6ff50578472d4a6f569828fb2ee8cd8e3222a4014c1b217915,60d2d1bd715dca6ff50578472d4a6f569828fb2ee8cd8e3222a4014c1b217915,,,,,,,,,,
AbstractStringFilter.h,identical,1e0e84189aedecfd42d1fdb2c12e890a19926b26a7bdbeb22c31875a8545a973,1e0e84189aedecfd42d1fdb2c12e890a19926b26a7bdbeb22c31875a8545a973,,,"AbstractFilterSelector
AbstractStringFilter
ControlMeasure
ControlPoint
QLineEdit
QString",,,,,,,
AbstractTableDelegate.h,identical,7014249b4817b0263e0fb463b66857c0345bfa11abfc832a612d2a4b78d3e82c,7014249b4817b0263e0fb463b66857c0345bfa11abfc832a612d2a4b78d3e82c,,,"AbstractTableDelegate
AbstractTreeItem
QString
QWidget
TableColumn",,,,,,,
AbstractTableModel.h,identical,fcdc4743fac6041c7e0950953c5ff0ef103dc999043af42e625768b752833184,fcdc4743fac6041c7e0950953c5ff0ef103dc999043af42e625768b752833184,,,"AbstractTableDelegate
AbstractTableModel
AbstractTreeModel
BusyLeafItem
LessThanFunctor
LessThanFunctorData
QAtomicInt
QFutureWatcher
QList
QTimer
SortingCanceledException
TableColumn
TableColumnList",,,Warning,,,,
AbstractTreeItem.h,changed_non_declaration,7996a70e970114ee0cc5eeb8ca163fbfae468b112b2c107a82e30c8f24f09dc7,c9c101da3e76ea062ceee940d6d954a00846c7f858ed612df6824919c6036aca,,,"AbstractTreeItem
ControlMeasure
ControlPoint
QFontMetrics
QList
QString
QVariant",,,InternalPointerType,,,,
AbstractTreeModel.h,changed_declarations,0ab600291f51edaebc2e3ebd9a1dddee1201f882b972fb41a4b84abee75adab8,0fb92702eae4a4765c5bdaba3bdc318bc976fd9da903cf53be32fa4bf17dfd57,,QPair,"AbstractTreeItem
AbstractTreeModel
BusyLeafItem
ControlNet
FilterFunctor
FilterWidget
QFont
QFutureWatcher
QModelIndex
QMutex
QSize
QString
RootItem
TreeView",,,InterestingItems,,,,
AdaptiveGruen.h,identical,8e879ac7cf1fd36f02b36f42e71229baa961c4c327bb588545c5674ce1fe4f0b,8e879ac7cf1fd36f02b36f42e71229baa961c4c327bb588545c5674ce1fe4f0b,,,"AdaptiveGruen
Pvl",,,,,,,
AdjustedLatitudeFilter.h,changed_declarations,fd5d8ef830b98348cc72c653288c78e723da9f6fb0f348360163caad5d18f3af,6a3f542cc79c34b7de877697ee685458e273bde60596764e268152c127de42ae,,QPair,"AbstractFilterSelector
AdjustedLatitudeFilter
ControlMeasure
ControlPoint
QString",,,,,,,
AdjustedLatitudeSigmaFilter.h,changed_declarations,70e6ffe355c1147c2b47b6524b22932cfd1f9c3eb2751c7af552df4a4a2d9995,fa357c78861976c41962b72cbf62a2cec56feb3dd4c041aa3bec41b11f43fd8b,,QPair,"AbstractFilterSelector
AdjustedLatitudeSigmaFilter
ControlMeasure
ControlNet
ControlPoint
QString",,,,,,,
AdjustedLongitudeFilter.h,changed_declarations,a38ed960e40c1ead54d6e9e4414833a49122654245934a05d8f61561cd89dcd3,c0f5dbfa0ce283b1913cfa8eb100d865b188fcda80b75ce2c61c24467fe8a3f4,,QPair,"AbstractFilterSelector
AdjustedLongitudeFilter
ControlMeasure
ControlNet
ControlPoint
QString",,,,,,,
AdjustedLongitudeSigmaFilter.h,changed_declarations,1c503b345700ba13edac85d8e5aaee306dbc91bb4daa850fbc6d2e8f785296a7,91e41a5279cc55ffdf2d847a43d47cef74d7ca36e399ce0e364b07ae7d252f93,,QPair,"AbstractFilterSelector
AdjustedLongitudeSigmaFilter
ControlMeasure
ControlNet
ControlPoint
QString",,,,,,,
AdjustedRadiusFilter.h,changed_declarations,98e1595e6573f770c92381783fc828301f6e12d1231009b3541402030131daa3,574e8efc4c3c95ef5a0a7df11395bf78d51e91148c91512bcf0f1ac78b0d5f1a,,QPair,"AbstractFilterSelector
AdjustedRadiusFilter
ControlMeasure
ControlNet
ControlPoint
QString",,,,,,,
AdjustedRadiusSigmaFilter.h,changed_declarations,d18e921feec27ce26cd96cc7ffdbcad3a8e7bf45b93ea32349666d9d89d93a44,cc7fccd38cafc516fe92e33698ce01d29f5b770110ab87783615a9eaefa43f25,,QPair,"AdjustedRadiusSigmaFilter
ControlMeasure
ControlNet
ControlPoint
QString",,,,,,,
AdjustedXFilter.h,changed_declarations,56d000cd3a95d773fabbd18915250db0f6e867b15588a5c9c3b902fecbcd9bd3,5f548197ffcccb0cceaf0a5ae1d939d63a7f003f4380201358c2e1746f6f4f21,,QPair,"AdjustedXFilter
ControlMeasure
ControlNet
ControlPoint
QString",,,,,,,
AdjustedXSigmaFilter.h,changed_declarations,05231e4c9b629d579a1dbedbbd4e28894488eca9c089cb756fd2086282fc002c,568b6ac90d6121ee27e472dbfb3846d2e63673f6cde68582488f0fb21a27e291,,QPair,"AdjustedXSigmaFilter
ControlMeasure
ControlNet
ControlPoint
QString",,,,,,,
AdjustedYFilter.h,changed_declarations,a9ca79affea7dfe8ce157585f9f9e299fb87cb42a848ccc5f3bf85a41a8b5bc2,e0fdc41d9e9b05fd50d77a12ef7d4f40649702956a089611787437dfefc58347,,QPair,"AdjustedYFilter
ControlMeasure
ControlNet
ControlPoint
QString",,,,,,,
AdjustedYSigmaFilter.h,changed_declarations,862269304ccf70301f5c7b12a6e240c4a6f7ec0a313f0c49d7a4ab31b9535e9e,1a309b52f5fd7aedf51d061bd64b3eaf34b2d8d3d70fd79f8a206646fbb0575b,,QPair,"AdjustedYSigmaFilter
ControlMeasure
ControlNet
ControlPoint
QString",,,,,,,
AdjustedZFilter.h,changed_declarations,e758fa3fc9858b4ef56092c2829aeda0cc7a24ff07af6ffa920da14b246fc76a,254d4082c6115b8a2f73797c34b5a63b7dc1be634572033eda10998cb4dca1dd,,QPair,"AdjustedZFilter
ControlMeasure
ControlNet
ControlPoint
QString",,,,,,,
AdjustedZSigmaFilter.h,changed_declarations,5e4495d809aa1e27b0a997a4919584335a5837f088d917d6e006356428dcc94b,64d2a5b79318b0f878a275458a9c962b613ecc93d78f7c2680ab7b2a350339fe,,QPair,"AdjustedZSigmaFilter
ControlMeasure
ControlNet
ControlPoint
QString",,,,,,,
AdvancedStretch.h,identical,f2c501f767ca04be538ae5035b815b96e176b42710304aa34d25507e1a699402,f2c501f767ca04be538ae5035b815b96e176b42710304aa34d25507e1a699402,,,"AdvancedStretch
CubeStretch
CubeViewport
Histogram
QColor
QComboBox
QLayout
QStackedWidget
QString
Stretch",,,,,,,
AdvancedStretchDialog.h,identical,69b1068e889cdb379f28feca3be88f4aba5ddc09d51e0679e27ded9ca622ba0e,69b1068e889cdb379f28feca3be88f4aba5ddc09d51e0679e27ded9ca622ba0e,,,"AdvancedStretch
AdvancedStretchDialog
CubeStretch
CubeViewport
Histogram
QShowEvent
QWidget
Stretch",,,,,,,
AdvancedTrackTool.h,identical,1ae71aacfad9a8a3bf03dccb86dc0dfce9955a5b8c37508a5b4c521c68258a9c,1ae71aacfad9a8a3bf03dccb86dc0dfce9955a5b8c37508a5b4c521c68258a9c,,,"AdvancedTrackTool
MdiCubeViewport
QAction
TableMainWindow",,,,,,,
Affine.h,identical,b5b21e90e4c522c02b891ef68e62ddd1734bf8ce900cf8b8e14a885bbf60a37a,b5b21e90e4c522c02b891ef68e62ddd1734bf8ce900cf8b8e14a885bbf60a37a,,,Affine,,,,,,,
AgastAlgorithm.h,identical,89f3064d2163efa22b6a21cbbdb8fc9cdce8ae28884e897a2d89dc28cf5e61a7,89f3064d2163efa22b6a21cbbdb8fc9cdce8ae28884e897a2d89dc28cf5e61a7,,,AgastAlgorithm,,,,,,,
Albedo.h,identical,f4f6aceed5c716bcc1df655e8ea289b26208dfd6abbf2715a72c81ec5978f0af,f4f6aceed5c716bcc1df655e8ea289b26208dfd6abbf2715a72c81ec5978f0af,,,"Albedo
Pvl",,,,,,,
AlbedoAtm.h,identical,7c99aff547473db3fde81b23dde457542861e6a577001dc7cfb5969559217ec2,7c99aff547473db3fde81b23dde457542861e6a577001dc7cfb5969559217ec2,,,"AlbedoAtm
Pvl",,,,,,,
AlphaCube.h,identical,00c48afd4ac18dc0325a283bd631427f6ac701dbcefa73d4645d47ab8c7cbb22,00c48afd4ac18dc0325a283bd631427f6ac701dbcefa73d4645d47ab8c7cbb22,,,"AlphaCube
Cube",,,,,,,
AmicaCalUtils.h,changed_declarations,1ad83b5e8b981aac84abe9f3811b7c0969176828d89475c5809af96e47605cfc,dffc7bb24a673bdcfafe68f6eb447576221af62a9cbd33ff72d6d74e79b5c752,,,,,,,"SpiceQL::translateNameToCode(target.toLatin1().data(),""amica"",useWeb);
auto [obsStartTime,kernels]=SpiceQL::strSclkToEt(-130,scStartTime.toLatin1().data(),""amica"",useWeb);
bool useWeb=QString(Preference::Preferences().findGroup(""SpiceQL"")[""UseSpiceQL""]).toUpper()==""TRUE"";
std::copy(sunLt[0].begin(),sunLt[0].begin()+3,sunv);","Isis::FileName leapseconds(""$base/kernels/lsk/naif????.tls"");
Isis::FileName pck1(""$hayabusa/kernels/tspk/de403s.bsp"");
Isis::FileName pck2(""$hayabusa/kernels/tspk/sb_25143_140.bsp"");
Isis::FileName pck3(""$hayabusa/kernels/spk/hay_jaxa_050916_051119_v1n.bsp"");
Isis::FileName pck4(""$hayabusa/kernels/spk/hay_osbj_050911_051118_v1n.bsp"");
Isis::FileName sclk(""$hayabusa/kernels/sclk/hayabusa.tsc"");
QString leapsecondsName(leapseconds.expanded());
QString pckName1(pck1.expanded());
QString pckName2(pck2.expanded());
QString pckName3(pck3.expanded());
QString pckName4(pck4.expanded());
QString sclkName(sclk.expanded());
bodn2c_c(target.toLatin1().data(),&tcode,&found);
furnsh_c(leapsecondsName.toLatin1().data());
furnsh_c(pckName1.toLatin1().data());
furnsh_c(pckName2.toLatin1().data());
furnsh_c(pckName3.toLatin1().data());
furnsh_c(pckName4.toLatin1().data());
furnsh_c(sclkName.toLatin1().data());
leapseconds=leapseconds.highestVersion();
loadNaifTiming();
scs2e_c(-130,scStartTime.toLatin1().data(),&obsStartTime);
spkpos_c(target.toLatin1().data(),obsStartTime,""J2000"",""LT+S"",""sun"",sunv,&lt);",,
AmicaImportFits.h,identical,21c9a1a0fb387a3c054e839bc1c98eeeb2db2e3ae7878ec8de122b52f70fd030,21c9a1a0fb387a3c054e839bc1c98eeeb2db2e3ae7878ec8de122b52f70fd030,,,AmicaImportFits,,,,,,,
Angle.h,identical,c89819b85c04ff214f854f41c0c787b87a51971495987820528ab18257422759,c89819b85c04ff214f854f41c0c787b87a51971495987820528ab18257422759,,,"Angle
QString",,,Units,,,,
Anisotropic1.h,identical,508593a1ac241178db535b4b166eaa89707cc75e113eac26fb95b2b2eeacc5ca,508593a1ac241178db535b4b166eaa89707cc75e113eac26fb95b2b2eeacc5ca,,,"Anisotropic1
Pvl",,,,,,,
Anisotropic2.h,identical,d28a88b4ad8b55ca4941c63f4077884bfce481f163e7c680fbb35f186466912a,d28a88b4ad8b55ca4941c63f4077884bfce481f163e7c680fbb35f186466912a,,,"Anisotropic2
Pvl",,,,,,,
Apollo.h,identical,0a7245ad27e7a6173bf30728c1a7ffda43a0ee10a18fd57b77fdba5cdbdaef45,0a7245ad27e7a6173bf30728c1a7ffda43a0ee10a18fd57b77fdba5cdbdaef45,,,Apollo,,,,,,,
ApolloMetricCamera.h,identical,b8f5e192162cda95295cecf39c5fb189b66738b2a71628e7c6dbe199c59c0f84,b8f5e192162cda95295cecf39c5fb189b66738b2a71628e7c6dbe199c59c0f84,,,ApolloMetricCamera,,,,,,,
ApolloMetricDistortionMap.h,identical,e2b3207bc78c6fe054b8af399f203a405b82e3c02b111cb4fa9a47d0fbf87c9f,e2b3207bc78c6fe054b8af399f203a405b82e3c02b111cb4fa9a47d0fbf87c9f,,,ApolloMetricDistortionMap,,,,,,,
ApolloPanIO.h,identical,3cfc246c4597aa337ec8b0a5326496bed46b2723ba26015dd2d19b165fb8f62d,3cfc246c4597aa337ec8b0a5326496bed46b2723ba26015dd2d19b165fb8f62d,,,"Affine2D
ApolloPanIO
FidObs",,,,,,,
ApolloPanoramicCamera.h,identical,5b7cf4ecbfae08bcb7ef760d1da8333c5911e7f285b4b505549e824b01a9f21a,5b7cf4ecbfae08bcb7ef760d1da8333c5911e7f285b4b505549e824b01a9f21a,,,"ApolloPanoramicCamera
PvlGroup",,,,,,,
ApolloPanoramicDetectorMap.h,identical,19c30460f0ccf4371a343b8b9bca945f14a78f57556ac6a747e22417cf8f43b3,19c30460f0ccf4371a343b8b9bca945f14a78f57556ac6a747e22417cf8f43b3,,,ApolloPanoramicDetectorMap,,,,,,,
Application.h,changed_declarations,d7a78bcc2c1d7ab6aaaa2c51867e43037458e0d1f1282c0e855038f6214019c5,895aab8c3fb0324d23a85e0a7735c96bf71156f56672d17d2dd48eeb88a9d770,,,"Application
Gui
IException
ProgramLauncher
Progress
QLocalSocket",,,,static QString AleVersion();,,,
Area3D.h,identical,b77c46dc8cbec01170e218fc2d0e8e48b575599b459f6a0af2bb8fc2387a5791,b77c46dc8cbec01170e218fc2d0e8e48b575599b459f6a0af2bb8fc2387a5791,,,"Area3D
Displacement
Distance",,,,,,,
AssetSidebarStrategy.h,identical,bb7008540fe615b0e7d1ff8c75040c84d3b3e6c639a6443b29a88b32221103ed,bb7008540fe615b0e7d1ff8c75040c84d3b3e6c639a6443b29a88b32221103ed,,,"AssetSidebarStrategy
PvlObject",,,CreateSource,,,,
AtmosModel.h,identical,5fe1fcf3f89435ee4d3e13f24827b44c36e458f6eadf8c23599db7ec420c0842,5fe1fcf3f89435ee4d3e13f24827b44c36e458f6eadf8c23599db7ec420c0842,,,"AtmosModel
NumericalAtmosApprox
Pvl",,,,,,,
AtmosModelFactory.h,identical,9a4010cc62e103c96a776171f0204698a346aece2fd26bf1c2508c7cfe32fddb,9a4010cc62e103c96a776171f0204698a346aece2fd26bf1c2508c7cfe32fddb,,,"AtmosModel
AtmosModelFactory
PhotoModel
Pvl",,,,,,,
AutoReg.h,identical,2e004aa1d099d1fc0228edd5614a5092b7f66c90ded44d055e78c4ef87e3a722,2e004aa1d099d1fc0228edd5614a5092b7f66c90ded44d055e78c4ef87e3a722,,,"AutoReg
AutoRegItem
Buffer
Pvl
QString",,,"GradientFilterType
RegisterStatus",,,,
AutoRegFactory.h,identical,aa537067d41c53d77554d963a641bacd78ee5470a3f8444625e1c90975aa8966,aa537067d41c53d77554d963a641bacd78ee5470a3f8444625e1c90975aa8966,,,"AutoReg
AutoRegFactory
Pvl",,,,,,,
BRISKAlgorithm.h,identical,19bbc00a1f61685876f5a1c7d51c2e5ce390f960fd3f5b1aa88814b9e83a080e,19bbc00a1f61685876f5a1c7d51c2e5ce390f960fd3f5b1aa88814b9e83a080e,,,BRISKAlgorithm,,,,,,,
BandManager.h,identical,ba741128e3d7e63e1df8af806cc986ee8022a5baec91c48071d126dc268012c7,ba741128e3d7e63e1df8af806cc986ee8022a5baec91c48071d126dc268012c7,,,BandManager,,,,,,,
BandSpinBox.h,identical,08b7b7b4b702eec70716d5d9b2e26a6262ce915b79b76d53bec727609007798c,08b7b7b4b702eec70716d5d9b2e26a6262ce915b79b76d53bec727609007798c,,,BandSpinBox,,,,,,,
BandTool.h,identical,68464c8845ac70f2ddcd2b7c064bfeb7420582391ce9676daeccdd7ed14d6236,68464c8845ac70f2ddcd2b7c064bfeb7420582391ce9676daeccdd7ed14d6236,,,"BandTool
Cube
QAction
QComboBox
QHBoxLayout
QLabel
QRadioButton
QSpinBox
QStackedWidget
ToolPad",,,,,,,
Basis1VariableFunction.h,identical,09a3d8a32c87523243b86acc98cf46954a636dc828b70e23b89f2decfc7dcf1a,09a3d8a32c87523243b86acc98cf46954a636dc828b70e23b89f2decfc7dcf1a,,,Basis1VariableFunction,,,,,,,
BasisFunction.h,identical,8c0f9b27117f572f1d283c945bb4ea68e3a2c0e0106bf96f3607d9b9b93edb23,8c0f9b27117f572f1d283c945bb4ea68e3a2c0e0106bf96f3607d9b9b93edb23,,,BasisFunction,,,,,,,
BinaryStretchType.h,identical,46a203cec92c3537ffca469d531917eadc83ca0ffab81c2563b2580c3337dd72,46a203cec92c3537ffca469d531917eadc83ca0ffab81c2563b2580c3337dd72,,,"BinaryStretchType
CubeStretch
Histogram
QColor
QLineEdit
QSlider
QString
Stretch",,,,,,,
BlinkTool.h,identical,7b96c75a3d2a05968ffeafb10f9b50fe922c4d7beb832996c34bfd20510277f0,7b96c75a3d2a05968ffeafb10f9b50fe922c4d7beb832996c34bfd20510277f0,,,"BlinkTool
QAction
QDialog
QDoubleSpinBox
QHBoxLayout
QListWidget
QListWidgetItem
QMenu
QPushButton
QSplitter
QToolButton
QVBoxLayout",,,,,,,
Blob.h,changed_declarations,c3eda20ef66b7fa54217955dd14b88a38858c5e1b3e789bf72b033588608603e,28c7d2fed26c760bf7a5039a66f2b99cd0d9708a8414daaea1070362d3d4c017,,,"Blob
Pvl",,,,"QString Key()const;
int StartByte()const;
void ReadData(std::string&hexdata);
void ReadGdal(GDALDataset*dataset);
void Write(Pvl&pvl,std::fstream&stm);
void WriteData(std::stringstream&os);
void WriteGdal(std::string&json);","void Write(Pvl&pvl,std::fstream&stm,const QString&detachedFileName="""",bool overwrite=true);",,
BlobDetectionAlgorithm.h,identical,baca9f11b45c91c9fb82ded27fb94a5b6e06326f5eea3cfc0bc96a174c4e33b1,baca9f11b45c91c9fb82ded27fb94a5b6e06326f5eea3cfc0bc96a174c4e33b1,,,BlobDetectionAlgorithm,,,,,,,
Blobber.h,identical,eb450e16d02b6a496c02fa134199d205160294ba9617fa9e6195e17c4241664b,eb450e16d02b6a496c02fa134199d205160294ba9617fa9e6195e17c4241664b,,,"Blobber
Cube
Table",,,,,,,
BoxcarCachingAlgorithm.h,identical,879ed5906d7924e3f82b13acc8b89d721dc601bcd47bea742f296f37def0f25b,879ed5906d7924e3f82b13acc8b89d721dc601bcd47bea742f296f37def0f25b,,,"BoxcarCachingAlgorithm
QList
QQueue",,,,,,,
BoxcarManager.h,identical,d9277385634b7d2ca73943f5f95c8de9824356534166af77eed67817873116bf,d9277385634b7d2ca73943f5f95c8de9824356534166af77eed67817873116bf,,,BoxcarManager,,,,,,,
Brick.h,identical,ea8325ba5d3dcfe51f786de07ac6f14d2d7e01613fb147abbeca2514879912cc,ea8325ba5d3dcfe51f786de07ac6f14d2d7e01613fb147abbeca2514879912cc,,,Brick,,,,,,,
BriefDescriptorAlgorithm.h,identical,85b6869d0f0e1516309ca0ec8d4cc91eb28d2ab58f3c700217170402c1238f18,85b6869d0f0e1516309ca0ec8d4cc91eb28d2ab58f3c700217170402c1238f18,,,BriefDescriptorAlgorithm,,,,,,,
BrowseDialog.h,identical,26eac955d47d4c5d65c24746161680c6bd6ab3dd6222741d8bf7371263a987fe,26eac955d47d4c5d65c24746161680c6bd6ab3dd6222741d8bf7371263a987fe,,,BrowseDialog,,,,,,,
BruteForceMatcher.h,identical,67c5fa59ef84d18b761b1b36e75efc69e64235c4f1b88d11bf61b897d9d67e1b,67c5fa59ef84d18b761b1b36e75efc69e64235c4f1b88d11bf61b897d9d67e1b,,,BruteForceMatcher,,,,,,,
Buffer.h,identical,042e0e9948368dbf2af9d7b0d062f3ca627c695a4f8a832b0075649d42f8caf9,042e0e9948368dbf2af9d7b0d062f3ca627c695a4f8a832b0075649d42f8caf9,,,Buffer,,,,,,,
BufferManager.h,identical,83dda7f72f4738acf1427a4ec9684c37373ffeac1cefcaf3ce2b3188add4515a,83dda7f72f4738acf1427a4ec9684c37373ffeac1cefcaf3ce2b3188add4515a,,,BufferManager,,,,,,,
BulletAllHitsRayCallback.h,identical,8f0b00112fe2f4dfcde0883c2511598ea5b54bb9f37bb0a403964a337d15ab75,8f0b00112fe2f4dfcde0883c2511598ea5b54bb9f37bb0a403964a337d15ab75,,,BulletAllHitsRayCallback,,,,,,,
BulletClosestRayCallback.h,identical,1d9cc51685bd2d1d890369ccc1d910e5b12b9bf98f90cb2f1963ce0ec1a9192f,1d9cc51685bd2d1d890369ccc1d910e5b12b9bf98f90cb2f1963ce0ec1a9192f,,,"BulletClosestRayCallback
BulletTargetShape",,,,,,,
BulletDskShape.h,changed_non_declaration,183d2731ff24d1d59f0a85069a345bc30c75f431ea7f5417bd2f38d1962aa2a6,5e7e24e1103d2d0fd7b56e464ce0943ed0ae425f9e948eb8fcd127627986629f,,,BulletDskShape,,,,,,,
BulletShapeModel.h,changed_declarations,7415dd0274dbca985585878c8d2aae723bb8d13ce27704299614ff96ba47f396,2c6add1e332c9fa568850a4e6ae425b107e31b3cb15bf1ff72a92a7190b2c324,,,"BulletShapeModel
Target",,,,,"QVector<double>ellipsoidNormal();
void calculateDefaultNormal();
void calculateSurfaceNormal();",,
BulletTargetShape.h,changed_declarations,3709a0b9d40dbb88bac0cd4db0b02a412729e3c49320a64e98e46184e0c6c442,d48eb467acedadc0a1681cac6955c404b4b339be27d3bc986e6c84ea30465f79,,,"BulletTargetShape
Pvl",,,,static void btDelete(btCollisionObject*btbody);,,,
BulletWorldManager.h,identical,28fe27d7d59924a48b6d776d4dff35bf55540d160e41c906dbf18b63920e6e6a,28fe27d7d59924a48b6d776d4dff35bf55540d160e41c906dbf18b63920e6e6a,,,BulletWorldManager,,,,,,,
BundleAdjust.h,identical,13ce08d3631e2f3f158847331416cefcaf1ec74a83f9899ff30deaa9f74e8eac,13ce08d3631e2f3f158847331416cefcaf1ec74a83f9899ff30deaa9f74e8eac,,,"BundleAdjust
Control
ImageList
QList
QMap",,,,,,,
BundleControlPoint.h,identical,fe0e8cba752b01df5ac8a1dd6cc9c2105a8dae285f4b35792bd84169c00ad24b,fe0e8cba752b01df5ac8a1dd6cc9c2105a8dae285f4b35792bd84169c00ad24b,,,"BundleControlPoint
ControlMeasure
LinearAlgebra
SparseBlockMatrix",,,,,,,
BundleImage.h,identical,2eca3c6814ee542fb43d06a07c804f96722db529149af3384bf6b9f91b8e0e75,2eca3c6814ee542fb43d06a07c804f96722db529149af3384bf6b9f91b8e0e75,,,"BundleImage
BundleObservation
Camera",,,,,,,
BundleLidarControlPoint.h,identical,0fce8358e46b5358e146a5bb86335215c7931a40e8fac69b6707d335338616d6,0fce8358e46b5358e146a5bb86335215c7931a40e8fac69b6707d335338616d6,,,"BundleLidarControlPoint
BundleLidarRangeConstraint",,,,,,,
BundleLidarPointVector.h,identical,27b524729618765b221e6a4861407abc83a57215ad0a18412be9399c5886b2d6,27b524729618765b221e6a4861407abc83a57215ad0a18412be9399c5886b2d6,,,BundleLidarPointVector,,,,,,,
BundleLidarRangeConstraint.h,identical,f31858b19beec9c4a70774543b22f0e1ee8b0a770e5dc6842f18d50c6473fc76,f31858b19beec9c4a70774543b22f0e1ee8b0a770e5dc6842f18d50c6473fc76,,,BundleLidarRangeConstraint,,,,,,,
BundleMeasure.h,identical,44566ab002c5e3995b6edafc627f3bee32b34d1d1713cc7b827ea7b3c5484d7f,44566ab002c5e3995b6edafc627f3bee32b34d1d1713cc7b827ea7b3c5484d7f,,,"BundleControlPoint
BundleImage
BundleMeasure
BundleObservation
BundleObservationSolveSettings
Camera
ControlMeasure",,,,,,,
BundleObservation.h,identical,f58b61ea9673e5f8945caef468ff58de31339b9a249f2f5e2fc018106a0fc2a9,f58b61ea9673e5f8945caef468ff58de31339b9a249f2f5e2fc018106a0fc2a9,,,BundleObservation,,,,,,,
BundleObservationSolveSettings.h,identical,68b1295c0c6f66a7e997870aa43910fda1015547b16f925ce87bff1df74d6a70,68b1295c0c6f66a7e997870aa43910fda1015547b16f925ce87bff1df74d6a70,,,"BundleObservationSolveSettings
FileName
Project
PvlObject
QDataStream
QUuid
QXmlStreamWriter",,,"CSMSolveOption
InstrumentPointingSolveOption
InstrumentPositionSolveOption",,,,
BundleObservationVector.h,identical,8b98b857eca4f3290461596289cd9720067ce03787511e971d67453f36281e5f,8b98b857eca4f3290461596289cd9720067ce03787511e971d67453f36281e5f,,,BundleObservationVector,,,,,,,
BundleObservationView.h,identical,bdf80d8166b7286e16cf27b1e40381ce1b56382d4cf5a9f2bf981a4c23e51ff5,bdf80d8166b7286e16cf27b1e40381ce1b56382d4cf5a9f2bf981a4c23e51ff5,,,BundleObservationView,,,,,,,
BundleObservationViewWorkOrder.h,identical,aaf2a10f04539d539eab4e5d51319f2a87850c8bade50b60e5f0c31741213d41,aaf2a10f04539d539eab4e5d51319f2a87850c8bade50b60e5f0c31741213d41,,,"BundleObservation
BundleObservationViewWorkOrder
Project",,,,,,,
BundleResults.h,changed_declarations,48db26a3c05b9753eb76206671ad83083071d6a933360205e1adc99e5c4f8237,8d61da04702b40a757c374b515cae5ff649211498cc78afc69463aed49ae7192,,,"BundleResults
ControlNet
CorrelationMatrix
FileName
Project
PvlObject
QDataStream
QUuid
QXmlStreamReader
QXmlStreamWriter
SerialNumberList
StatCumProbDistDynCalc",,,,,"void setRmsImageResidualLists(QVector<Statistics>rmsImageLineResiduals,QVector<Statistics>rmsImageSampleResiduals,QVector<Statistics>rmsImageResiduals);",,
BundleSettings.h,changed_non_declaration,8d289c0e53cba141aeba8a6f24c7f9018c5117e07c8cf7efb1e431300649e565,b52268e7f6ba2b685509ab62a072725db8f18f3903df784190f5b027c3117b98,,,"BundleSettings
FileName
MaximumLikelihoodModelTableRecord
Project
PvlObject
QDataStream
QUuid
QXmlStreamWriter",,,"ConvergenceCriteria
MaximumLikelihoodModel",,,,
BundleSolutionInfo.h,changed_non_declaration,23bbca06ac52d6e9a8ce5070d53f46f40c1725cc9b1d8474b389453ae1f79df5,ec8a84cf00d4d675d08de61f2897edc3c978e29254180392e0816af54a1725e2,,,"BundleResults
BundleSolutionInfo
Control
FileName
ImageList
Project
PvlObject
QDataStream
QUuid
QXmlStreamReader
QXmlStreamWriter",,,,,,,
BundleTargetBody.h,identical,17b0d9c1c927f8a431c9dc873dd15f76188e30fe74e296730b7708e16234e493,17b0d9c1c927f8a431c9dc873dd15f76188e30fe74e296730b7708e16234e493,,,"BundleSettings
BundleTargetBody
PvlObject
Target",,,"TargetRadiiSolveMethod
TargetSolveCodes",,,,
BusyLeafItem.h,changed_declarations,3bc77a090c050316d96c0c8591499d32b60fd3280c5960e7c79ecd549223605f,430f12595d55c84ba80111adb982a99d89b7e4218efcaa9f013704ca2fefb419,,,"BusyLeafItem
QString
QVariant",,,,BusyLeafItem(AbstractTreeItem*parent=0);,Q_OBJECT public:BusyLeafItem(AbstractTreeItem*parent=0);,,
CSMCamera.h,identical,44e9e8113fe9c04a7206fc84afc5d31b05eae4ec6bd40a79b1de0323255ec9c2,44e9e8113fe9c04a7206fc84afc5d31b05eae4ec6bd40a79b1de0323255ec9c2,,,CSMCamera,,,,,,,
CSMSkyMap.h,identical,f2276b02349762a96b87b89b8a3cb78d259869c486051506522f8a9f3ace2079,f2276b02349762a96b87b89b8a3cb78d259869c486051506522f8a9f3ace2079,,,CSMSkyMap,,,,,,,
CSVReader.h,identical,e35cdbe120b62978059a00a2a6b8b257d11dfced5c5e72839dcd2ca41fb8d1f1,e35cdbe120b62978059a00a2a6b8b257d11dfced5c5e72839dcd2ca41fb8d1f1,,,"CSVParser
CSVReader",,,,,,,
CTXCamera.h,identical,f2b42ebbde4aef26f7e73eaf8d110a761b2668f7483a2216b11cdd8a93d7da28,f2b42ebbde4aef26f7e73eaf8d110a761b2668f7483a2216b11cdd8a93d7da28,,,CTXCamera,,,,,,,
CalParameters.h,identical,b9fadb2c361f92b95186af45df29d301314c430475780103414196d6c4a50cfe,b9fadb2c361f92b95186af45df29d301314c430475780103414196d6c4a50cfe,,,"CalParameters
Cube",,,,,,,
Calculator.h,changed_declarations,3037bfedd6a8a1c719c03b558b52067428b2685226c1d1ce6af9470cabf55722,b8224b2dc6fa2fda82a8dbac55465cc1b5742e52ac3f99c5bb31436246b83fe3,,QVector,"Calculator
QStack",,,,,,,
CalculatorStrategy.h,identical,10bebb88b73ca0b44dc2d31b2e7654b287d886bc67addb172b1aab98f68ccf21,10bebb88b73ca0b44dc2d31b2e7654b287d886bc67addb172b1aab98f68ccf21,,,"CalculatorStrategy
Equation
PvlFlatMapCalculatorVariablePool
PvlObject
ResourceCalculatorVariablePool",,,,,,,
CamTools.h,identical,22981c9e4c0bb68f2c4fd4d6569a923b9c726d7645cc6af37b6c8d8870c78dc0,22981c9e4c0bb68f2c4fd4d6569a923b9c726d7645cc6af37b6c8d8870c78dc0,,,"BandGeometry
DeleteObject
GProperties",,,,,,,
Camera.h,identical,ef90fd3a289c13f19ebb406445a4511c46d57553aed7f1363bfc6e38c30e8f0e,ef90fd3a289c13f19ebb406445a4511c46d57553aed7f1363bfc6e38c30e8f0e,,,"Angle
Camera
CameraDetectorMap
CameraDistortionMap
CameraFocalPlaneMap
CameraGroundMap
CameraSkyMap
Distance
Latitude
Longitude
Projection
RadarGroundMap
RadarSlantRangeMap
SurfacePoint",,,CameraType,,,,
CameraDetectorMap.h,identical,a53e09a9e0b47accee4e8dd357568319a6143957d19d11b4126f81b47bfe076c,a53e09a9e0b47accee4e8dd357568319a6143957d19d11b4126f81b47bfe076c,,,CameraDetectorMap,,,,,,,
CameraDistortionMap.h,identical,db959ebc67bd887def75648a8378e2a35ee6298b7f5ed071f611b6e34ba518b9,db959ebc67bd887def75648a8378e2a35ee6298b7f5ed071f611b6e34ba518b9,,,CameraDistortionMap,,,,,,,
CameraFactory.h,changed_declarations,4dc5b3a704edc5855c81e89477cd7d1f4b685c31c074ed33a325ee9c5e7bc1ad,0555b95f1a276a5ec98e209ad1b01ba55a10a134a3164b05b56755d7fae06289,,,"Camera
CameraFactory
Cube",,,,"static QStringList getModelSpecFromIsd(QString isdFilePath,QString pluginName="""",QString modelName="""");
static csm::Model*constructModelFromIsd(QString isdFilePath,QString pluginName="""",QString modelName="""",QString isdFormat="""");",,,
CameraFocalPlaneMap.h,changed_declarations,d1e0c38efb3f85a715a49ec78b9962cfb41590208dbae031ca2c2f25f64812c0,3df98f1aa4a303a76c9eb672654c750af04e9d76c2e6f236b3f9ad77e7c41dfc,,QVector,"Affine
Camera
CameraFocalPlaneMap",,,FocalPlaneXDependencyType,,,,
CameraGroundMap.h,identical,9ce6a7901b3f6ffa14a16d68827711e63da78533219474709162b73ef678b626,9ce6a7901b3f6ffa14a16d68827711e63da78533219474709162b73ef678b626,,,CameraGroundMap,,,PartialType,,,,
CameraPointInfo.h,identical,47dd8bd27b405c47c6fddf7258936c1fd4746915ca1eb3fd9d08d2f818b5e061,47dd8bd27b405c47c6fddf7258936c1fd4746915ca1eb3fd9d08d2f818b5e061,,,"Camera
CameraPointInfo
Cube
CubeManager
PvlGroup",,,,,,,
CameraRingsPointInfo.h,identical,95bbd79859a7cd8b0957afd8f6bbb2ba9e00ade684e0a79f8f7bb8234432910b,95bbd79859a7cd8b0957afd8f6bbb2ba9e00ade684e0a79f8f7bb8234432910b,,,"CameraRingsPointInfo
PvlGroup",,,,,,,
CameraSkyMap.h,identical,051de4d58b65fbb8064fa97e02d278b7da2e71692e5a8cc7096fcd93a5288d45,051de4d58b65fbb8064fa97e02d278b7da2e71692e5a8cc7096fcd93a5288d45,,,CameraSkyMap,,,,,,,
CameraStatistics.h,identical,6cc69711a8df85ed8f3d40f118faef8652cc6d696689725771fe13c589f991d1,6cc69711a8df85ed8f3d40f118faef8652cc6d696689725771fe13c589f991d1,,,"Camera
CameraStatistics
Pvl
PvlKeyword
Statistics",,,,,,,
CassiniImportUtils.h,identical,9cbdbe6fcbe96e8c814e66f8409e7c0306b67d9b1afd4ffbab3affb8cf712e57,9cbdbe6fcbe96e8c814e66f8409e7c0306b67d9b1afd4ffbab3affb8cf712e57,,,CassiniIssFixDnFunctor,,,,,,,
Centroid.h,identical,a9d415ae1d56ec92c50952adb027ea76b30663da4a25a8484b365581fa980505,a9d415ae1d56ec92c50952adb027ea76b30663da4a25a8484b365581fa980505,,,Centroid,,,,,,,
CentroidApolloPan.h,identical,32eeaa5f58e30689d10131bd3a9198e2718f5eb25c1be09d28e2c3ebdbd386f4,32eeaa5f58e30689d10131bd3a9198e2718f5eb25c1be09d28e2c3ebdbd386f4,,,CentroidApolloPan,,,,,,,
Chandrayaan1M3Camera.h,identical,65fc5b51c9150b7c3f8fee788dcd04cc5a00a6ac6cb57c6c75ba6d6f4cc5ffd3,65fc5b51c9150b7c3f8fee788dcd04cc5a00a6ac6cb57c6c75ba6d6f4cc5ffd3,,,Chandrayaan1M3Camera,,,,,,,
Chandrayaan1M3DistortionMap.h,identical,d6f7c85d507e4c0e62304c282c855f7457f0c9498a464d3836aefac92ff6394c,d6f7c85d507e4c0e62304c282c855f7457f0c9498a464d3836aefac92ff6394c,,,Chandrayaan1M3DistortionMap,,,,,,,
Chandrayaan2OhrcCamera.h,added,,e645b0692c679e2b93fdc31eefa9e388ec25f280d8d9ff07413b0f5ab7913445,Chandrayaan2OhrcCamera,,,,,,Chandrayaan2OhrcCamera(Cube&cube);,,,
Chandrayaan2TmcCamera.h,added,,cd9d3c4116754ec86750920bbd5634e691ca7296cfad367bcaaccd173fe6717c,Chandrayaan2TmcCamera,,,,,,Chandrayaan2TmcCamera(Cube&cube);,,,
CheckSum.h,identical,9b3150b878fe289508b1d97705c8a43be004cb4b5823bee6c38ea1d964d710be,9b3150b878fe289508b1d97705c8a43be004cb4b5823bee6c38ea1d964d710be,,,,,,,,,,
Chip.h,identical,cdeb1c40fe4b42626a02d42278b2c2083d1baf765cf20d552e1951e81ed29973,cdeb1c40fe4b42626a02d42278b2c2083d1baf765cf20d552e1951e81ed29973,,,"Chip
Cube
Statistics",,,,,,,
ChipViewport.h,identical,8a4244b9dbb6697fdc1de0c5baf8b7273740ca7d16a92f0f1ca572f8e46bc189,8a4244b9dbb6697fdc1de0c5baf8b7273740ca7d16a92f0f1ca572f8e46bc189,,,"BandInfo
ChipViewport
ControlNet
CubeViewport
QImage",,,,,,,
ChipViewportsWidget.h,identical,7c857e9d50fe7f422dc01ede92f16e76c924ce472189d2f9dbdb1c3056e562e6,7c857e9d50fe7f422dc01ede92f16e76c924ce472189d2f9dbdb1c3056e562e6,,,"ChipViewport
ChipViewportsWidget
ControlMeasure
ControlNet
ControlPoint
Cube
CubeViewport
MdiCubeViewport
QAction
QGridLayout
QLabel
QMouseEvent
SerialNumberList
Stretch
UniversalGroundMap",,,,,,,
ChooserNameFilter.h,changed_declarations,11f2e8a6625a648d5bd1c51b2b6ea05cc2a8df60369f2461ef5875b59c226d3d,76148869cb399b2625d165e062750a67b0d10793f7c12b14ffeeba8d20c17e03,,QPair,"ChooserNameFilter
ControlMeasure
ControlNet
ControlPoint
QString",,,,,,,
CissLabels.h,identical,99da2906cb04c3d8e7431787769f62a401754f9c3f20381f1d069fdada40dbf2,99da2906cb04c3d8e7431787769f62a401754f9c3f20381f1d069fdada40dbf2,,,"CissLabels
Pvl",,,,,,,
CisscalFile.h,identical,1a7c24d253ab60cc2196d054cd5cb0a54b00b2b5a157dc6efbbd222ab032e63b,1a7c24d253ab60cc2196d054cd5cb0a54b00b2b5a157dc6efbbd222ab032e63b,,,CisscalFile,,,,,,,
CkKernelWriter.h,identical,d0ccf4154c59bb7325c1cc095b10bfff17539fced08c9ba1de2e03e21b05ee65,d0ccf4154c59bb7325c1cc095b10bfff17539fced08c9ba1de2e03e21b05ee65,,,"CkKernelWriter
CkSpiceSegment",,,,,,,
CkSpiceSegment.h,identical,1a203a35172aac36e2e359201328827f9e532fac67060e89c66aca09c0ff9b1f,1a203a35172aac36e2e359201328827f9e532fac67060e89c66aca09c0ff9b1f,,,"Camera
CkSpiceSegment
Cube
PvlObject
Table",,,,,,,
ClementineUvvisDistortionMap.h,identical,618076e3c6593f7ea41f17d678c843a0db7e1f6dde2fbc37468c5d75ecae96c3,618076e3c6593f7ea41f17d678c843a0db7e1f6dde2fbc37468c5d75ecae96c3,,,ClementineUvvisDistortionMap,,,,,,,
ClipperImportUtils.h,identical,5d7e391009c4e9fdfcdbfa0812cd00b0015b46d3c752d63203699fa6fbcae8db,5d7e391009c4e9fdfcdbfa0812cd00b0015b46d3c752d63203699fa6fbcae8db,,,,,,,,,,
ClipperNacRollingShutterCamera.h,identical,2b5599e08535c6d467073b66eb6ba5e75fa9f53b28cf54ec169a1fef225b965a,2b5599e08535c6d467073b66eb6ba5e75fa9f53b28cf54ec169a1fef225b965a,,,"ClipperNacRollingShutterCamera
Cube",,,,,,,
ClipperPushBroomCamera.h,identical,d50b6c103435ac3626eef7b4a87c8495267f964cd912c1313f6800202635dcde,d50b6c103435ac3626eef7b4a87c8495267f964cd912c1313f6800202635dcde,,,ClipperPushBroomCamera,,,,,,,
ClipperWacFcCamera.h,identical,da90dd2b7e26f245b7f653b6a5390dfa3bf4860182908591cff06ea380066869,da90dd2b7e26f245b7f653b6a5390dfa3bf4860182908591cff06ea380066869,,,ClipperWacFcCamera,,,,,,,
CloseProjectWorkOrder.h,identical,3d9bfc4e52aee43ea6fd2f3d8989ac17cb06373d6c6d4269d67b5e8cb72fa7bf,3d9bfc4e52aee43ea6fd2f3d8989ac17cb06373d6c6d4269d67b5e8cb72fa7bf,,,CloseProjectWorkOrder,,,,,,,
CnetDisplayProperties.h,identical,43c703af8fd3365967e55abaefe2e7571edb70799597aac20319016227d2963a,43c703af8fd3365967e55abaefe2e7571edb70799597aac20319016227d2963a,,,"CnetDisplayProperties
ControlNet
QAtomicInt
QFutureWatcher
QMap
QReadWriteLock
QString
QTimer",,,"Isis
coordinateDisplayType",,,,
CnetEditorSortConfigDialog.h,identical,5d62764d697ade2c61686490c69dc2d51f4ccee6d46421387917d56cf8b664aa,5d62764d697ade2c61686490c69dc2d51f4ccee6d46421387917d56cf8b664aa,,,"CnetEditorSortConfigDialog
CnetEditorWidget
QCheckBox
QComboBox
QLabel
QPushButton
QSpinBox",,,,,,,
CnetEditorView.h,identical,ced4e367d80d74138e7678fa07681bd999eea2bf77adef0043a764f5f04206d2,ced4e367d80d74138e7678fa07681bd999eea2bf77adef0043a764f5f04206d2,,,"CnetEditorView
CnetEditorWidget
Control
Directory
FileName
Project
ProjectItemViewMenu
QAction
QToolBar
QWidgetAction
QXmlStreamWriter
ToolPad",,,,,,,
CnetEditorViewWorkOrder.h,identical,cb90f11e40f1b4cc625f6f2635b187447a47a9c3d49b4f165dce909a3468ec85,cb90f11e40f1b4cc625f6f2635b187447a47a9c3d49b4f165dce909a3468ec85,,,"CnetEditorViewWorkOrder
ControlList
Directory
Project",,,,,,,
CnetEditorWidget.h,identical,96d6a0f95c49fbcec86e09bd28f6f6a0b15ee8082f6994bd9854647e7e1c3762,96d6a0f95c49fbcec86e09bd28f6f6a0b15ee8082f6994bd9854647e7e1c3762,,,"AbstractTableModel
AbstractTreeItem
CnetEditorSortConfigDialog
CnetEditorWidget
Control
ControlNet
ControlPoint
Directory
FileName
FilterWidget
Image
ImageImageTreeModel
ImagePointTreeModel
MeasureTableModel
MosaicGraphicsView
MosaicSceneItem
MosaicTool
PointMeasureTreeModel
PointTableModel
ProgressBar
Project
Projection
PvlGroup
PvlObject
QAction
QBoxLayout
QGroupBox
QList
QMenu
QScrollArea
QSplitter
QString
QToolBar
QXmlAttributes
QXmlStreamWriter
TableView
ToolPad
TreeView",,,View,,,,
CnetEditorWindow.h,identical,d5aa70be3b0873f36edcfd21b90262838cd033ac2d40c63bb5b3f42afce6f2f2,d5aa70be3b0873f36edcfd21b90262838cd033ac2d40c63bb5b3f42afce6f2f2,,,"CnetDisplayProperties
CnetEditorFileDialog
CnetEditorWidget
CnetEditorWindow
ConcurrentControlNetReader
Control
ControlNet
ProgressBar
QAction
QButtonGroup
QCloseEvent
QFont
QMenu
QString
QToolBar",,,FileState,,,,
CnetManager.h,identical,4a6ec0d7ac9e4108bcaa9581cdcb0a3cfc1434e21279c7a6eabb382dc9757533,4a6ec0d7ac9e4108bcaa9581cdcb0a3cfc1434e21279c7a6eabb382dc9757533,,,"CnetManager
KPoint
SortStrengthDescending",,,,,,,
CnetReaderStrategy.h,identical,81ef6d22fad902d6d1db097e53bf92ba693382f30bc6594c4c2ab6b455413628,81ef6d22fad902d6d1db097e53bf92ba693382f30bc6594c4c2ab6b455413628,,,"CnetReaderStrategy
PvlContainer
PvlFlatMap
PvlObject",,,,,,,
CnetRefByEmission.h,identical,21cdcb430c4fc0e25d63cb37362081d723c493da8616e79c36bef3a5e098ee74,21cdcb430c4fc0e25d63cb37362081d723c493da8616e79c36bef3a5e098ee74,,,"CnetRefByEmission
ControlNet
Pvl",,,,,,,
CnetRefByIncidence.h,identical,eebd2100717596a50357a885f6da5c8ef4481d56901f7f615bf109f0b65556c0,eebd2100717596a50357a885f6da5c8ef4481d56901f7f615bf109f0b65556c0,,,"CnetRefByIncidence
ControlNet
Pvl",,,,,,,
CnetRefByResolution.h,identical,eee81f1759a6cb410e33ee425988c00c6494a8bef37e74c0616f960240683b0f,eee81f1759a6cb410e33ee425988c00c6494a8bef37e74c0616f960240683b0f,,,"CnetRefByResolution
ControlNet
ControlPoint
Pvl",,,ResolutionType,,,,
CnetSuppression.h,identical,3de08b03cb477ba8023d4fdf22d1152ce9c4901c9821a59f062bd91e7f4c3ae1,3de08b03cb477ba8023d4fdf22d1152ce9c4901c9821a59f062bd91e7f4c3ae1,,,"CnetSuppression
Results
SortSerialsByPntSize",,,,,,,
CollectorMap.h,identical,a86753adf1430c1287113606d6954cb3670c2e2c15e3a1aa89f0d675987ae2ca,a86753adf1430c1287113606d6954cb3670c2e2c15e3a1aa89f0d675987ae2ca,,,"ArrayRemoval
CollectorMap
DefaultCopy
NoCaseStringCompare
NoopRemoval
PointerCopy
PointerRemoval
RobustFloatCompare
SimpleCompare",,,KeyPolicy,,,,
Color.h,changed_declarations,f14d37f78ec9867f1bef9083e3d923340878abf51bc2134863f8e6110b7f9bfc,46340eac9bc9388bc93b21f9a98bac149c384420e4a8282fe1b8279a67f7bd3d,,QRegExp,"Color
QColor
QString",,,,,,,
Column.h,identical,7f77972d4fdd9694a9253d4b8b858750ee92bdffbb70335e78d1aa416c8ee294,7f77972d4fdd9694a9253d4b8b858750ee92bdffbb70335e78d1aa416c8ee294,,,Column,,,"Align
Type",,,,
Commentor.h,identical,051e905386c55371360d07034bed6cf0533424f807263966955558d5af939f58,051e905386c55371360d07034bed6cf0533424f807263966955558d5af939f58,,,Commentor,,,,,,,
ConcurrentControlNetReader.h,identical,a78e5def61c7a184db22827d91d691bc875461c26adc4bcb1a400a7144d78275,a78e5def61c7a184db22827d91d691bc875461c26adc4bcb1a400a7144d78275,,,"ConcurrentControlNetReader
Control
FileName
FileNameToControlFunctor
Progress
ProgressBar
QAtomicPointer
QFutureWatcher",,,,,,,
ConnectionParentItem.h,identical,747c4913ed32ed1fe8b386327c78a7e13c36d7377f2bba31e0e408944bc4bdd8,747c4913ed32ed1fe8b386327c78a7e13c36d7377f2bba31e0e408944bc4bdd8,,,"ConnectionParentItem
ControlNet
QString",,,,,,,
Constants.h,identical,a835cda3b3d2fbcd6c3d526be0d830cb033b638dc136d87fc7041ed7ed3d280a,a835cda3b3d2fbcd6c3d526be0d830cb033b638dc136d87fc7041ed7ed3d280a,,,,,,,,,,
Control.h,identical,1afe0da8e932a424cca6825804134a217627a2d4bd1c9016fb520359ea0b0905,1afe0da8e932a424cca6825804134a217627a2d4bd1c9016fb520359ea0b0905,,,"Control
ControlDisplayProperties
ControlNet
FileName
Project
PvlObject
QMutex
QUuid
QXmlStreamWriter",,,,,,,
ControlByRow.h,identical,bf50e338549b1dba007d8a5c30765331a859342e5a7777ada18c5c8776af723b,bf50e338549b1dba007d8a5c30765331a859342e5a7777ada18c5c8776af723b,,,"ControlByRow
PointData
RowPoint",,,,,,,
ControlDisplayProperties.h,identical,bd2c4e55b82598aed380b160e082a51042a5ad235e82b110ec666f6f5f9b9062,bd2c4e55b82598aed380b160e082a51042a5ad235e82b110ec666f6f5f9b9062,,,"ControlDisplayProperties
FileName
Project
Pvl
PvlObject
QAction
QXmlStreamWriter",,,Property,,,,
ControlHealthMonitorView.h,identical,85be4bb14fd818f446b7210b7a0814071aa227ad3580df69693c5bfc89cf2be5,85be4bb14fd818f446b7210b7a0814071aa227ad3580df69693c5bfc89cf2be5,,,"Control
ControlHealthMonitorView
ControlHealthMonitorWidget
ControlNet
ControlPoint
Directory
ProjectItem
ToolPad",,,,,,,
ControlHealthMonitorWidget.h,identical,fd724e6894c23788adbf578b7d224fc4d83a4b4e127b50a507f6d0f3460bf079,fd724e6894c23788adbf578b7d224fc4d83a4b4e127b50a507f6d0f3460bf079,,,ControlHealthMonitorWidget,,,,,,,
ControlHealthMonitorWorkOrder.h,identical,e1135c21ace6df9f4e9b725ff2ddccdcfcfd19913d931e6a62709a641bdb25f3,e1135c21ace6df9f4e9b725ff2ddccdcfcfd19913d931e6a62709a641bdb25f3,,,"Control
ControlHealthMonitorWorkOrder",,,,,,,
ControlList.h,changed_declarations,bafd9a5fe3da3368ffcf08beedb52fe3011c287de4ceca40e01660b5a0934bad,d9165f424b3788e48afe9d8173f13fd57988e827c23fbaec968e7bd86146b302,,QStringList,"ControlList
CopyControlDataFunctor
FileName
QXmlStreamWriter",,,,,,,
ControlMeasure.h,changed_declarations,0db2781e60d01024a2ed239cb350c775123427b44150f13abac7385ee6027261,d59f3c5fc540a1dce108869fa69267ffc725d89613bfd428be752ca5a8227824,,"QStringList
QVector","Application
Camera
ControlMeasure
ControlMeasureLogData
ControlPoint
PvlGroup
PvlKeyword
QList
QString
QVariant",,,"DataField
MeasureType
ModType
Status",,,,
ControlMeasureEditWidget.h,identical,4344ff3f9a947cd5a9927013c20b0d14c569a8d80a963620413917c64721f594,4344ff3f9a947cd5a9927013c20b0d14c569a8d80a963620413917c64721f594,,,"AutoReg
Chip
ChipViewport
ControlMeasure
ControlMeasureEditWidget
ControlNet
ControlPoint
Cube
CubeViewport
QCheckBox
QDial
QDoubleSpinBox
QHBoxLayout
QLCDNumber
QLabel
QListWidget
QPalette
QPushButton
QRadioButton
QScrollBar
QString
QTimer
QToolButton
QVBoxLayout
SerialNumberList
Stretch
Tool
UniversalGroundMap",,,,,,,
ControlMeasureLogData.h,identical,880503c8ec91270f323abe72dec04c8ee8680f8d12b84f8da1037deb8ef0d3e9,880503c8ec91270f323abe72dec04c8ee8680f8d12b84f8da1037deb8ef0d3e9,,,"ControlMeasureLogData
PvlKeyword
QString
QVariant",,,NumericLogDataType,,,,
ControlNet.h,changed_declarations,eee8e8b854d10b83fbe27fd7ba487716f0769feb709dedcf15c22ac547f11bd4,e06faf0a04fa68dd886575a271f25f539f94a5d928cc88a0b377edcfd0f21a47,,QPair,"Camera
Connection
ControlMeasure
ControlMeasureLessThanFunctor
ControlNet
ControlPoint
Distance
Image
Progress
Pvl
QHash
QList
QMutex
QSet
QString
SerialNumberList",,,ModType,,,,
ControlNetDiff.h,identical,bab25e27ae3a428046e2ba219d32f5a610527c2d492027ce0b2e44736e693a91,bab25e27ae3a428046e2ba219d32f5a610527c2d492027ce0b2e44736e693a91,,,"ControlNet
ControlNetDiff
FileName
Pvl
PvlContainer
PvlKeyword
PvlObject
QMap
QSet",,,,,,,
ControlNetFileHeaderV0002.pb.h,changed_declarations,774960347f52f254ba3f0ad96820607f12e2ddc8acb1b9bc3244adc3bc74bf08,b784f693ab487bd7cca21cb1cc97dac88b682c0140575416cd6acc1d6b5d1004,,AnyMetadata,"ControlNetFileHeaderV0002
ControlNetFileHeaderV0002DefaultTypeInternal
Impl_
TableStruct_ControlNetFileHeaderV0002_2eproto
_Internal",,,,"::google::protobuf::Metadata GetMetadata()const;
::google::protobuf::RepeatedField<::int32_t>*PROTOBUF_NONNULL _internal_mutable_pointmessagesizes();
::google::protobuf::RepeatedField<::int32_t>*PROTOBUF_NONNULL mutable_pointmessagesizes();
::google::protobuf::internal::SizedDelete(msg,sizeof(ControlNetFileHeaderV0002));
::google::protobuf::internal::TSanRead(&_impl_);
::google::protobuf::internal::TSanWrite(&_impl_);
::std::string*PROTOBUF_NONNULL _internal_mutable_created();
::std::string*PROTOBUF_NONNULL _internal_mutable_description();
::std::string*PROTOBUF_NONNULL _internal_mutable_lastmodified();
::std::string*PROTOBUF_NONNULL _internal_mutable_networkid();
::std::string*PROTOBUF_NONNULL _internal_mutable_targetname();
::std::string*PROTOBUF_NONNULL _internal_mutable_username();
::std::string*PROTOBUF_NONNULL mutable_created();
::std::string*PROTOBUF_NONNULL mutable_description();
::std::string*PROTOBUF_NONNULL mutable_lastmodified();
::std::string*PROTOBUF_NONNULL mutable_networkid();
::std::string*PROTOBUF_NONNULL mutable_targetname();
::std::string*PROTOBUF_NONNULL mutable_username();
::std::string*_s=_internal_mutable_created();
::std::string*_s=_internal_mutable_description();
::std::string*_s=_internal_mutable_lastmodified();
::std::string*_s=_internal_mutable_networkid();
::std::string*_s=_internal_mutable_targetname();
::std::string*_s=_internal_mutable_username();
::uint8_t*PROTOBUF_NONNULL _InternalSerialize(::uint8_t*PROTOBUF_NONNULL target,::google::protobuf::io::EpsCopyOutputStream*PROTOBUF_NONNULL stream)const final;
ABSL_ATTRIBUTE_REINITIALIZES void Clear()PROTOBUF_FINAL;
ControlNetFileHeaderV0002(::google::protobuf::Arena*PROTOBUF_NULLABLE arena,const ControlNetFileHeaderV0002&from);
PROTOBUF_ALWAYS_INLINE void _internal_set_created(const::std::string&value);
PROTOBUF_ALWAYS_INLINE void _internal_set_description(const::std::string&value);
PROTOBUF_ALWAYS_INLINE void _internal_set_lastmodified(const::std::string&value);
PROTOBUF_ALWAYS_INLINE void _internal_set_networkid(const::std::string&value);
PROTOBUF_ALWAYS_INLINE void _internal_set_targetname(const::std::string&value);
PROTOBUF_ALWAYS_INLINE void _internal_set_username(const::std::string&value);
SharedDtor(*msg);
[[nodiscard]]::std::string*PROTOBUF_NULLABLE release_created();
[[nodiscard]]::std::string*PROTOBUF_NULLABLE release_description();
[[nodiscard]]::std::string*PROTOBUF_NULLABLE release_lastmodified();
[[nodiscard]]::std::string*PROTOBUF_NULLABLE release_networkid();
[[nodiscard]]::std::string*PROTOBUF_NULLABLE release_targetname();
[[nodiscard]]::std::string*PROTOBUF_NULLABLE release_username();
const::google::protobuf::internal::ClassData*PROTOBUF_NONNULL GetClassData()const PROTOBUF_FINAL;
const::std::string&_internal_created()const;
const::std::string&_internal_description()const;
const::std::string&_internal_lastmodified()const;
const::std::string&_internal_networkid()const;
const::std::string&_internal_targetname()const;
const::std::string&_internal_username()const;
const::std::string&created()const;
const::std::string&description()const;
const::std::string&lastmodified()const;
const::std::string&networkid()const;
const::std::string&targetname()const;
const::std::string&username()const;
explicit ControlNetFileHeaderV0002(::google::protobuf::Arena*PROTOBUF_NULLABLE arena);
inline explicit Impl_(::google::protobuf::internal::InternalVisibility visibility,::google::protobuf::Arena*PROTOBUF_NULLABLE arena);
inline explicit Impl_(::google::protobuf::internal::InternalVisibility visibility,::google::protobuf::Arena*PROTOBUF_NULLABLE arena,const Impl_&from,const ControlNetFileHeaderV0002&from_msg);
static bool IsInitializedImpl(const MessageLite&msg);
static constexpr auto InternalGenerateClassData_();
static constexpr auto InternalNewImpl_();
static void MergeImpl(::google::protobuf::MessageLite&to_msg,const::google::protobuf::MessageLite&from_msg);
static void SharedDtor(MessageLite&self);
static void*PROTOBUF_NONNULL PlacementNew_(const void*PROTOBUF_NONNULL,void*PROTOBUF_NONNULL mem,::google::protobuf::Arena*PROTOBUF_NULLABLE arena);
static::size_t ByteSizeLong(const::google::protobuf::MessageLite&msg);
static::uint8_t*PROTOBUF_NONNULL _InternalSerialize(const::google::protobuf::MessageLite&msg,::uint8_t*PROTOBUF_NONNULL target,::google::protobuf::io::EpsCopyOutputStream*PROTOBUF_NONNULL stream);
template<typename Arg_=const::std::string&,typename... Args_>void set_created(Arg_&&arg,Args_... args);
template<typename Arg_=const::std::string&,typename... Args_>void set_description(Arg_&&arg,Args_... args);
template<typename Arg_=const::std::string&,typename... Args_>void set_lastmodified(Arg_&&arg,Args_... args);
template<typename Arg_=const::std::string&,typename... Args_>void set_networkid(Arg_&&arg,Args_... args);
template<typename Arg_=const::std::string&,typename... Args_>void set_targetname(Arg_&&arg,Args_... args);
template<typename Arg_=const::std::string&,typename... Args_>void set_username(Arg_&&arg,Args_... args);
template<typename T>::absl::string_view GetAnyMessageName();
template<typename T>friend::absl::string_view(::google::protobuf::internal::GetAnyMessageName)();
void InternalSwap(ControlNetFileHeaderV0002*PROTOBUF_NONNULL other);
void SharedCtor(::google::protobuf::Arena*PROTOBUF_NULLABLE arena);
void set_allocated_created(::std::string*PROTOBUF_NULLABLE value);
void set_allocated_description(::std::string*PROTOBUF_NULLABLE value);
void set_allocated_lastmodified(::std::string*PROTOBUF_NULLABLE value);
void set_allocated_networkid(::std::string*PROTOBUF_NULLABLE value);
void set_allocated_targetname(::std::string*PROTOBUF_NULLABLE value);
void set_allocated_username(::std::string*PROTOBUF_NULLABLE value);
~ControlNetFileHeaderV0002()PROTOBUF_FINAL;","::google::protobuf::Metadata GetMetadata()const final;
::google::protobuf::RepeatedField<::int32_t>*_internal_mutable_pointmessagesizes();
::google::protobuf::RepeatedField<::int32_t>*mutable_pointmessagesizes();
::google::protobuf::internal::CachedSize*AccessCachedSize()const final;
::uint8_t*_InternalSerialize(::uint8_t*target,::google::protobuf::io::EpsCopyOutputStream*stream)const final;
ControlNetFileHeaderV0002(::google::protobuf::Arena*arena,const ControlNetFileHeaderV0002&from);
PROTOBUF_ATTRIBUTE_REINITIALIZES void Clear()final;
PROTOBUF_NODISCARD std::string*release_created();
PROTOBUF_NODISCARD std::string*release_description();
PROTOBUF_NODISCARD std::string*release_lastmodified();
PROTOBUF_NODISCARD std::string*release_networkid();
PROTOBUF_NODISCARD std::string*release_targetname();
PROTOBUF_NODISCARD std::string*release_username();
PROTOBUF_TSAN_READ(&_impl_._tsan_detect_race);
PROTOBUF_TSAN_WRITE(&_impl_._tsan_detect_race);
bool IsInitialized()const final;
const char*_InternalParse(const char*ptr,::google::protobuf::internal::ParseContext*ctx)final;
const std::string&_internal_created()const;
const std::string&_internal_description()const;
const std::string&_internal_lastmodified()const;
const std::string&_internal_networkid()const;
const std::string&_internal_targetname()const;
const std::string&_internal_username()const;
const std::string&created()const;
const std::string&description()const;
const std::string&lastmodified()const;
const std::string&networkid()const;
const std::string&targetname()const;
const std::string&username()const;
const::google::protobuf::Message::ClassData*GetClassData()const final;
explicit ControlNetFileHeaderV0002(::google::protobuf::Arena*arena);
inline PROTOBUF_ALWAYS_INLINE void _internal_set_created(const std::string&value);
inline PROTOBUF_ALWAYS_INLINE void _internal_set_description(const std::string&value);
inline PROTOBUF_ALWAYS_INLINE void _internal_set_lastmodified(const std::string&value);
inline PROTOBUF_ALWAYS_INLINE void _internal_set_networkid(const std::string&value);
inline PROTOBUF_ALWAYS_INLINE void _internal_set_targetname(const std::string&value);
inline PROTOBUF_ALWAYS_INLINE void _internal_set_username(const std::string&value);
inline explicit Impl_(::google::protobuf::internal::InternalVisibility visibility,::google::protobuf::Arena*arena);
inline explicit Impl_(::google::protobuf::internal::InternalVisibility visibility,::google::protobuf::Arena*arena,const Impl_&from);
static void MergeImpl(::google::protobuf::Message&to_msg,const::google::protobuf::Message&from_msg);
std::string*_internal_mutable_created();
std::string*_internal_mutable_description();
std::string*_internal_mutable_lastmodified();
std::string*_internal_mutable_networkid();
std::string*_internal_mutable_targetname();
std::string*_internal_mutable_username();
std::string*_s=_internal_mutable_created();
std::string*_s=_internal_mutable_description();
std::string*_s=_internal_mutable_lastmodified();
std::string*_s=_internal_mutable_networkid();
std::string*_s=_internal_mutable_targetname();
std::string*_s=_internal_mutable_username();
std::string*mutable_created();
std::string*mutable_description();
std::string*mutable_lastmodified();
std::string*mutable_networkid();
std::string*mutable_targetname();
std::string*mutable_username();
template<typename Arg_=const std::string&,typename... Args_>void set_created(Arg_&&arg,Args_... args);
template<typename Arg_=const std::string&,typename... Args_>void set_description(Arg_&&arg,Args_... args);
template<typename Arg_=const std::string&,typename... Args_>void set_lastmodified(Arg_&&arg,Args_... args);
template<typename Arg_=const std::string&,typename... Args_>void set_networkid(Arg_&&arg,Args_... args);
template<typename Arg_=const std::string&,typename... Args_>void set_targetname(Arg_&&arg,Args_... args);
template<typename Arg_=const std::string&,typename... Args_>void set_username(Arg_&&arg,Args_... args);
void InternalSwap(ControlNetFileHeaderV0002*other);
void SharedCtor(::google::protobuf::Arena*arena);
void SharedDtor();
void set_allocated_created(std::string*value);
void set_allocated_description(std::string*value);
void set_allocated_lastmodified(std::string*value);
void set_allocated_networkid(std::string*value);
void set_allocated_targetname(std::string*value);
void set_allocated_username(std::string*value);
~ControlNetFileHeaderV0002()override;",,
ControlNetFileHeaderV0005.pb.h,changed_declarations,297a91e87234abbe61dc6b1fa5639cef43a1ebb2dcfbe33dcae064be4d56d074,f83e161fd85a80bc5afc499fdf99507711cd61a2f378e07db30e5dd187f25195,,AnyMetadata,"ControlNetFileHeaderV0005
ControlNetFileHeaderV0005DefaultTypeInternal
Impl_
TableStruct_ControlNetFileHeaderV0005_2eproto
_Internal",,,,"::google::protobuf::Metadata GetMetadata()const;
::google::protobuf::RepeatedField<double>*PROTOBUF_NONNULL _internal_mutable_targetradii();
::google::protobuf::RepeatedField<double>*PROTOBUF_NONNULL mutable_targetradii();
::google::protobuf::internal::SizedDelete(msg,sizeof(ControlNetFileHeaderV0005));
::google::protobuf::internal::TSanRead(&_impl_);
::google::protobuf::internal::TSanWrite(&_impl_);
::std::string*PROTOBUF_NONNULL _internal_mutable_created();
::std::string*PROTOBUF_NONNULL _internal_mutable_description();
::std::string*PROTOBUF_NONNULL _internal_mutable_lastmodified();
::std::string*PROTOBUF_NONNULL _internal_mutable_networkid();
::std::string*PROTOBUF_NONNULL _internal_mutable_targetname();
::std::string*PROTOBUF_NONNULL _internal_mutable_username();
::std::string*PROTOBUF_NONNULL mutable_created();
::std::string*PROTOBUF_NONNULL mutable_description();
::std::string*PROTOBUF_NONNULL mutable_lastmodified();
::std::string*PROTOBUF_NONNULL mutable_networkid();
::std::string*PROTOBUF_NONNULL mutable_targetname();
::std::string*PROTOBUF_NONNULL mutable_username();
::std::string*_s=_internal_mutable_created();
::std::string*_s=_internal_mutable_description();
::std::string*_s=_internal_mutable_lastmodified();
::std::string*_s=_internal_mutable_networkid();
::std::string*_s=_internal_mutable_targetname();
::std::string*_s=_internal_mutable_username();
::uint8_t*PROTOBUF_NONNULL _InternalSerialize(::uint8_t*PROTOBUF_NONNULL target,::google::protobuf::io::EpsCopyOutputStream*PROTOBUF_NONNULL stream)const final;
ABSL_ATTRIBUTE_REINITIALIZES void Clear()PROTOBUF_FINAL;
ControlNetFileHeaderV0005(::google::protobuf::Arena*PROTOBUF_NULLABLE arena,const ControlNetFileHeaderV0005&from);
PROTOBUF_ALWAYS_INLINE void _internal_set_created(const::std::string&value);
PROTOBUF_ALWAYS_INLINE void _internal_set_description(const::std::string&value);
PROTOBUF_ALWAYS_INLINE void _internal_set_lastmodified(const::std::string&value);
PROTOBUF_ALWAYS_INLINE void _internal_set_networkid(const::std::string&value);
PROTOBUF_ALWAYS_INLINE void _internal_set_targetname(const::std::string&value);
PROTOBUF_ALWAYS_INLINE void _internal_set_username(const::std::string&value);
SharedDtor(*msg);
[[nodiscard]]::std::string*PROTOBUF_NULLABLE release_created();
[[nodiscard]]::std::string*PROTOBUF_NULLABLE release_description();
[[nodiscard]]::std::string*PROTOBUF_NULLABLE release_lastmodified();
[[nodiscard]]::std::string*PROTOBUF_NULLABLE release_networkid();
[[nodiscard]]::std::string*PROTOBUF_NULLABLE release_targetname();
[[nodiscard]]::std::string*PROTOBUF_NULLABLE release_username();
const::google::protobuf::internal::ClassData*PROTOBUF_NONNULL GetClassData()const PROTOBUF_FINAL;
const::std::string&_internal_created()const;
const::std::string&_internal_description()const;
const::std::string&_internal_lastmodified()const;
const::std::string&_internal_networkid()const;
const::std::string&_internal_targetname()const;
const::std::string&_internal_username()const;
const::std::string&created()const;
const::std::string&description()const;
const::std::string&lastmodified()const;
const::std::string&networkid()const;
const::std::string&targetname()const;
const::std::string&username()const;
explicit ControlNetFileHeaderV0005(::google::protobuf::Arena*PROTOBUF_NULLABLE arena);
inline explicit Impl_(::google::protobuf::internal::InternalVisibility visibility,::google::protobuf::Arena*PROTOBUF_NULLABLE arena);
inline explicit Impl_(::google::protobuf::internal::InternalVisibility visibility,::google::protobuf::Arena*PROTOBUF_NULLABLE arena,const Impl_&from,const ControlNetFileHeaderV0005&from_msg);
static bool IsInitializedImpl(const MessageLite&msg);
static constexpr auto InternalGenerateClassData_();
static constexpr auto InternalNewImpl_();
static void MergeImpl(::google::protobuf::MessageLite&to_msg,const::google::protobuf::MessageLite&from_msg);
static void SharedDtor(MessageLite&self);
static void*PROTOBUF_NONNULL PlacementNew_(const void*PROTOBUF_NONNULL,void*PROTOBUF_NONNULL mem,::google::protobuf::Arena*PROTOBUF_NULLABLE arena);
static::size_t ByteSizeLong(const::google::protobuf::MessageLite&msg);
static::uint8_t*PROTOBUF_NONNULL _InternalSerialize(const::google::protobuf::MessageLite&msg,::uint8_t*PROTOBUF_NONNULL target,::google::protobuf::io::EpsCopyOutputStream*PROTOBUF_NONNULL stream);
template<typename Arg_=const::std::string&,typename... Args_>void set_created(Arg_&&arg,Args_... args);
template<typename Arg_=const::std::string&,typename... Args_>void set_description(Arg_&&arg,Args_... args);
template<typename Arg_=const::std::string&,typename... Args_>void set_lastmodified(Arg_&&arg,Args_... args);
template<typename Arg_=const::std::string&,typename... Args_>void set_networkid(Arg_&&arg,Args_... args);
template<typename Arg_=const::std::string&,typename... Args_>void set_targetname(Arg_&&arg,Args_... args);
template<typename Arg_=const::std::string&,typename... Args_>void set_username(Arg_&&arg,Args_... args);
template<typename T>::absl::string_view GetAnyMessageName();
template<typename T>friend::absl::string_view(::google::protobuf::internal::GetAnyMessageName)();
void InternalSwap(ControlNetFileHeaderV0005*PROTOBUF_NONNULL other);
void SharedCtor(::google::protobuf::Arena*PROTOBUF_NULLABLE arena);
void set_allocated_created(::std::string*PROTOBUF_NULLABLE value);
void set_allocated_description(::std::string*PROTOBUF_NULLABLE value);
void set_allocated_lastmodified(::std::string*PROTOBUF_NULLABLE value);
void set_allocated_networkid(::std::string*PROTOBUF_NULLABLE value);
void set_allocated_targetname(::std::string*PROTOBUF_NULLABLE value);
void set_allocated_username(::std::string*PROTOBUF_NULLABLE value);
~ControlNetFileHeaderV0005()PROTOBUF_FINAL;","::google::protobuf::Metadata GetMetadata()const final;
::google::protobuf::RepeatedField<double>*_internal_mutable_targetradii();
::google::protobuf::RepeatedField<double>*mutable_targetradii();
::google::protobuf::internal::CachedSize*AccessCachedSize()const final;
::uint8_t*_InternalSerialize(::uint8_t*target,::google::protobuf::io::EpsCopyOutputStream*stream)const final;
ControlNetFileHeaderV0005(::google::protobuf::Arena*arena,const ControlNetFileHeaderV0005&from);
PROTOBUF_ATTRIBUTE_REINITIALIZES void Clear()final;
PROTOBUF_NODISCARD std::string*release_created();
PROTOBUF_NODISCARD std::string*release_description();
PROTOBUF_NODISCARD std::string*release_lastmodified();
PROTOBUF_NODISCARD std::string*release_networkid();
PROTOBUF_NODISCARD std::string*release_targetname();
PROTOBUF_NODISCARD std::string*release_username();
PROTOBUF_TSAN_READ(&_impl_._tsan_detect_race);
PROTOBUF_TSAN_WRITE(&_impl_._tsan_detect_race);
bool IsInitialized()const final;
const char*_InternalParse(const char*ptr,::google::protobuf::internal::ParseContext*ctx)final;
const std::string&_internal_created()const;
const std::string&_internal_description()const;
const std::string&_internal_lastmodified()const;
const std::string&_internal_networkid()const;
const std::string&_internal_targetname()const;
const std::string&_internal_username()const;
const std::string&created()const;
const std::string&description()const;
const std::string&lastmodified()const;
const std::string&networkid()const;
const std::string&targetname()const;
const std::string&username()const;
const::google::protobuf::Message::ClassData*GetClassData()const final;
explicit ControlNetFileHeaderV0005(::google::protobuf::Arena*arena);
inline PROTOBUF_ALWAYS_INLINE void _internal_set_created(const std::string&value);
inline PROTOBUF_ALWAYS_INLINE void _internal_set_description(const std::string&value);
inline PROTOBUF_ALWAYS_INLINE void _internal_set_lastmodified(const std::string&value);
inline PROTOBUF_ALWAYS_INLINE void _internal_set_networkid(const std::string&value);
inline PROTOBUF_ALWAYS_INLINE void _internal_set_targetname(const std::string&value);
inline PROTOBUF_ALWAYS_INLINE void _internal_set_username(const std::string&value);
inline explicit Impl_(::google::protobuf::internal::InternalVisibility visibility,::google::protobuf::Arena*arena);
inline explicit Impl_(::google::protobuf::internal::InternalVisibility visibility,::google::protobuf::Arena*arena,const Impl_&from);
static void MergeImpl(::google::protobuf::Message&to_msg,const::google::protobuf::Message&from_msg);
std::string*_internal_mutable_created();
std::string*_internal_mutable_description();
std::string*_internal_mutable_lastmodified();
std::string*_internal_mutable_networkid();
std::string*_internal_mutable_targetname();
std::string*_internal_mutable_username();
std::string*_s=_internal_mutable_created();
std::string*_s=_internal_mutable_description();
std::string*_s=_internal_mutable_lastmodified();
std::string*_s=_internal_mutable_networkid();
std::string*_s=_internal_mutable_targetname();
std::string*_s=_internal_mutable_username();
std::string*mutable_created();
std::string*mutable_description();
std::string*mutable_lastmodified();
std::string*mutable_networkid();
std::string*mutable_targetname();
std::string*mutable_username();
template<typename Arg_=const std::string&,typename... Args_>void set_created(Arg_&&arg,Args_... args);
template<typename Arg_=const std::string&,typename... Args_>void set_description(Arg_&&arg,Args_... args);
template<typename Arg_=const std::string&,typename... Args_>void set_lastmodified(Arg_&&arg,Args_... args);
template<typename Arg_=const std::string&,typename... Args_>void set_networkid(Arg_&&arg,Args_... args);
template<typename Arg_=const std::string&,typename... Args_>void set_targetname(Arg_&&arg,Args_... args);
template<typename Arg_=const std::string&,typename... Args_>void set_username(Arg_&&arg,Args_... args);
void InternalSwap(ControlNetFileHeaderV0005*other);
void SharedCtor(::google::protobuf::Arena*arena);
void SharedDtor();
void set_allocated_created(std::string*value);
void set_allocated_description(std::string*value);
void set_allocated_lastmodified(std::string*value);
void set_allocated_networkid(std::string*value);
void set_allocated_targetname(std::string*value);
void set_allocated_username(std::string*value);
~ControlNetFileHeaderV0005()override;",,
ControlNetFileProtoV0001.pb.h,changed_declarations,e06c9045f3d1df39b661eae12b45781249e979ea8d8ddafb7e99ee3a63d6dc4c,5d10af419464baee9ebe04ab9932e83c83d9ee661be4f3fd3f4562e872c35e06,,AnyMetadata,"ControlNetFileProtoV0001
ControlNetFileProtoV0001DefaultTypeInternal
ControlNetFileProtoV0001_PBControlPoint
ControlNetFileProtoV0001_PBControlPointDefaultTypeInternal
ControlNetFileProtoV0001_PBControlPoint_PBControlMeasure
ControlNetFileProtoV0001_PBControlPoint_PBControlMeasureDefaultTypeInternal
ControlNetFileProtoV0001_PBControlPoint_PBControlMeasure_PBMeasure
ControlNetFileProtoV0001_PBControlPoint_PBControlMeasure_PBMeasureDefaultTypeInternal
ControlNetFileProtoV0001_PBNetCubes
ControlNetFileProtoV0001_PBNetCubesDefaultTypeInternal
ControlNetFileProtoV0001_PBNetCubes_PBCubeList
ControlNetFileProtoV0001_PBNetCubes_PBCubeListDefaultTypeInternal
ControlNetFileProtoV0001_Pedigree
ControlNetFileProtoV0001_PedigreeDefaultTypeInternal
Impl_
TableStruct_ControlNetFileProtoV0001_2eproto
_Internal",,,"ControlNetFileProtoV0001_PBControlPoint_AprioriSource
ControlNetFileProtoV0001_PBControlPoint_PBControlMeasure_MeasureType
ControlNetFileProtoV0001_PBControlPoint_PointType","::Isis::ControlNetFileProtoV0001_PBControlPoint*PROTOBUF_NONNULL add_points();
::Isis::ControlNetFileProtoV0001_PBControlPoint*PROTOBUF_NONNULL mutable_points(int index);
::Isis::ControlNetFileProtoV0001_PBControlPoint_PBControlMeasure*PROTOBUF_NONNULL add_measures();
::Isis::ControlNetFileProtoV0001_PBControlPoint_PBControlMeasure*PROTOBUF_NONNULL mutable_measures(int index);
::Isis::ControlNetFileProtoV0001_PBControlPoint_PBControlMeasure_PBMeasure*PROTOBUF_NONNULL _internal_mutable_measurement();
::Isis::ControlNetFileProtoV0001_PBControlPoint_PBControlMeasure_PBMeasure*PROTOBUF_NONNULL mutable_measurement();
::Isis::ControlNetFileProtoV0001_PBControlPoint_PBControlMeasure_PBMeasure*PROTOBUF_NULLABLE unsafe_arena_release_measurement();
::Isis::ControlNetFileProtoV0001_PBNetCubes*PROTOBUF_NONNULL _internal_mutable_netcubes();
::Isis::ControlNetFileProtoV0001_PBNetCubes*PROTOBUF_NONNULL mutable_netcubes();
::Isis::ControlNetFileProtoV0001_PBNetCubes*PROTOBUF_NULLABLE unsafe_arena_release_netcubes();
::Isis::ControlNetFileProtoV0001_PBNetCubes_PBCubeList*PROTOBUF_NONNULL add_filelist();
::Isis::ControlNetFileProtoV0001_PBNetCubes_PBCubeList*PROTOBUF_NONNULL mutable_filelist(int index);
::Isis::ControlNetFileProtoV0001_Pedigree*PROTOBUF_NONNULL _internal_mutable_pedigree();
::Isis::ControlNetFileProtoV0001_Pedigree*PROTOBUF_NONNULL mutable_pedigree();
::Isis::ControlNetFileProtoV0001_Pedigree*PROTOBUF_NULLABLE unsafe_arena_release_pedigree();
::google::protobuf::Arena*submessage_arena=value->GetArena();
::google::protobuf::Metadata GetMetadata()const;
::google::protobuf::RepeatedField<double>*PROTOBUF_NONNULL _internal_mutable_adjustedcovar();
::google::protobuf::RepeatedField<double>*PROTOBUF_NONNULL _internal_mutable_aprioricovar();
::google::protobuf::RepeatedField<double>*PROTOBUF_NONNULL mutable_adjustedcovar();
::google::protobuf::RepeatedField<double>*PROTOBUF_NONNULL mutable_aprioricovar();
::google::protobuf::RepeatedPtrField<::Isis::ControlNetFileProtoV0001_PBControlPoint>*PROTOBUF_NONNULL _internal_mutable_points();
::google::protobuf::RepeatedPtrField<::Isis::ControlNetFileProtoV0001_PBControlPoint>*PROTOBUF_NONNULL mutable_points();
::google::protobuf::RepeatedPtrField<::Isis::ControlNetFileProtoV0001_PBControlPoint_PBControlMeasure>*PROTOBUF_NONNULL _internal_mutable_measures();
::google::protobuf::RepeatedPtrField<::Isis::ControlNetFileProtoV0001_PBControlPoint_PBControlMeasure>*PROTOBUF_NONNULL mutable_measures();
::google::protobuf::RepeatedPtrField<::Isis::ControlNetFileProtoV0001_PBNetCubes_PBCubeList>*PROTOBUF_NONNULL _internal_mutable_filelist();
::google::protobuf::RepeatedPtrField<::Isis::ControlNetFileProtoV0001_PBNetCubes_PBCubeList>*PROTOBUF_NONNULL mutable_filelist();
::google::protobuf::internal::SizedDelete(msg,sizeof(ControlNetFileProtoV0001));
::google::protobuf::internal::SizedDelete(msg,sizeof(ControlNetFileProtoV0001_PBControlPoint));
::google::protobuf::internal::SizedDelete(msg,sizeof(ControlNetFileProtoV0001_PBControlPoint_PBControlMeasure));
::google::protobuf::internal::SizedDelete(msg,sizeof(ControlNetFileProtoV0001_PBControlPoint_PBControlMeasure_PBMeasure));
::google::protobuf::internal::SizedDelete(msg,sizeof(ControlNetFileProtoV0001_PBNetCubes));
::google::protobuf::internal::SizedDelete(msg,sizeof(ControlNetFileProtoV0001_PBNetCubes_PBCubeList));
::google::protobuf::internal::SizedDelete(msg,sizeof(ControlNetFileProtoV0001_Pedigree));
::google::protobuf::internal::TSanRead(&_impl_);
::google::protobuf::internal::TSanWrite(&_impl_);
::std::string*PROTOBUF_NONNULL _internal_mutable_aprioriradiussourcefile();
::std::string*PROTOBUF_NONNULL _internal_mutable_apriorisurfpointsourcefile();
::std::string*PROTOBUF_NONNULL _internal_mutable_choosername();
::std::string*PROTOBUF_NONNULL _internal_mutable_created();
::std::string*PROTOBUF_NONNULL _internal_mutable_cubelistfile();
::std::string*PROTOBUF_NONNULL _internal_mutable_date();
::std::string*PROTOBUF_NONNULL _internal_mutable_datetime();
::std::string*PROTOBUF_NONNULL _internal_mutable_description();
::std::string*PROTOBUF_NONNULL _internal_mutable_filename();
::std::string*PROTOBUF_NONNULL _internal_mutable_id();
::std::string*PROTOBUF_NONNULL _internal_mutable_lastmodified();
::std::string*PROTOBUF_NONNULL _internal_mutable_networkid();
::std::string*PROTOBUF_NONNULL _internal_mutable_serialnumber();
::std::string*PROTOBUF_NONNULL _internal_mutable_targetname();
::std::string*PROTOBUF_NONNULL _internal_mutable_username();
::std::string*PROTOBUF_NONNULL mutable_aprioriradiussourcefile();
::std::string*PROTOBUF_NONNULL mutable_apriorisurfpointsourcefile();
::std::string*PROTOBUF_NONNULL mutable_choosername();
::std::string*PROTOBUF_NONNULL mutable_created();
::std::string*PROTOBUF_NONNULL mutable_cubelistfile();
::std::string*PROTOBUF_NONNULL mutable_date();
::std::string*PROTOBUF_NONNULL mutable_datetime();
::std::string*PROTOBUF_NONNULL mutable_description();
::std::string*PROTOBUF_NONNULL mutable_filename();
::std::string*PROTOBUF_NONNULL mutable_id();
::std::string*PROTOBUF_NONNULL mutable_lastmodified();
::std::string*PROTOBUF_NONNULL mutable_networkid();
::std::string*PROTOBUF_NONNULL mutable_serialnumber();
::std::string*PROTOBUF_NONNULL mutable_targetname();
::std::string*PROTOBUF_NONNULL mutable_username();
::std::string*_s=_internal_mutable_aprioriradiussourcefile();
::std::string*_s=_internal_mutable_apriorisurfpointsourcefile();
::std::string*_s=_internal_mutable_choosername();
::std::string*_s=_internal_mutable_created();
::std::string*_s=_internal_mutable_cubelistfile();
::std::string*_s=_internal_mutable_date();
::std::string*_s=_internal_mutable_datetime();
::std::string*_s=_internal_mutable_description();
::std::string*_s=_internal_mutable_filename();
::std::string*_s=_internal_mutable_id();
::std::string*_s=_internal_mutable_lastmodified();
::std::string*_s=_internal_mutable_networkid();
::std::string*_s=_internal_mutable_serialnumber();
::std::string*_s=_internal_mutable_targetname();
::std::string*_s=_internal_mutable_username();
::uint8_t*PROTOBUF_NONNULL _InternalSerialize(::uint8_t*PROTOBUF_NONNULL target,::google::protobuf::io::EpsCopyOutputStream*PROTOBUF_NONNULL stream)const final;
ABSL_ATTRIBUTE_REINITIALIZES void Clear()PROTOBUF_FINAL;
ControlNetFileProtoV0001(::google::protobuf::Arena*PROTOBUF_NULLABLE arena,const ControlNetFileProtoV0001&from);
ControlNetFileProtoV0001_PBControlPoint(::google::protobuf::Arena*PROTOBUF_NULLABLE arena,const ControlNetFileProtoV0001_PBControlPoint&from);
ControlNetFileProtoV0001_PBControlPoint_PBControlMeasure(::google::protobuf::Arena*PROTOBUF_NULLABLE arena,const ControlNetFileProtoV0001_PBControlPoint_PBControlMeasure&from);
ControlNetFileProtoV0001_PBControlPoint_PBControlMeasure_PBMeasure(::google::protobuf::Arena*PROTOBUF_NULLABLE arena,const ControlNetFileProtoV0001_PBControlPoint_PBControlMeasure_PBMeasure&from);
ControlNetFileProtoV0001_PBNetCubes(::google::protobuf::Arena*PROTOBUF_NULLABLE arena,const ControlNetFileProtoV0001_PBNetCubes&from);
ControlNetFileProtoV0001_PBNetCubes_PBCubeList(::google::protobuf::Arena*PROTOBUF_NULLABLE arena,const ControlNetFileProtoV0001_PBNetCubes_PBCubeList&from);
ControlNetFileProtoV0001_Pedigree(::google::protobuf::Arena*PROTOBUF_NULLABLE arena,const ControlNetFileProtoV0001_Pedigree&from);
PROTOBUF_ALWAYS_INLINE void _internal_set_aprioriradiussourcefile(const::std::string&value);
PROTOBUF_ALWAYS_INLINE void _internal_set_apriorisurfpointsourcefile(const::std::string&value);
PROTOBUF_ALWAYS_INLINE void _internal_set_choosername(const::std::string&value);
PROTOBUF_ALWAYS_INLINE void _internal_set_created(const::std::string&value);
PROTOBUF_ALWAYS_INLINE void _internal_set_cubelistfile(const::std::string&value);
PROTOBUF_ALWAYS_INLINE void _internal_set_date(const::std::string&value);
PROTOBUF_ALWAYS_INLINE void _internal_set_datetime(const::std::string&value);
PROTOBUF_ALWAYS_INLINE void _internal_set_description(const::std::string&value);
PROTOBUF_ALWAYS_INLINE void _internal_set_filename(const::std::string&value);
PROTOBUF_ALWAYS_INLINE void _internal_set_id(const::std::string&value);
PROTOBUF_ALWAYS_INLINE void _internal_set_lastmodified(const::std::string&value);
PROTOBUF_ALWAYS_INLINE void _internal_set_networkid(const::std::string&value);
PROTOBUF_ALWAYS_INLINE void _internal_set_serialnumber(const::std::string&value);
PROTOBUF_ALWAYS_INLINE void _internal_set_targetname(const::std::string&value);
PROTOBUF_ALWAYS_INLINE void _internal_set_username(const::std::string&value);
SharedDtor(*msg);
[[nodiscard]]::Isis::ControlNetFileProtoV0001_PBControlPoint_PBControlMeasure_PBMeasure*PROTOBUF_NULLABLE release_measurement();
[[nodiscard]]::Isis::ControlNetFileProtoV0001_PBNetCubes*PROTOBUF_NULLABLE release_netcubes();
[[nodiscard]]::Isis::ControlNetFileProtoV0001_Pedigree*PROTOBUF_NULLABLE release_pedigree();
[[nodiscard]]::std::string*PROTOBUF_NULLABLE release_aprioriradiussourcefile();
[[nodiscard]]::std::string*PROTOBUF_NULLABLE release_apriorisurfpointsourcefile();
[[nodiscard]]::std::string*PROTOBUF_NULLABLE release_choosername();
[[nodiscard]]::std::string*PROTOBUF_NULLABLE release_created();
[[nodiscard]]::std::string*PROTOBUF_NULLABLE release_cubelistfile();
[[nodiscard]]::std::string*PROTOBUF_NULLABLE release_date();
[[nodiscard]]::std::string*PROTOBUF_NULLABLE release_datetime();
[[nodiscard]]::std::string*PROTOBUF_NULLABLE release_description();
[[nodiscard]]::std::string*PROTOBUF_NULLABLE release_filename();
[[nodiscard]]::std::string*PROTOBUF_NULLABLE release_id();
[[nodiscard]]::std::string*PROTOBUF_NULLABLE release_lastmodified();
[[nodiscard]]::std::string*PROTOBUF_NULLABLE release_networkid();
[[nodiscard]]::std::string*PROTOBUF_NULLABLE release_serialnumber();
[[nodiscard]]::std::string*PROTOBUF_NULLABLE release_targetname();
[[nodiscard]]::std::string*PROTOBUF_NULLABLE release_username();
assert(::google::protobuf::internal::ValidateEnum(value,::Isis::ControlNetFileProtoV0001_PBControlPoint_AprioriSource_internal_data_));
assert(::google::protobuf::internal::ValidateEnum(value,::Isis::ControlNetFileProtoV0001_PBControlPoint_PBControlMeasure_MeasureType_internal_data_));
assert(::google::protobuf::internal::ValidateEnum(value,::Isis::ControlNetFileProtoV0001_PBControlPoint_PointType_internal_data_));
auto*p=::google::protobuf::Message::DefaultConstruct<::Isis::ControlNetFileProtoV0001_PBControlPoint_PBControlMeasure_PBMeasure>(GetArena());
auto*p=::google::protobuf::Message::DefaultConstruct<::Isis::ControlNetFileProtoV0001_PBNetCubes>(GetArena());
auto*p=::google::protobuf::Message::DefaultConstruct<::Isis::ControlNetFileProtoV0001_Pedigree>(GetArena());
const::google::protobuf::EnumDescriptor*PROTOBUF_NONNULL ControlNetFileProtoV0001_PBControlPoint_AprioriSource_descriptor();
const::google::protobuf::EnumDescriptor*PROTOBUF_NONNULL ControlNetFileProtoV0001_PBControlPoint_PBControlMeasure_MeasureType_descriptor();
const::google::protobuf::EnumDescriptor*PROTOBUF_NONNULL ControlNetFileProtoV0001_PBControlPoint_PointType_descriptor();
const::google::protobuf::internal::ClassData*PROTOBUF_NONNULL GetClassData()const PROTOBUF_FINAL;
const::std::string&_internal_aprioriradiussourcefile()const;
const::std::string&_internal_apriorisurfpointsourcefile()const;
const::std::string&_internal_choosername()const;
const::std::string&_internal_created()const;
const::std::string&_internal_cubelistfile()const;
const::std::string&_internal_date()const;
const::std::string&_internal_datetime()const;
const::std::string&_internal_description()const;
const::std::string&_internal_filename()const;
const::std::string&_internal_id()const;
const::std::string&_internal_lastmodified()const;
const::std::string&_internal_networkid()const;
const::std::string&_internal_serialnumber()const;
const::std::string&_internal_targetname()const;
const::std::string&_internal_username()const;
const::std::string&aprioriradiussourcefile()const;
const::std::string&apriorisurfpointsourcefile()const;
const::std::string&choosername()const;
const::std::string&created()const;
const::std::string&cubelistfile()const;
const::std::string&date()const;
const::std::string&datetime()const;
const::std::string&description()const;
const::std::string&filename()const;
const::std::string&id()const;
const::std::string&lastmodified()const;
const::std::string&networkid()const;
const::std::string&serialnumber()const;
const::std::string&targetname()const;
const::std::string&username()const;
explicit ControlNetFileProtoV0001(::google::protobuf::Arena*PROTOBUF_NULLABLE arena);
explicit ControlNetFileProtoV0001_PBControlPoint(::google::protobuf::Arena*PROTOBUF_NULLABLE arena);
explicit ControlNetFileProtoV0001_PBControlPoint_PBControlMeasure(::google::protobuf::Arena*PROTOBUF_NULLABLE arena);
explicit ControlNetFileProtoV0001_PBControlPoint_PBControlMeasure_PBMeasure(::google::protobuf::Arena*PROTOBUF_NULLABLE arena);
explicit ControlNetFileProtoV0001_PBNetCubes(::google::protobuf::Arena*PROTOBUF_NULLABLE arena);
explicit ControlNetFileProtoV0001_PBNetCubes_PBCubeList(::google::protobuf::Arena*PROTOBUF_NULLABLE arena);
explicit ControlNetFileProtoV0001_Pedigree(::google::protobuf::Arena*PROTOBUF_NULLABLE arena);
inline constexpr ControlNetFileProtoV0001_PBControlPoint_AprioriSource ControlNetFileProtoV0001_PBControlPoint_AprioriSource_AprioriSource_MAX=static_cast<ControlNetFileProtoV0001_PBControlPoint_AprioriSource>(7);
inline constexpr ControlNetFileProtoV0001_PBControlPoint_AprioriSource ControlNetFileProtoV0001_PBControlPoint_AprioriSource_AprioriSource_MIN=static_cast<ControlNetFileProtoV0001_PBControlPoint_AprioriSource>(0);
inline constexpr ControlNetFileProtoV0001_PBControlPoint_PBControlMeasure_MeasureType ControlNetFileProtoV0001_PBControlPoint_PBControlMeasure_MeasureType_MeasureType_MAX=static_cast<ControlNetFileProtoV0001_PBControlPoint_PBControlMeasure_MeasureType>(4);
inline constexpr ControlNetFileProtoV0001_PBControlPoint_PBControlMeasure_MeasureType ControlNetFileProtoV0001_PBControlPoint_PBControlMeasure_MeasureType_MeasureType_MIN=static_cast<ControlNetFileProtoV0001_PBControlPoint_PBControlMeasure_MeasureType>(1);
inline constexpr ControlNetFileProtoV0001_PBControlPoint_PointType ControlNetFileProtoV0001_PBControlPoint_PointType_PointType_MAX=static_cast<ControlNetFileProtoV0001_PBControlPoint_PointType>(1);
inline constexpr ControlNetFileProtoV0001_PBControlPoint_PointType ControlNetFileProtoV0001_PBControlPoint_PointType_PointType_MIN=static_cast<ControlNetFileProtoV0001_PBControlPoint_PointType>(0);
inline explicit Impl_(::google::protobuf::internal::InternalVisibility visibility,::google::protobuf::Arena*PROTOBUF_NULLABLE arena);
inline explicit Impl_(::google::protobuf::internal::InternalVisibility visibility,::google::protobuf::Arena*PROTOBUF_NULLABLE arena,const Impl_&from,const ControlNetFileProtoV0001&from_msg);
inline explicit Impl_(::google::protobuf::internal::InternalVisibility visibility,::google::protobuf::Arena*PROTOBUF_NULLABLE arena,const Impl_&from,const ControlNetFileProtoV0001_PBControlPoint&from_msg);
inline explicit Impl_(::google::protobuf::internal::InternalVisibility visibility,::google::protobuf::Arena*PROTOBUF_NULLABLE arena,const Impl_&from,const ControlNetFileProtoV0001_PBControlPoint_PBControlMeasure&from_msg);
inline explicit Impl_(::google::protobuf::internal::InternalVisibility visibility,::google::protobuf::Arena*PROTOBUF_NULLABLE arena,const Impl_&from,const ControlNetFileProtoV0001_PBControlPoint_PBControlMeasure_PBMeasure&from_msg);
inline explicit Impl_(::google::protobuf::internal::InternalVisibility visibility,::google::protobuf::Arena*PROTOBUF_NULLABLE arena,const Impl_&from,const ControlNetFileProtoV0001_PBNetCubes&from_msg);
inline explicit Impl_(::google::protobuf::internal::InternalVisibility visibility,::google::protobuf::Arena*PROTOBUF_NULLABLE arena,const Impl_&from,const ControlNetFileProtoV0001_PBNetCubes_PBCubeList&from_msg);
inline explicit Impl_(::google::protobuf::internal::InternalVisibility visibility,::google::protobuf::Arena*PROTOBUF_NULLABLE arena,const Impl_&from,const ControlNetFileProtoV0001_Pedigree&from_msg);
static bool IsInitializedImpl(const MessageLite&msg);
static constexpr auto InternalGenerateClassData_();
static constexpr auto InternalNewImpl_();
static void MergeImpl(::google::protobuf::MessageLite&to_msg,const::google::protobuf::MessageLite&from_msg);
static void SharedDtor(MessageLite&self);
static void*PROTOBUF_NONNULL PlacementNew_(const void*PROTOBUF_NONNULL,void*PROTOBUF_NONNULL mem,::google::protobuf::Arena*PROTOBUF_NULLABLE arena);
static::size_t ByteSizeLong(const::google::protobuf::MessageLite&msg);
static::uint8_t*PROTOBUF_NONNULL _InternalSerialize(const::google::protobuf::MessageLite&msg,::uint8_t*PROTOBUF_NONNULL target,::google::protobuf::io::EpsCopyOutputStream*PROTOBUF_NONNULL stream);
static_assert(::std::is_same<T,ControlNetFileProtoV0001_PBControlPoint_AprioriSource>::value ||::std::is_integral<T>::value,""Incorrect type passed to AprioriSource_Name()."");
static_assert(::std::is_same<T,ControlNetFileProtoV0001_PBControlPoint_PBControlMeasure_MeasureType>::value ||::std::is_integral<T>::value,""Incorrect type passed to MeasureType_Name()."");
static_assert(::std::is_same<T,ControlNetFileProtoV0001_PBControlPoint_PointType>::value ||::std::is_integral<T>::value,""Incorrect type passed to PointType_Name()."");
template<typename Arg_=const::std::string&,typename... Args_>void set_aprioriradiussourcefile(Arg_&&arg,Args_... args);
template<typename Arg_=const::std::string&,typename... Args_>void set_apriorisurfpointsourcefile(Arg_&&arg,Args_... args);
template<typename Arg_=const::std::string&,typename... Args_>void set_choosername(Arg_&&arg,Args_... args);
template<typename Arg_=const::std::string&,typename... Args_>void set_created(Arg_&&arg,Args_... args);
template<typename Arg_=const::std::string&,typename... Args_>void set_cubelistfile(Arg_&&arg,Args_... args);
template<typename Arg_=const::std::string&,typename... Args_>void set_date(Arg_&&arg,Args_... args);
template<typename Arg_=const::std::string&,typename... Args_>void set_datetime(Arg_&&arg,Args_... args);
template<typename Arg_=const::std::string&,typename... Args_>void set_description(Arg_&&arg,Args_... args);
template<typename Arg_=const::std::string&,typename... Args_>void set_filename(Arg_&&arg,Args_... args);
template<typename Arg_=const::std::string&,typename... Args_>void set_id(Arg_&&arg,Args_... args);
template<typename Arg_=const::std::string&,typename... Args_>void set_lastmodified(Arg_&&arg,Args_... args);
template<typename Arg_=const::std::string&,typename... Args_>void set_networkid(Arg_&&arg,Args_... args);
template<typename Arg_=const::std::string&,typename... Args_>void set_serialnumber(Arg_&&arg,Args_... args);
template<typename Arg_=const::std::string&,typename... Args_>void set_targetname(Arg_&&arg,Args_... args);
template<typename Arg_=const::std::string&,typename... Args_>void set_username(Arg_&&arg,Args_... args);
template<typename T>::absl::string_view GetAnyMessageName();
template<typename T>friend::absl::string_view(::google::protobuf::internal::GetAnyMessageName)();
void InternalSwap(ControlNetFileProtoV0001*PROTOBUF_NONNULL other);
void InternalSwap(ControlNetFileProtoV0001_PBControlPoint*PROTOBUF_NONNULL other);
void InternalSwap(ControlNetFileProtoV0001_PBControlPoint_PBControlMeasure*PROTOBUF_NONNULL other);
void InternalSwap(ControlNetFileProtoV0001_PBControlPoint_PBControlMeasure_PBMeasure*PROTOBUF_NONNULL other);
void InternalSwap(ControlNetFileProtoV0001_PBNetCubes*PROTOBUF_NONNULL other);
void InternalSwap(ControlNetFileProtoV0001_PBNetCubes_PBCubeList*PROTOBUF_NONNULL other);
void InternalSwap(ControlNetFileProtoV0001_Pedigree*PROTOBUF_NONNULL other);
void SharedCtor(::google::protobuf::Arena*PROTOBUF_NULLABLE arena);
void set_allocated_aprioriradiussourcefile(::std::string*PROTOBUF_NULLABLE value);
void set_allocated_apriorisurfpointsourcefile(::std::string*PROTOBUF_NULLABLE value);
void set_allocated_choosername(::std::string*PROTOBUF_NULLABLE value);
void set_allocated_created(::std::string*PROTOBUF_NULLABLE value);
void set_allocated_cubelistfile(::std::string*PROTOBUF_NULLABLE value);
void set_allocated_date(::std::string*PROTOBUF_NULLABLE value);
void set_allocated_datetime(::std::string*PROTOBUF_NULLABLE value);
void set_allocated_description(::std::string*PROTOBUF_NULLABLE value);
void set_allocated_filename(::std::string*PROTOBUF_NULLABLE value);
void set_allocated_id(::std::string*PROTOBUF_NULLABLE value);
void set_allocated_lastmodified(::std::string*PROTOBUF_NULLABLE value);
void set_allocated_measurement(::Isis::ControlNetFileProtoV0001_PBControlPoint_PBControlMeasure_PBMeasure*PROTOBUF_NULLABLE value);
void set_allocated_netcubes(::Isis::ControlNetFileProtoV0001_PBNetCubes*PROTOBUF_NULLABLE value);
void set_allocated_networkid(::std::string*PROTOBUF_NULLABLE value);
void set_allocated_pedigree(::Isis::ControlNetFileProtoV0001_Pedigree*PROTOBUF_NULLABLE value);
void set_allocated_serialnumber(::std::string*PROTOBUF_NULLABLE value);
void set_allocated_targetname(::std::string*PROTOBUF_NULLABLE value);
void set_allocated_username(::std::string*PROTOBUF_NULLABLE value);
void unsafe_arena_set_allocated_measurement(::Isis::ControlNetFileProtoV0001_PBControlPoint_PBControlMeasure_PBMeasure*PROTOBUF_NULLABLE value);
void unsafe_arena_set_allocated_netcubes(::Isis::ControlNetFileProtoV0001_PBNetCubes*PROTOBUF_NULLABLE value);
void unsafe_arena_set_allocated_pedigree(::Isis::ControlNetFileProtoV0001_Pedigree*PROTOBUF_NULLABLE value);
~ControlNetFileProtoV0001()PROTOBUF_FINAL;
~ControlNetFileProtoV0001_PBControlPoint()PROTOBUF_FINAL;
~ControlNetFileProtoV0001_PBControlPoint_PBControlMeasure()PROTOBUF_FINAL;
~ControlNetFileProtoV0001_PBControlPoint_PBControlMeasure_PBMeasure()PROTOBUF_FINAL;
~ControlNetFileProtoV0001_PBNetCubes()PROTOBUF_FINAL;
~ControlNetFileProtoV0001_PBNetCubes_PBCubeList()PROTOBUF_FINAL;
~ControlNetFileProtoV0001_Pedigree()PROTOBUF_FINAL;","::Isis::ControlNetFileProtoV0001_PBControlPoint*add_points();
::Isis::ControlNetFileProtoV0001_PBControlPoint*mutable_points(int index);
::Isis::ControlNetFileProtoV0001_PBControlPoint_PBControlMeasure*add_measures();
::Isis::ControlNetFileProtoV0001_PBControlPoint_PBControlMeasure*mutable_measures(int index);
::Isis::ControlNetFileProtoV0001_PBControlPoint_PBControlMeasure_PBMeasure*_internal_mutable_measurement();
::Isis::ControlNetFileProtoV0001_PBControlPoint_PBControlMeasure_PBMeasure*mutable_measurement();
::Isis::ControlNetFileProtoV0001_PBControlPoint_PBControlMeasure_PBMeasure*unsafe_arena_release_measurement();
::Isis::ControlNetFileProtoV0001_PBNetCubes*_internal_mutable_netcubes();
::Isis::ControlNetFileProtoV0001_PBNetCubes*mutable_netcubes();
::Isis::ControlNetFileProtoV0001_PBNetCubes*unsafe_arena_release_netcubes();
::Isis::ControlNetFileProtoV0001_PBNetCubes_PBCubeList*add_filelist();
::Isis::ControlNetFileProtoV0001_PBNetCubes_PBCubeList*mutable_filelist(int index);
::Isis::ControlNetFileProtoV0001_Pedigree*_internal_mutable_pedigree();
::Isis::ControlNetFileProtoV0001_Pedigree*mutable_pedigree();
::Isis::ControlNetFileProtoV0001_Pedigree*unsafe_arena_release_pedigree();
::google::protobuf::Arena*submessage_arena=reinterpret_cast<::Isis::ControlNetFileProtoV0001_PBControlPoint_PBControlMeasure_PBMeasure*>(value)->GetArena();
::google::protobuf::Arena*submessage_arena=reinterpret_cast<::Isis::ControlNetFileProtoV0001_PBNetCubes*>(value)->GetArena();
::google::protobuf::Arena*submessage_arena=reinterpret_cast<::Isis::ControlNetFileProtoV0001_Pedigree*>(value)->GetArena();
::google::protobuf::Metadata GetMetadata()const final;
::google::protobuf::RepeatedField<double>*_internal_mutable_adjustedcovar();
::google::protobuf::RepeatedField<double>*_internal_mutable_aprioricovar();
::google::protobuf::RepeatedField<double>*mutable_adjustedcovar();
::google::protobuf::RepeatedField<double>*mutable_aprioricovar();
::google::protobuf::RepeatedPtrField<::Isis::ControlNetFileProtoV0001_PBControlPoint>*_internal_mutable_points();
::google::protobuf::RepeatedPtrField<::Isis::ControlNetFileProtoV0001_PBControlPoint>*mutable_points();
::google::protobuf::RepeatedPtrField<::Isis::ControlNetFileProtoV0001_PBControlPoint_PBControlMeasure>*_internal_mutable_measures();
::google::protobuf::RepeatedPtrField<::Isis::ControlNetFileProtoV0001_PBControlPoint_PBControlMeasure>*mutable_measures();
::google::protobuf::RepeatedPtrField<::Isis::ControlNetFileProtoV0001_PBNetCubes_PBCubeList>*_internal_mutable_filelist();
::google::protobuf::RepeatedPtrField<::Isis::ControlNetFileProtoV0001_PBNetCubes_PBCubeList>*mutable_filelist();
::google::protobuf::internal::CachedSize*AccessCachedSize()const final;
::uint8_t*_InternalSerialize(::uint8_t*target,::google::protobuf::io::EpsCopyOutputStream*stream)const final;
ControlNetFileProtoV0001(::google::protobuf::Arena*arena,const ControlNetFileProtoV0001&from);
ControlNetFileProtoV0001_PBControlPoint(::google::protobuf::Arena*arena,const ControlNetFileProtoV0001_PBControlPoint&from);
ControlNetFileProtoV0001_PBControlPoint_PBControlMeasure(::google::protobuf::Arena*arena,const ControlNetFileProtoV0001_PBControlPoint_PBControlMeasure&from);
ControlNetFileProtoV0001_PBControlPoint_PBControlMeasure_PBMeasure(::google::protobuf::Arena*arena,const ControlNetFileProtoV0001_PBControlPoint_PBControlMeasure_PBMeasure&from);
ControlNetFileProtoV0001_PBNetCubes(::google::protobuf::Arena*arena,const ControlNetFileProtoV0001_PBNetCubes&from);
ControlNetFileProtoV0001_PBNetCubes_PBCubeList(::google::protobuf::Arena*arena,const ControlNetFileProtoV0001_PBNetCubes_PBCubeList&from);
ControlNetFileProtoV0001_Pedigree(::google::protobuf::Arena*arena,const ControlNetFileProtoV0001_Pedigree&from);
PROTOBUF_ATTRIBUTE_REINITIALIZES void Clear()final;
PROTOBUF_NODISCARD std::string*release_aprioriradiussourcefile();
PROTOBUF_NODISCARD std::string*release_apriorisurfpointsourcefile();
PROTOBUF_NODISCARD std::string*release_choosername();
PROTOBUF_NODISCARD std::string*release_created();
PROTOBUF_NODISCARD std::string*release_cubelistfile();
PROTOBUF_NODISCARD std::string*release_date();
PROTOBUF_NODISCARD std::string*release_datetime();
PROTOBUF_NODISCARD std::string*release_description();
PROTOBUF_NODISCARD std::string*release_filename();
PROTOBUF_NODISCARD std::string*release_id();
PROTOBUF_NODISCARD std::string*release_lastmodified();
PROTOBUF_NODISCARD std::string*release_networkid();
PROTOBUF_NODISCARD std::string*release_serialnumber();
PROTOBUF_NODISCARD std::string*release_targetname();
PROTOBUF_NODISCARD std::string*release_username();
PROTOBUF_NODISCARD::Isis::ControlNetFileProtoV0001_PBControlPoint_PBControlMeasure_PBMeasure*release_measurement();
PROTOBUF_NODISCARD::Isis::ControlNetFileProtoV0001_PBNetCubes*release_netcubes();
PROTOBUF_NODISCARD::Isis::ControlNetFileProtoV0001_Pedigree*release_pedigree();
PROTOBUF_TSAN_READ(&_impl_._tsan_detect_race);
PROTOBUF_TSAN_WRITE(&_impl_._tsan_detect_race);
assert(::Isis::ControlNetFileProtoV0001_PBControlPoint_AprioriSource_IsValid(value));
assert(::Isis::ControlNetFileProtoV0001_PBControlPoint_PBControlMeasure_MeasureType_IsValid(value));
assert(::Isis::ControlNetFileProtoV0001_PBControlPoint_PointType_IsValid(value));
auto*p=CreateMaybeMessage<::Isis::ControlNetFileProtoV0001_PBControlPoint_PBControlMeasure_PBMeasure>(GetArena());
auto*p=CreateMaybeMessage<::Isis::ControlNetFileProtoV0001_PBNetCubes>(GetArena());
auto*p=CreateMaybeMessage<::Isis::ControlNetFileProtoV0001_Pedigree>(GetArena());
bool ControlNetFileProtoV0001_PBControlPoint_AprioriSource_IsValid(int value);
bool ControlNetFileProtoV0001_PBControlPoint_PBControlMeasure_MeasureType_IsValid(int value);
bool ControlNetFileProtoV0001_PBControlPoint_PointType_IsValid(int value);
bool IsInitialized()const final;
const char*_InternalParse(const char*ptr,::google::protobuf::internal::ParseContext*ctx)final;
const std::string&_internal_aprioriradiussourcefile()const;
const std::string&_internal_apriorisurfpointsourcefile()const;
const std::string&_internal_choosername()const;
const std::string&_internal_created()const;
const std::string&_internal_cubelistfile()const;
const std::string&_internal_date()const;
const std::string&_internal_datetime()const;
const std::string&_internal_description()const;
const std::string&_internal_filename()const;
const std::string&_internal_id()const;
const std::string&_internal_lastmodified()const;
const std::string&_internal_networkid()const;
const std::string&_internal_serialnumber()const;
const std::string&_internal_targetname()const;
const std::string&_internal_username()const;
const std::string&aprioriradiussourcefile()const;
const std::string&apriorisurfpointsourcefile()const;
const std::string&choosername()const;
const std::string&created()const;
const std::string&cubelistfile()const;
const std::string&date()const;
const std::string&datetime()const;
const std::string&description()const;
const std::string&filename()const;
const std::string&id()const;
const std::string&lastmodified()const;
const std::string&networkid()const;
const std::string&serialnumber()const;
const std::string&targetname()const;
const std::string&username()const;
const::google::protobuf::EnumDescriptor*ControlNetFileProtoV0001_PBControlPoint_AprioriSource_descriptor();
const::google::protobuf::EnumDescriptor*ControlNetFileProtoV0001_PBControlPoint_PBControlMeasure_MeasureType_descriptor();
const::google::protobuf::EnumDescriptor*ControlNetFileProtoV0001_PBControlPoint_PointType_descriptor();
const::google::protobuf::Message::ClassData*GetClassData()const final;
constexpr ControlNetFileProtoV0001_PBControlPoint_AprioriSource ControlNetFileProtoV0001_PBControlPoint_AprioriSource_AprioriSource_MAX=static_cast<ControlNetFileProtoV0001_PBControlPoint_AprioriSource>(7);
constexpr ControlNetFileProtoV0001_PBControlPoint_AprioriSource ControlNetFileProtoV0001_PBControlPoint_AprioriSource_AprioriSource_MIN=static_cast<ControlNetFileProtoV0001_PBControlPoint_AprioriSource>(0);
constexpr ControlNetFileProtoV0001_PBControlPoint_PBControlMeasure_MeasureType ControlNetFileProtoV0001_PBControlPoint_PBControlMeasure_MeasureType_MeasureType_MAX=static_cast<ControlNetFileProtoV0001_PBControlPoint_PBControlMeasure_MeasureType>(4);
constexpr ControlNetFileProtoV0001_PBControlPoint_PBControlMeasure_MeasureType ControlNetFileProtoV0001_PBControlPoint_PBControlMeasure_MeasureType_MeasureType_MIN=static_cast<ControlNetFileProtoV0001_PBControlPoint_PBControlMeasure_MeasureType>(1);
constexpr ControlNetFileProtoV0001_PBControlPoint_PointType ControlNetFileProtoV0001_PBControlPoint_PointType_PointType_MAX=static_cast<ControlNetFileProtoV0001_PBControlPoint_PointType>(1);
constexpr ControlNetFileProtoV0001_PBControlPoint_PointType ControlNetFileProtoV0001_PBControlPoint_PointType_PointType_MIN=static_cast<ControlNetFileProtoV0001_PBControlPoint_PointType>(0);
delete reinterpret_cast<::Isis::ControlNetFileProtoV0001_PBControlPoint_PBControlMeasure_PBMeasure*>(_impl_.measurement_);
delete reinterpret_cast<::Isis::ControlNetFileProtoV0001_PBNetCubes*>(_impl_.netcubes_);
delete reinterpret_cast<::Isis::ControlNetFileProtoV0001_Pedigree*>(_impl_.pedigree_);
explicit ControlNetFileProtoV0001(::google::protobuf::Arena*arena);
explicit ControlNetFileProtoV0001_PBControlPoint(::google::protobuf::Arena*arena);
explicit ControlNetFileProtoV0001_PBControlPoint_PBControlMeasure(::google::protobuf::Arena*arena);
explicit ControlNetFileProtoV0001_PBControlPoint_PBControlMeasure_PBMeasure(::google::protobuf::Arena*arena);
explicit ControlNetFileProtoV0001_PBNetCubes(::google::protobuf::Arena*arena);
explicit ControlNetFileProtoV0001_PBNetCubes_PBCubeList(::google::protobuf::Arena*arena);
explicit ControlNetFileProtoV0001_Pedigree(::google::protobuf::Arena*arena);
inline PROTOBUF_ALWAYS_INLINE void _internal_set_aprioriradiussourcefile(const std::string&value);
inline PROTOBUF_ALWAYS_INLINE void _internal_set_apriorisurfpointsourcefile(const std::string&value);
inline PROTOBUF_ALWAYS_INLINE void _internal_set_choosername(const std::string&value);
inline PROTOBUF_ALWAYS_INLINE void _internal_set_created(const std::string&value);
inline PROTOBUF_ALWAYS_INLINE void _internal_set_cubelistfile(const std::string&value);
inline PROTOBUF_ALWAYS_INLINE void _internal_set_date(const std::string&value);
inline PROTOBUF_ALWAYS_INLINE void _internal_set_datetime(const std::string&value);
inline PROTOBUF_ALWAYS_INLINE void _internal_set_description(const std::string&value);
inline PROTOBUF_ALWAYS_INLINE void _internal_set_filename(const std::string&value);
inline PROTOBUF_ALWAYS_INLINE void _internal_set_id(const std::string&value);
inline PROTOBUF_ALWAYS_INLINE void _internal_set_lastmodified(const std::string&value);
inline PROTOBUF_ALWAYS_INLINE void _internal_set_networkid(const std::string&value);
inline PROTOBUF_ALWAYS_INLINE void _internal_set_serialnumber(const std::string&value);
inline PROTOBUF_ALWAYS_INLINE void _internal_set_targetname(const std::string&value);
inline PROTOBUF_ALWAYS_INLINE void _internal_set_username(const std::string&value);
inline explicit Impl_(::google::protobuf::internal::InternalVisibility visibility,::google::protobuf::Arena*arena);
inline explicit Impl_(::google::protobuf::internal::InternalVisibility visibility,::google::protobuf::Arena*arena,const Impl_&from);
static void MergeImpl(::google::protobuf::Message&to_msg,const::google::protobuf::Message&from_msg);
static_assert(std::is_same<T,ControlNetFileProtoV0001_PBControlPoint_AprioriSource>::value || std::is_integral<T>::value,""Incorrect type passed to AprioriSource_Name()."");
static_assert(std::is_same<T,ControlNetFileProtoV0001_PBControlPoint_PBControlMeasure_MeasureType>::value || std::is_integral<T>::value,""Incorrect type passed to MeasureType_Name()."");
static_assert(std::is_same<T,ControlNetFileProtoV0001_PBControlPoint_PointType>::value || std::is_integral<T>::value,""Incorrect type passed to PointType_Name()."");
std::string*_internal_mutable_aprioriradiussourcefile();
std::string*_internal_mutable_apriorisurfpointsourcefile();
std::string*_internal_mutable_choosername();
std::string*_internal_mutable_created();
std::string*_internal_mutable_cubelistfile();
std::string*_internal_mutable_date();
std::string*_internal_mutable_datetime();
std::string*_internal_mutable_description();
std::string*_internal_mutable_filename();
std::string*_internal_mutable_id();
std::string*_internal_mutable_lastmodified();
std::string*_internal_mutable_networkid();
std::string*_internal_mutable_serialnumber();
std::string*_internal_mutable_targetname();
std::string*_internal_mutable_username();
std::string*_s=_internal_mutable_aprioriradiussourcefile();
std::string*_s=_internal_mutable_apriorisurfpointsourcefile();
std::string*_s=_internal_mutable_choosername();
std::string*_s=_internal_mutable_created();
std::string*_s=_internal_mutable_cubelistfile();
std::string*_s=_internal_mutable_date();
std::string*_s=_internal_mutable_datetime();
std::string*_s=_internal_mutable_description();
std::string*_s=_internal_mutable_filename();
std::string*_s=_internal_mutable_id();
std::string*_s=_internal_mutable_lastmodified();
std::string*_s=_internal_mutable_networkid();
std::string*_s=_internal_mutable_serialnumber();
std::string*_s=_internal_mutable_targetname();
std::string*_s=_internal_mutable_username();
std::string*mutable_aprioriradiussourcefile();
std::string*mutable_apriorisurfpointsourcefile();
std::string*mutable_choosername();
std::string*mutable_created();
std::string*mutable_cubelistfile();
std::string*mutable_date();
std::string*mutable_datetime();
std::string*mutable_description();
std::string*mutable_filename();
std::string*mutable_id();
std::string*mutable_lastmodified();
std::string*mutable_networkid();
std::string*mutable_serialnumber();
std::string*mutable_targetname();
std::string*mutable_username();
template<typename Arg_=const std::string&,typename... Args_>void set_aprioriradiussourcefile(Arg_&&arg,Args_... args);
template<typename Arg_=const std::string&,typename... Args_>void set_apriorisurfpointsourcefile(Arg_&&arg,Args_... args);
template<typename Arg_=const std::string&,typename... Args_>void set_choosername(Arg_&&arg,Args_... args);
template<typename Arg_=const std::string&,typename... Args_>void set_created(Arg_&&arg,Args_... args);
template<typename Arg_=const std::string&,typename... Args_>void set_cubelistfile(Arg_&&arg,Args_... args);
template<typename Arg_=const std::string&,typename... Args_>void set_date(Arg_&&arg,Args_... args);
template<typename Arg_=const std::string&,typename... Args_>void set_datetime(Arg_&&arg,Args_... args);
template<typename Arg_=const std::string&,typename... Args_>void set_description(Arg_&&arg,Args_... args);
template<typename Arg_=const std::string&,typename... Args_>void set_filename(Arg_&&arg,Args_... args);
template<typename Arg_=const std::string&,typename... Args_>void set_id(Arg_&&arg,Args_... args);
template<typename Arg_=const std::string&,typename... Args_>void set_lastmodified(Arg_&&arg,Args_... args);
template<typename Arg_=const std::string&,typename... Args_>void set_networkid(Arg_&&arg,Args_... args);
template<typename Arg_=const std::string&,typename... Args_>void set_serialnumber(Arg_&&arg,Args_... args);
template<typename Arg_=const std::string&,typename... Args_>void set_targetname(Arg_&&arg,Args_... args);
template<typename Arg_=const std::string&,typename... Args_>void set_username(Arg_&&arg,Args_... args);
void InternalSwap(ControlNetFileProtoV0001*other);
void InternalSwap(ControlNetFileProtoV0001_PBControlPoint*other);
void InternalSwap(ControlNetFileProtoV0001_PBControlPoint_PBControlMeasure*other);
void InternalSwap(ControlNetFileProtoV0001_PBControlPoint_PBControlMeasure_PBMeasure*other);
void InternalSwap(ControlNetFileProtoV0001_PBNetCubes*other);
void InternalSwap(ControlNetFileProtoV0001_PBNetCubes_PBCubeList*other);
void InternalSwap(ControlNetFileProtoV0001_Pedigree*other);
void SharedCtor(::google::protobuf::Arena*arena);
void SharedDtor();
void set_allocated_aprioriradiussourcefile(std::string*value);
void set_allocated_apriorisurfpointsourcefile(std::string*value);
void set_allocated_choosername(std::string*value);
void set_allocated_created(std::string*value);
void set_allocated_cubelistfile(std::string*value);
void set_allocated_date(std::string*value);
void set_allocated_datetime(std::string*value);
void set_allocated_description(std::string*value);
void set_allocated_filename(std::string*value);
void set_allocated_id(std::string*value);
void set_allocated_lastmodified(std::string*value);
void set_allocated_measurement(::Isis::ControlNetFileProtoV0001_PBControlPoint_PBControlMeasure_PBMeasure*value);
void set_allocated_netcubes(::Isis::ControlNetFileProtoV0001_PBNetCubes*value);
void set_allocated_networkid(std::string*value);
void set_allocated_pedigree(::Isis::ControlNetFileProtoV0001_Pedigree*value);
void set_allocated_serialnumber(std::string*value);
void set_allocated_targetname(std::string*value);
void set_allocated_username(std::string*value);
void unsafe_arena_set_allocated_measurement(::Isis::ControlNetFileProtoV0001_PBControlPoint_PBControlMeasure_PBMeasure*value);
void unsafe_arena_set_allocated_netcubes(::Isis::ControlNetFileProtoV0001_PBNetCubes*value);
void unsafe_arena_set_allocated_pedigree(::Isis::ControlNetFileProtoV0001_Pedigree*value);
~ControlNetFileProtoV0001()override;
~ControlNetFileProtoV0001_PBControlPoint()override;
~ControlNetFileProtoV0001_PBControlPoint_PBControlMeasure()override;
~ControlNetFileProtoV0001_PBControlPoint_PBControlMeasure_PBMeasure()override;
~ControlNetFileProtoV0001_PBNetCubes()override;
~ControlNetFileProtoV0001_PBNetCubes_PBCubeList()override;
~ControlNetFileProtoV0001_Pedigree()override;",,
ControlNetFilter.h,identical,81e83c27ef694ae5587f44c23edcb216ad665a45bb4486d7dccfa70b0a46c3b2,81e83c27ef694ae5587f44c23edcb216ad665a45bb4486d7dccfa70b0a46c3b2,,,"ControlMeasure
ControlNet
ControlNetFilter
ControlPoint",,,,,,,
ControlNetGraphicsItem.h,identical,8d8a536971ef96028cfb7b98a4b7bd76b1af2469671ca391aa1c8bdf4b085b51,8d8a536971ef96028cfb7b98a4b7bd76b1af2469671ca391aa1c8bdf4b085b51,,,"ControlNet
ControlNetGraphicsItem
ControlPoint
MosaicSceneWidget
Projection
SerialNumberList
UniversalGroundMap",,,,,,,
ControlNetLogDataProtoV0001.pb.h,changed_declarations,9262417a1b516e0dfc3227fb069ab66da3f0b007f3017bdace3f7a1d685ae8c4,6d8c2ce21efef66a21dc724b5d9021cb137edc26f65277b8aaca4d093b57eb7f,,AnyMetadata,"ControlNetLogDataProtoV0001
ControlNetLogDataProtoV0001DefaultTypeInternal
ControlNetLogDataProtoV0001_Point
ControlNetLogDataProtoV0001_PointDefaultTypeInternal
ControlNetLogDataProtoV0001_Point_Measure
ControlNetLogDataProtoV0001_Point_MeasureDefaultTypeInternal
ControlNetLogDataProtoV0001_Point_Measure_DataEntry
ControlNetLogDataProtoV0001_Point_Measure_DataEntryDefaultTypeInternal
Impl_
TableStruct_ControlNetLogDataProtoV0001_2eproto
_Internal",,,,"::Isis::ControlNetLogDataProtoV0001_Point*PROTOBUF_NONNULL add_points();
::Isis::ControlNetLogDataProtoV0001_Point*PROTOBUF_NONNULL mutable_points(int index);
::Isis::ControlNetLogDataProtoV0001_Point_Measure*PROTOBUF_NONNULL add_measures();
::Isis::ControlNetLogDataProtoV0001_Point_Measure*PROTOBUF_NONNULL mutable_measures(int index);
::Isis::ControlNetLogDataProtoV0001_Point_Measure_DataEntry*PROTOBUF_NONNULL add_loggedmeasuredata();
::Isis::ControlNetLogDataProtoV0001_Point_Measure_DataEntry*PROTOBUF_NONNULL mutable_loggedmeasuredata(int index);
::google::protobuf::Metadata GetMetadata()const;
::google::protobuf::RepeatedPtrField<::Isis::ControlNetLogDataProtoV0001_Point>*PROTOBUF_NONNULL _internal_mutable_points();
::google::protobuf::RepeatedPtrField<::Isis::ControlNetLogDataProtoV0001_Point>*PROTOBUF_NONNULL mutable_points();
::google::protobuf::RepeatedPtrField<::Isis::ControlNetLogDataProtoV0001_Point_Measure>*PROTOBUF_NONNULL _internal_mutable_measures();
::google::protobuf::RepeatedPtrField<::Isis::ControlNetLogDataProtoV0001_Point_Measure>*PROTOBUF_NONNULL mutable_measures();
::google::protobuf::RepeatedPtrField<::Isis::ControlNetLogDataProtoV0001_Point_Measure_DataEntry>*PROTOBUF_NONNULL _internal_mutable_loggedmeasuredata();
::google::protobuf::RepeatedPtrField<::Isis::ControlNetLogDataProtoV0001_Point_Measure_DataEntry>*PROTOBUF_NONNULL mutable_loggedmeasuredata();
::google::protobuf::internal::SizedDelete(msg,sizeof(ControlNetLogDataProtoV0001));
::google::protobuf::internal::SizedDelete(msg,sizeof(ControlNetLogDataProtoV0001_Point));
::google::protobuf::internal::SizedDelete(msg,sizeof(ControlNetLogDataProtoV0001_Point_Measure));
::google::protobuf::internal::SizedDelete(msg,sizeof(ControlNetLogDataProtoV0001_Point_Measure_DataEntry));
::google::protobuf::internal::TSanRead(&_impl_);
::google::protobuf::internal::TSanWrite(&_impl_);
::uint8_t*PROTOBUF_NONNULL _InternalSerialize(::uint8_t*PROTOBUF_NONNULL target,::google::protobuf::io::EpsCopyOutputStream*PROTOBUF_NONNULL stream)const final;
ABSL_ATTRIBUTE_REINITIALIZES void Clear()PROTOBUF_FINAL;
ControlNetLogDataProtoV0001(::google::protobuf::Arena*PROTOBUF_NULLABLE arena,const ControlNetLogDataProtoV0001&from);
ControlNetLogDataProtoV0001_Point(::google::protobuf::Arena*PROTOBUF_NULLABLE arena,const ControlNetLogDataProtoV0001_Point&from);
ControlNetLogDataProtoV0001_Point_Measure(::google::protobuf::Arena*PROTOBUF_NULLABLE arena,const ControlNetLogDataProtoV0001_Point_Measure&from);
ControlNetLogDataProtoV0001_Point_Measure_DataEntry(::google::protobuf::Arena*PROTOBUF_NULLABLE arena,const ControlNetLogDataProtoV0001_Point_Measure_DataEntry&from);
SharedDtor(*msg);
const::google::protobuf::internal::ClassData*PROTOBUF_NONNULL GetClassData()const PROTOBUF_FINAL;
explicit ControlNetLogDataProtoV0001(::google::protobuf::Arena*PROTOBUF_NULLABLE arena);
explicit ControlNetLogDataProtoV0001_Point(::google::protobuf::Arena*PROTOBUF_NULLABLE arena);
explicit ControlNetLogDataProtoV0001_Point_Measure(::google::protobuf::Arena*PROTOBUF_NULLABLE arena);
explicit ControlNetLogDataProtoV0001_Point_Measure_DataEntry(::google::protobuf::Arena*PROTOBUF_NULLABLE arena);
inline explicit Impl_(::google::protobuf::internal::InternalVisibility visibility,::google::protobuf::Arena*PROTOBUF_NULLABLE arena);
inline explicit Impl_(::google::protobuf::internal::InternalVisibility visibility,::google::protobuf::Arena*PROTOBUF_NULLABLE arena,const Impl_&from,const ControlNetLogDataProtoV0001&from_msg);
inline explicit Impl_(::google::protobuf::internal::InternalVisibility visibility,::google::protobuf::Arena*PROTOBUF_NULLABLE arena,const Impl_&from,const ControlNetLogDataProtoV0001_Point&from_msg);
inline explicit Impl_(::google::protobuf::internal::InternalVisibility visibility,::google::protobuf::Arena*PROTOBUF_NULLABLE arena,const Impl_&from,const ControlNetLogDataProtoV0001_Point_Measure&from_msg);
inline explicit Impl_(::google::protobuf::internal::InternalVisibility visibility,::google::protobuf::Arena*PROTOBUF_NULLABLE arena,const Impl_&from,const ControlNetLogDataProtoV0001_Point_Measure_DataEntry&from_msg);
static bool IsInitializedImpl(const MessageLite&msg);
static constexpr auto InternalGenerateClassData_();
static constexpr auto InternalNewImpl_();
static void MergeImpl(::google::protobuf::MessageLite&to_msg,const::google::protobuf::MessageLite&from_msg);
static void SharedDtor(MessageLite&self);
static void*PROTOBUF_NONNULL PlacementNew_(const void*PROTOBUF_NONNULL,void*PROTOBUF_NONNULL mem,::google::protobuf::Arena*PROTOBUF_NULLABLE arena);
static::size_t ByteSizeLong(const::google::protobuf::MessageLite&msg);
static::uint8_t*PROTOBUF_NONNULL _InternalSerialize(const::google::protobuf::MessageLite&msg,::uint8_t*PROTOBUF_NONNULL target,::google::protobuf::io::EpsCopyOutputStream*PROTOBUF_NONNULL stream);
template<typename T>::absl::string_view GetAnyMessageName();
template<typename T>friend::absl::string_view(::google::protobuf::internal::GetAnyMessageName)();
void InternalSwap(ControlNetLogDataProtoV0001*PROTOBUF_NONNULL other);
void InternalSwap(ControlNetLogDataProtoV0001_Point*PROTOBUF_NONNULL other);
void InternalSwap(ControlNetLogDataProtoV0001_Point_Measure*PROTOBUF_NONNULL other);
void InternalSwap(ControlNetLogDataProtoV0001_Point_Measure_DataEntry*PROTOBUF_NONNULL other);
void SharedCtor(::google::protobuf::Arena*PROTOBUF_NULLABLE arena);
~ControlNetLogDataProtoV0001()PROTOBUF_FINAL;
~ControlNetLogDataProtoV0001_Point()PROTOBUF_FINAL;
~ControlNetLogDataProtoV0001_Point_Measure()PROTOBUF_FINAL;
~ControlNetLogDataProtoV0001_Point_Measure_DataEntry()PROTOBUF_FINAL;","::Isis::ControlNetLogDataProtoV0001_Point*add_points();
::Isis::ControlNetLogDataProtoV0001_Point*mutable_points(int index);
::Isis::ControlNetLogDataProtoV0001_Point_Measure*add_measures();
::Isis::ControlNetLogDataProtoV0001_Point_Measure*mutable_measures(int index);
::Isis::ControlNetLogDataProtoV0001_Point_Measure_DataEntry*add_loggedmeasuredata();
::Isis::ControlNetLogDataProtoV0001_Point_Measure_DataEntry*mutable_loggedmeasuredata(int index);
::google::protobuf::Metadata GetMetadata()const final;
::google::protobuf::RepeatedPtrField<::Isis::ControlNetLogDataProtoV0001_Point>*_internal_mutable_points();
::google::protobuf::RepeatedPtrField<::Isis::ControlNetLogDataProtoV0001_Point>*mutable_points();
::google::protobuf::RepeatedPtrField<::Isis::ControlNetLogDataProtoV0001_Point_Measure>*_internal_mutable_measures();
::google::protobuf::RepeatedPtrField<::Isis::ControlNetLogDataProtoV0001_Point_Measure>*mutable_measures();
::google::protobuf::RepeatedPtrField<::Isis::ControlNetLogDataProtoV0001_Point_Measure_DataEntry>*_internal_mutable_loggedmeasuredata();
::google::protobuf::RepeatedPtrField<::Isis::ControlNetLogDataProtoV0001_Point_Measure_DataEntry>*mutable_loggedmeasuredata();
::google::protobuf::internal::CachedSize*AccessCachedSize()const final;
::uint8_t*_InternalSerialize(::uint8_t*target,::google::protobuf::io::EpsCopyOutputStream*stream)const final;
ControlNetLogDataProtoV0001(::google::protobuf::Arena*arena,const ControlNetLogDataProtoV0001&from);
ControlNetLogDataProtoV0001_Point(::google::protobuf::Arena*arena,const ControlNetLogDataProtoV0001_Point&from);
ControlNetLogDataProtoV0001_Point_Measure(::google::protobuf::Arena*arena,const ControlNetLogDataProtoV0001_Point_Measure&from);
ControlNetLogDataProtoV0001_Point_Measure_DataEntry(::google::protobuf::Arena*arena,const ControlNetLogDataProtoV0001_Point_Measure_DataEntry&from);
PROTOBUF_ATTRIBUTE_REINITIALIZES void Clear()final;
PROTOBUF_TSAN_READ(&_impl_._tsan_detect_race);
PROTOBUF_TSAN_WRITE(&_impl_._tsan_detect_race);
bool IsInitialized()const final;
const char*_InternalParse(const char*ptr,::google::protobuf::internal::ParseContext*ctx)final;
const::google::protobuf::Message::ClassData*GetClassData()const final;
explicit ControlNetLogDataProtoV0001(::google::protobuf::Arena*arena);
explicit ControlNetLogDataProtoV0001_Point(::google::protobuf::Arena*arena);
explicit ControlNetLogDataProtoV0001_Point_Measure(::google::protobuf::Arena*arena);
explicit ControlNetLogDataProtoV0001_Point_Measure_DataEntry(::google::protobuf::Arena*arena);
inline explicit Impl_(::google::protobuf::internal::InternalVisibility visibility,::google::protobuf::Arena*arena);
inline explicit Impl_(::google::protobuf::internal::InternalVisibility visibility,::google::protobuf::Arena*arena,const Impl_&from);
static void MergeImpl(::google::protobuf::Message&to_msg,const::google::protobuf::Message&from_msg);
void InternalSwap(ControlNetLogDataProtoV0001*other);
void InternalSwap(ControlNetLogDataProtoV0001_Point*other);
void InternalSwap(ControlNetLogDataProtoV0001_Point_Measure*other);
void InternalSwap(ControlNetLogDataProtoV0001_Point_Measure_DataEntry*other);
void SharedCtor(::google::protobuf::Arena*arena);
void SharedDtor();
~ControlNetLogDataProtoV0001()override;
~ControlNetLogDataProtoV0001_Point()override;
~ControlNetLogDataProtoV0001_Point_Measure()override;
~ControlNetLogDataProtoV0001_Point_Measure_DataEntry()override;",,
ControlNetStatistics.h,identical,8148de71e044d676056b9e4221425458d8d63f57e139ef8ec164abffc27fecc7,8148de71e044d676056b9e4221425458d8d63f57e139ef8ec164abffc27fecc7,,,"ControlNet
ControlNetStatistics
Progress
PvlGroup",,,"ImageStats
ePointDetails
ePointDoubleStats
ePointIntStats",,,,
ControlNetTool.h,identical,7a1f70b5ac9c36a18bda4caa5649f957b832f1ef2c3d083d6a6d526fc8e4424b,7a1f70b5ac9c36a18bda4caa5649f957b832f1ef2c3d083d6a6d526fc8e4424b,,,"ControlMeasure
ControlNet
ControlNetTool
ControlPointEdit
Cube
CubeDnView
CubeViewport
Directory
MainWindow
MdiCubeViewport
QnetHoldPointDialog
SerialNumberList
Stretch
ToolPad
UniversalGroundMap",,,,,,,
ControlNetValidMeasure.h,identical,da518c55e84d7a8090e0fec3ae7a2f0a50a372503f20bf561f6ece4f8fb70928,da518c55e84d7a8090e0fec3ae7a2f0a50a372503f20bf561f6ece4f8fb70928,,,"Camera
ControlMeasure
ControlNet
ControlNetValidMeasure
Cube
MeasureValidationResults",,,,,,,
ControlNetVersioner.h,identical,a3c01eda03a64ad7498db13e33718f5950eb6f529a3ca6795b500e42c59f6f98,a3c01eda03a64ad7498db13e33718f5950eb6f529a3ca6795b500e42c59f6f98,,,"ControlNetHeaderV0001
ControlNetVersioner
ControlPointV0001
ControlPointV0002
ControlPointV0003
FileName
Progress
Pvl
PvlContainer
PvlObject
QString",,,,,,,
ControlNetVitals.h,identical,304555b5500d58ecace9ded43de168bea2336b7b2f8d28d19f1a49dee46d9f34,304555b5500d58ecace9ded43de168bea2336b7b2f8d28d19f1a49dee46d9f34,,,"ControlNet
ControlNetVitals",,,,,,,
ControlPoint.h,changed_declarations,44a427d0696df41c52d636ab8fac61f2b5acfbe815cebe9cfa419df0cc5c26b3,9aae922caa55c8b6650fb26328a595c5160419252b6febe07a29a97b83fd2cb6,,QStringList,"ControlNet
ControlPoint
ControlPointFileEntryV0002
Latitude
Longitude
PBControlNetLogData_Point
PBControlNet_PBControlPoint
PvlObject
QHash
RadiusSource
Statistics
SurfacePointSource",,,"ConstraintStatus
ModType
PointType
Source
Status",,,,
ControlPointCloudPt.h,identical,72e9416746ff63ba14300cf2e7f4e0061a3c1520e9e680c04508c320e82a4c22,72e9416746ff63ba14300cf2e7f4e0061a3c1520e9e680c04508c320e82a4c22,,,"ControlPointCloudPt
ControlPointData",,,"CoordinateType
Ownership",,,,
ControlPointEdit.h,identical,cf42bed94336794c4cf4f353e391f5bf13f842b95e373dd29e6c6ffb1734a8e3,cf42bed94336794c4cf4f353e391f5bf13f842b95e373dd29e6c6ffb1734a8e3,,,"AutoReg
Chip
ChipViewport
ControlMeasure
ControlNet
ControlPointEdit
Cube
CubeViewport
QCheckBox
QDial
QDoubleSpinBox
QHBoxLayout
QLCDNumber
QLabel
QPalette
QPushButton
QRadioButton
QScrollBar
QString
QTimer
QToolButton
QVBoxLayout
Stretch
Tool
UniversalGroundMap",,,,,,,
ControlPointEditView.h,identical,2f8d9399fa6ea35631323be540bf12bb0042a8824b43677c2d569c936eee8188,2f8d9399fa6ea35631323be540bf12bb0042a8824b43677c2d569c936eee8188,,,"Control
ControlPointEditView
ControlPointEditWidget
Directory
ProjectItem
ToolPad",,,,,,,
ControlPointEditWidget.h,identical,a2f482ac15925b91a87b0f893224025e45a395f0b1ef4606654a5f34b54d8515,a2f482ac15925b91a87b0f893224025e45a395f0b1ef4606654a5f34b54d8515,,,"Control
ControlMeasure
ControlMeasureEditWidget
ControlNet
ControlPointEditWidget
Cube
CubeViewport
Directory
MdiCubeViewport
QAction
QBoxLayout
QCheckBox
QComboBox
QGroupBox
QLabel
QMainWindow
QObject
QPainter
QPoint
QPushButton
QSplitter
QStackedWidget
QStandardItemModel
QString
QTableWidget
QTextEdit
QWidget
SerialNumberList
Stretch
ToolPad
UniversalGroundMap",,,,,,,
ControlPointFileEntryV0002.pb.h,changed_declarations,ac73bfdeadc4e8b17619e8a09db10af6317aa45a9326055358b7bcbd8f529fbe,745b1a5661769ee81c13312dad5cf6b8547ac9b2de67ac7cdfb307562c07903a,,AnyMetadata,"ControlPointFileEntryV0002
ControlPointFileEntryV0002DefaultTypeInternal
ControlPointFileEntryV0002_Measure
ControlPointFileEntryV0002_MeasureDefaultTypeInternal
ControlPointFileEntryV0002_Measure_MeasureLogData
ControlPointFileEntryV0002_Measure_MeasureLogDataDefaultTypeInternal
ControlPointFileEntryV0002_PointLogData
ControlPointFileEntryV0002_PointLogDataDefaultTypeInternal
Impl_
TableStruct_ControlPointFileEntryV0002_2eproto
_Internal",,,"ControlPointFileEntryV0002_AprioriSource
ControlPointFileEntryV0002_Measure_MeasureType
ControlPointFileEntryV0002_PointType","::Isis::ControlPointFileEntryV0002_Measure*PROTOBUF_NONNULL add_measures();
::Isis::ControlPointFileEntryV0002_Measure*PROTOBUF_NONNULL mutable_measures(int index);
::Isis::ControlPointFileEntryV0002_Measure_MeasureLogData*PROTOBUF_NONNULL add_log();
::Isis::ControlPointFileEntryV0002_Measure_MeasureLogData*PROTOBUF_NONNULL mutable_log(int index);
::Isis::ControlPointFileEntryV0002_PointLogData*PROTOBUF_NONNULL add_log();
::Isis::ControlPointFileEntryV0002_PointLogData*PROTOBUF_NONNULL mutable_log(int index);
::google::protobuf::Metadata GetMetadata()const;
::google::protobuf::RepeatedField<double>*PROTOBUF_NONNULL _internal_mutable_adjustedcovar();
::google::protobuf::RepeatedField<double>*PROTOBUF_NONNULL _internal_mutable_aprioricovar();
::google::protobuf::RepeatedField<double>*PROTOBUF_NONNULL mutable_adjustedcovar();
::google::protobuf::RepeatedField<double>*PROTOBUF_NONNULL mutable_aprioricovar();
::google::protobuf::RepeatedPtrField<::Isis::ControlPointFileEntryV0002_Measure>*PROTOBUF_NONNULL _internal_mutable_measures();
::google::protobuf::RepeatedPtrField<::Isis::ControlPointFileEntryV0002_Measure>*PROTOBUF_NONNULL mutable_measures();
::google::protobuf::RepeatedPtrField<::Isis::ControlPointFileEntryV0002_Measure_MeasureLogData>*PROTOBUF_NONNULL _internal_mutable_log();
::google::protobuf::RepeatedPtrField<::Isis::ControlPointFileEntryV0002_Measure_MeasureLogData>*PROTOBUF_NONNULL mutable_log();
::google::protobuf::RepeatedPtrField<::Isis::ControlPointFileEntryV0002_PointLogData>*PROTOBUF_NONNULL _internal_mutable_log();
::google::protobuf::RepeatedPtrField<::Isis::ControlPointFileEntryV0002_PointLogData>*PROTOBUF_NONNULL mutable_log();
::google::protobuf::internal::SizedDelete(msg,sizeof(ControlPointFileEntryV0002));
::google::protobuf::internal::SizedDelete(msg,sizeof(ControlPointFileEntryV0002_Measure));
::google::protobuf::internal::SizedDelete(msg,sizeof(ControlPointFileEntryV0002_Measure_MeasureLogData));
::google::protobuf::internal::SizedDelete(msg,sizeof(ControlPointFileEntryV0002_PointLogData));
::google::protobuf::internal::TSanRead(&_impl_);
::google::protobuf::internal::TSanWrite(&_impl_);
::std::string*PROTOBUF_NONNULL _internal_mutable_aprioriradiussourcefile();
::std::string*PROTOBUF_NONNULL _internal_mutable_apriorisurfpointsourcefile();
::std::string*PROTOBUF_NONNULL _internal_mutable_choosername();
::std::string*PROTOBUF_NONNULL _internal_mutable_datetime();
::std::string*PROTOBUF_NONNULL _internal_mutable_id();
::std::string*PROTOBUF_NONNULL _internal_mutable_serialnumber();
::std::string*PROTOBUF_NONNULL mutable_aprioriradiussourcefile();
::std::string*PROTOBUF_NONNULL mutable_apriorisurfpointsourcefile();
::std::string*PROTOBUF_NONNULL mutable_choosername();
::std::string*PROTOBUF_NONNULL mutable_datetime();
::std::string*PROTOBUF_NONNULL mutable_id();
::std::string*PROTOBUF_NONNULL mutable_serialnumber();
::std::string*_s=_internal_mutable_aprioriradiussourcefile();
::std::string*_s=_internal_mutable_apriorisurfpointsourcefile();
::std::string*_s=_internal_mutable_choosername();
::std::string*_s=_internal_mutable_datetime();
::std::string*_s=_internal_mutable_id();
::std::string*_s=_internal_mutable_serialnumber();
::uint8_t*PROTOBUF_NONNULL _InternalSerialize(::uint8_t*PROTOBUF_NONNULL target,::google::protobuf::io::EpsCopyOutputStream*PROTOBUF_NONNULL stream)const final;
ABSL_ATTRIBUTE_REINITIALIZES void Clear()PROTOBUF_FINAL;
ControlPointFileEntryV0002(::google::protobuf::Arena*PROTOBUF_NULLABLE arena,const ControlPointFileEntryV0002&from);
ControlPointFileEntryV0002_Measure(::google::protobuf::Arena*PROTOBUF_NULLABLE arena,const ControlPointFileEntryV0002_Measure&from);
ControlPointFileEntryV0002_Measure_MeasureLogData(::google::protobuf::Arena*PROTOBUF_NULLABLE arena,const ControlPointFileEntryV0002_Measure_MeasureLogData&from);
ControlPointFileEntryV0002_PointLogData(::google::protobuf::Arena*PROTOBUF_NULLABLE arena,const ControlPointFileEntryV0002_PointLogData&from);
PROTOBUF_ALWAYS_INLINE void _internal_set_aprioriradiussourcefile(const::std::string&value);
PROTOBUF_ALWAYS_INLINE void _internal_set_apriorisurfpointsourcefile(const::std::string&value);
PROTOBUF_ALWAYS_INLINE void _internal_set_choosername(const::std::string&value);
PROTOBUF_ALWAYS_INLINE void _internal_set_datetime(const::std::string&value);
PROTOBUF_ALWAYS_INLINE void _internal_set_id(const::std::string&value);
PROTOBUF_ALWAYS_INLINE void _internal_set_serialnumber(const::std::string&value);
SharedDtor(*msg);
[[nodiscard]]::std::string*PROTOBUF_NULLABLE release_aprioriradiussourcefile();
[[nodiscard]]::std::string*PROTOBUF_NULLABLE release_apriorisurfpointsourcefile();
[[nodiscard]]::std::string*PROTOBUF_NULLABLE release_choosername();
[[nodiscard]]::std::string*PROTOBUF_NULLABLE release_datetime();
[[nodiscard]]::std::string*PROTOBUF_NULLABLE release_id();
[[nodiscard]]::std::string*PROTOBUF_NULLABLE release_serialnumber();
assert(::google::protobuf::internal::ValidateEnum(value,::Isis::ControlPointFileEntryV0002_AprioriSource_internal_data_));
assert(::google::protobuf::internal::ValidateEnum(value,::Isis::ControlPointFileEntryV0002_Measure_MeasureType_internal_data_));
assert(::google::protobuf::internal::ValidateEnum(value,::Isis::ControlPointFileEntryV0002_PointType_internal_data_));
const::google::protobuf::EnumDescriptor*PROTOBUF_NONNULL ControlPointFileEntryV0002_AprioriSource_descriptor();
const::google::protobuf::EnumDescriptor*PROTOBUF_NONNULL ControlPointFileEntryV0002_Measure_MeasureType_descriptor();
const::google::protobuf::EnumDescriptor*PROTOBUF_NONNULL ControlPointFileEntryV0002_PointType_descriptor();
const::google::protobuf::internal::ClassData*PROTOBUF_NONNULL GetClassData()const PROTOBUF_FINAL;
const::std::string&_internal_aprioriradiussourcefile()const;
const::std::string&_internal_apriorisurfpointsourcefile()const;
const::std::string&_internal_choosername()const;
const::std::string&_internal_datetime()const;
const::std::string&_internal_id()const;
const::std::string&_internal_serialnumber()const;
const::std::string&aprioriradiussourcefile()const;
const::std::string&apriorisurfpointsourcefile()const;
const::std::string&choosername()const;
const::std::string&datetime()const;
const::std::string&id()const;
const::std::string&serialnumber()const;
explicit ControlPointFileEntryV0002(::google::protobuf::Arena*PROTOBUF_NULLABLE arena);
explicit ControlPointFileEntryV0002_Measure(::google::protobuf::Arena*PROTOBUF_NULLABLE arena);
explicit ControlPointFileEntryV0002_Measure_MeasureLogData(::google::protobuf::Arena*PROTOBUF_NULLABLE arena);
explicit ControlPointFileEntryV0002_PointLogData(::google::protobuf::Arena*PROTOBUF_NULLABLE arena);
inline constexpr ControlPointFileEntryV0002_AprioriSource ControlPointFileEntryV0002_AprioriSource_AprioriSource_MAX=static_cast<ControlPointFileEntryV0002_AprioriSource>(7);
inline constexpr ControlPointFileEntryV0002_AprioriSource ControlPointFileEntryV0002_AprioriSource_AprioriSource_MIN=static_cast<ControlPointFileEntryV0002_AprioriSource>(0);
inline constexpr ControlPointFileEntryV0002_Measure_MeasureType ControlPointFileEntryV0002_Measure_MeasureType_MeasureType_MAX=static_cast<ControlPointFileEntryV0002_Measure_MeasureType>(3);
inline constexpr ControlPointFileEntryV0002_Measure_MeasureType ControlPointFileEntryV0002_Measure_MeasureType_MeasureType_MIN=static_cast<ControlPointFileEntryV0002_Measure_MeasureType>(0);
inline constexpr ControlPointFileEntryV0002_PointType ControlPointFileEntryV0002_PointType_PointType_MAX=static_cast<ControlPointFileEntryV0002_PointType>(4);
inline constexpr ControlPointFileEntryV0002_PointType ControlPointFileEntryV0002_PointType_PointType_MIN=static_cast<ControlPointFileEntryV0002_PointType>(0);
inline explicit Impl_(::google::protobuf::internal::InternalVisibility visibility,::google::protobuf::Arena*PROTOBUF_NULLABLE arena);
inline explicit Impl_(::google::protobuf::internal::InternalVisibility visibility,::google::protobuf::Arena*PROTOBUF_NULLABLE arena,const Impl_&from,const ControlPointFileEntryV0002&from_msg);
inline explicit Impl_(::google::protobuf::internal::InternalVisibility visibility,::google::protobuf::Arena*PROTOBUF_NULLABLE arena,const Impl_&from,const ControlPointFileEntryV0002_Measure&from_msg);
inline explicit Impl_(::google::protobuf::internal::InternalVisibility visibility,::google::protobuf::Arena*PROTOBUF_NULLABLE arena,const Impl_&from,const ControlPointFileEntryV0002_Measure_MeasureLogData&from_msg);
inline explicit Impl_(::google::protobuf::internal::InternalVisibility visibility,::google::protobuf::Arena*PROTOBUF_NULLABLE arena,const Impl_&from,const ControlPointFileEntryV0002_PointLogData&from_msg);
static bool IsInitializedImpl(const MessageLite&msg);
static constexpr auto InternalGenerateClassData_();
static constexpr auto InternalNewImpl_();
static void MergeImpl(::google::protobuf::MessageLite&to_msg,const::google::protobuf::MessageLite&from_msg);
static void SharedDtor(MessageLite&self);
static void*PROTOBUF_NONNULL PlacementNew_(const void*PROTOBUF_NONNULL,void*PROTOBUF_NONNULL mem,::google::protobuf::Arena*PROTOBUF_NULLABLE arena);
static::size_t ByteSizeLong(const::google::protobuf::MessageLite&msg);
static::uint8_t*PROTOBUF_NONNULL _InternalSerialize(const::google::protobuf::MessageLite&msg,::uint8_t*PROTOBUF_NONNULL target,::google::protobuf::io::EpsCopyOutputStream*PROTOBUF_NONNULL stream);
static_assert(::std::is_same<T,ControlPointFileEntryV0002_AprioriSource>::value ||::std::is_integral<T>::value,""Incorrect type passed to AprioriSource_Name()."");
static_assert(::std::is_same<T,ControlPointFileEntryV0002_Measure_MeasureType>::value ||::std::is_integral<T>::value,""Incorrect type passed to MeasureType_Name()."");
static_assert(::std::is_same<T,ControlPointFileEntryV0002_PointType>::value ||::std::is_integral<T>::value,""Incorrect type passed to PointType_Name()."");
template<typename Arg_=const::std::string&,typename... Args_>void set_aprioriradiussourcefile(Arg_&&arg,Args_... args);
template<typename Arg_=const::std::string&,typename... Args_>void set_apriorisurfpointsourcefile(Arg_&&arg,Args_... args);
template<typename Arg_=const::std::string&,typename... Args_>void set_choosername(Arg_&&arg,Args_... args);
template<typename Arg_=const::std::string&,typename... Args_>void set_datetime(Arg_&&arg,Args_... args);
template<typename Arg_=const::std::string&,typename... Args_>void set_id(Arg_&&arg,Args_... args);
template<typename Arg_=const::std::string&,typename... Args_>void set_serialnumber(Arg_&&arg,Args_... args);
template<typename T>::absl::string_view GetAnyMessageName();
template<typename T>friend::absl::string_view(::google::protobuf::internal::GetAnyMessageName)();
void InternalSwap(ControlPointFileEntryV0002*PROTOBUF_NONNULL other);
void InternalSwap(ControlPointFileEntryV0002_Measure*PROTOBUF_NONNULL other);
void InternalSwap(ControlPointFileEntryV0002_Measure_MeasureLogData*PROTOBUF_NONNULL other);
void InternalSwap(ControlPointFileEntryV0002_PointLogData*PROTOBUF_NONNULL other);
void SharedCtor(::google::protobuf::Arena*PROTOBUF_NULLABLE arena);
void set_allocated_aprioriradiussourcefile(::std::string*PROTOBUF_NULLABLE value);
void set_allocated_apriorisurfpointsourcefile(::std::string*PROTOBUF_NULLABLE value);
void set_allocated_choosername(::std::string*PROTOBUF_NULLABLE value);
void set_allocated_datetime(::std::string*PROTOBUF_NULLABLE value);
void set_allocated_id(::std::string*PROTOBUF_NULLABLE value);
void set_allocated_serialnumber(::std::string*PROTOBUF_NULLABLE value);
~ControlPointFileEntryV0002()PROTOBUF_FINAL;
~ControlPointFileEntryV0002_Measure()PROTOBUF_FINAL;
~ControlPointFileEntryV0002_Measure_MeasureLogData()PROTOBUF_FINAL;
~ControlPointFileEntryV0002_PointLogData()PROTOBUF_FINAL;","::Isis::ControlPointFileEntryV0002_Measure*add_measures();
::Isis::ControlPointFileEntryV0002_Measure*mutable_measures(int index);
::Isis::ControlPointFileEntryV0002_Measure_MeasureLogData*add_log();
::Isis::ControlPointFileEntryV0002_Measure_MeasureLogData*mutable_log(int index);
::Isis::ControlPointFileEntryV0002_PointLogData*add_log();
::Isis::ControlPointFileEntryV0002_PointLogData*mutable_log(int index);
::google::protobuf::Metadata GetMetadata()const final;
::google::protobuf::RepeatedField<double>*_internal_mutable_adjustedcovar();
::google::protobuf::RepeatedField<double>*_internal_mutable_aprioricovar();
::google::protobuf::RepeatedField<double>*mutable_adjustedcovar();
::google::protobuf::RepeatedField<double>*mutable_aprioricovar();
::google::protobuf::RepeatedPtrField<::Isis::ControlPointFileEntryV0002_Measure>*_internal_mutable_measures();
::google::protobuf::RepeatedPtrField<::Isis::ControlPointFileEntryV0002_Measure>*mutable_measures();
::google::protobuf::RepeatedPtrField<::Isis::ControlPointFileEntryV0002_Measure_MeasureLogData>*_internal_mutable_log();
::google::protobuf::RepeatedPtrField<::Isis::ControlPointFileEntryV0002_Measure_MeasureLogData>*mutable_log();
::google::protobuf::RepeatedPtrField<::Isis::ControlPointFileEntryV0002_PointLogData>*_internal_mutable_log();
::google::protobuf::RepeatedPtrField<::Isis::ControlPointFileEntryV0002_PointLogData>*mutable_log();
::google::protobuf::internal::CachedSize*AccessCachedSize()const final;
::uint8_t*_InternalSerialize(::uint8_t*target,::google::protobuf::io::EpsCopyOutputStream*stream)const final;
ControlPointFileEntryV0002(::google::protobuf::Arena*arena,const ControlPointFileEntryV0002&from);
ControlPointFileEntryV0002_Measure(::google::protobuf::Arena*arena,const ControlPointFileEntryV0002_Measure&from);
ControlPointFileEntryV0002_Measure_MeasureLogData(::google::protobuf::Arena*arena,const ControlPointFileEntryV0002_Measure_MeasureLogData&from);
ControlPointFileEntryV0002_PointLogData(::google::protobuf::Arena*arena,const ControlPointFileEntryV0002_PointLogData&from);
PROTOBUF_ATTRIBUTE_REINITIALIZES void Clear()final;
PROTOBUF_NODISCARD std::string*release_aprioriradiussourcefile();
PROTOBUF_NODISCARD std::string*release_apriorisurfpointsourcefile();
PROTOBUF_NODISCARD std::string*release_choosername();
PROTOBUF_NODISCARD std::string*release_datetime();
PROTOBUF_NODISCARD std::string*release_id();
PROTOBUF_NODISCARD std::string*release_serialnumber();
PROTOBUF_TSAN_READ(&_impl_._tsan_detect_race);
PROTOBUF_TSAN_WRITE(&_impl_._tsan_detect_race);
assert(::Isis::ControlPointFileEntryV0002_AprioriSource_IsValid(value));
assert(::Isis::ControlPointFileEntryV0002_Measure_MeasureType_IsValid(value));
assert(::Isis::ControlPointFileEntryV0002_PointType_IsValid(value));
bool ControlPointFileEntryV0002_AprioriSource_IsValid(int value);
bool ControlPointFileEntryV0002_Measure_MeasureType_IsValid(int value);
bool ControlPointFileEntryV0002_PointType_IsValid(int value);
bool IsInitialized()const final;
const char*_InternalParse(const char*ptr,::google::protobuf::internal::ParseContext*ctx)final;
const std::string&_internal_aprioriradiussourcefile()const;
const std::string&_internal_apriorisurfpointsourcefile()const;
const std::string&_internal_choosername()const;
const std::string&_internal_datetime()const;
const std::string&_internal_id()const;
const std::string&_internal_serialnumber()const;
const std::string&aprioriradiussourcefile()const;
const std::string&apriorisurfpointsourcefile()const;
const std::string&choosername()const;
const std::string&datetime()const;
const std::string&id()const;
const std::string&serialnumber()const;
const::google::protobuf::EnumDescriptor*ControlPointFileEntryV0002_AprioriSource_descriptor();
const::google::protobuf::EnumDescriptor*ControlPointFileEntryV0002_Measure_MeasureType_descriptor();
const::google::protobuf::EnumDescriptor*ControlPointFileEntryV0002_PointType_descriptor();
const::google::protobuf::Message::ClassData*GetClassData()const final;
constexpr ControlPointFileEntryV0002_AprioriSource ControlPointFileEntryV0002_AprioriSource_AprioriSource_MAX=static_cast<ControlPointFileEntryV0002_AprioriSource>(7);
constexpr ControlPointFileEntryV0002_AprioriSource ControlPointFileEntryV0002_AprioriSource_AprioriSource_MIN=static_cast<ControlPointFileEntryV0002_AprioriSource>(0);
constexpr ControlPointFileEntryV0002_Measure_MeasureType ControlPointFileEntryV0002_Measure_MeasureType_MeasureType_MAX=static_cast<ControlPointFileEntryV0002_Measure_MeasureType>(3);
constexpr ControlPointFileEntryV0002_Measure_MeasureType ControlPointFileEntryV0002_Measure_MeasureType_MeasureType_MIN=static_cast<ControlPointFileEntryV0002_Measure_MeasureType>(0);
constexpr ControlPointFileEntryV0002_PointType ControlPointFileEntryV0002_PointType_PointType_MAX=static_cast<ControlPointFileEntryV0002_PointType>(4);
constexpr ControlPointFileEntryV0002_PointType ControlPointFileEntryV0002_PointType_PointType_MIN=static_cast<ControlPointFileEntryV0002_PointType>(0);
explicit ControlPointFileEntryV0002(::google::protobuf::Arena*arena);
explicit ControlPointFileEntryV0002_Measure(::google::protobuf::Arena*arena);
explicit ControlPointFileEntryV0002_Measure_MeasureLogData(::google::protobuf::Arena*arena);
explicit ControlPointFileEntryV0002_PointLogData(::google::protobuf::Arena*arena);
inline PROTOBUF_ALWAYS_INLINE void _internal_set_aprioriradiussourcefile(const std::string&value);
inline PROTOBUF_ALWAYS_INLINE void _internal_set_apriorisurfpointsourcefile(const std::string&value);
inline PROTOBUF_ALWAYS_INLINE void _internal_set_choosername(const std::string&value);
inline PROTOBUF_ALWAYS_INLINE void _internal_set_datetime(const std::string&value);
inline PROTOBUF_ALWAYS_INLINE void _internal_set_id(const std::string&value);
inline PROTOBUF_ALWAYS_INLINE void _internal_set_serialnumber(const std::string&value);
inline explicit Impl_(::google::protobuf::internal::InternalVisibility visibility,::google::protobuf::Arena*arena);
inline explicit Impl_(::google::protobuf::internal::InternalVisibility visibility,::google::protobuf::Arena*arena,const Impl_&from);
static void MergeImpl(::google::protobuf::Message&to_msg,const::google::protobuf::Message&from_msg);
static_assert(std::is_same<T,ControlPointFileEntryV0002_AprioriSource>::value || std::is_integral<T>::value,""Incorrect type passed to AprioriSource_Name()."");
static_assert(std::is_same<T,ControlPointFileEntryV0002_Measure_MeasureType>::value || std::is_integral<T>::value,""Incorrect type passed to MeasureType_Name()."");
static_assert(std::is_same<T,ControlPointFileEntryV0002_PointType>::value || std::is_integral<T>::value,""Incorrect type passed to PointType_Name()."");
std::string*_internal_mutable_aprioriradiussourcefile();
std::string*_internal_mutable_apriorisurfpointsourcefile();
std::string*_internal_mutable_choosername();
std::string*_internal_mutable_datetime();
std::string*_internal_mutable_id();
std::string*_internal_mutable_serialnumber();
std::string*_s=_internal_mutable_aprioriradiussourcefile();
std::string*_s=_internal_mutable_apriorisurfpointsourcefile();
std::string*_s=_internal_mutable_choosername();
std::string*_s=_internal_mutable_datetime();
std::string*_s=_internal_mutable_id();
std::string*_s=_internal_mutable_serialnumber();
std::string*mutable_aprioriradiussourcefile();
std::string*mutable_apriorisurfpointsourcefile();
std::string*mutable_choosername();
std::string*mutable_datetime();
std::string*mutable_id();
std::string*mutable_serialnumber();
template<typename Arg_=const std::string&,typename... Args_>void set_aprioriradiussourcefile(Arg_&&arg,Args_... args);
template<typename Arg_=const std::string&,typename... Args_>void set_apriorisurfpointsourcefile(Arg_&&arg,Args_... args);
template<typename Arg_=const std::string&,typename... Args_>void set_choosername(Arg_&&arg,Args_... args);
template<typename Arg_=const std::string&,typename... Args_>void set_datetime(Arg_&&arg,Args_... args);
template<typename Arg_=const std::string&,typename... Args_>void set_id(Arg_&&arg,Args_... args);
template<typename Arg_=const std::string&,typename... Args_>void set_serialnumber(Arg_&&arg,Args_... args);
void InternalSwap(ControlPointFileEntryV0002*other);
void InternalSwap(ControlPointFileEntryV0002_Measure*other);
void InternalSwap(ControlPointFileEntryV0002_Measure_MeasureLogData*other);
void InternalSwap(ControlPointFileEntryV0002_PointLogData*other);
void SharedCtor(::google::protobuf::Arena*arena);
void SharedDtor();
void set_allocated_aprioriradiussourcefile(std::string*value);
void set_allocated_apriorisurfpointsourcefile(std::string*value);
void set_allocated_choosername(std::string*value);
void set_allocated_datetime(std::string*value);
void set_allocated_id(std::string*value);
void set_allocated_serialnumber(std::string*value);
~ControlPointFileEntryV0002()override;
~ControlPointFileEntryV0002_Measure()override;
~ControlPointFileEntryV0002_Measure_MeasureLogData()override;
~ControlPointFileEntryV0002_PointLogData()override;",,
ControlPointFileEntryV0005.pb.h,changed_declarations,a5312404e207054c4a48309f72cda89c5ccecf8805834e55b98763313b0b502f,572fd2c91745f28b69b6151a1ded9dc1c5ffe28f037bf4a633d88bbfda28f613,,AnyMetadata,"ControlPointFileEntryV0005
ControlPointFileEntryV0005DefaultTypeInternal
ControlPointFileEntryV0005_Measure
ControlPointFileEntryV0005_MeasureDefaultTypeInternal
ControlPointFileEntryV0005_Measure_MeasureLogData
ControlPointFileEntryV0005_Measure_MeasureLogDataDefaultTypeInternal
ControlPointFileEntryV0005_PointLogData
ControlPointFileEntryV0005_PointLogDataDefaultTypeInternal
Impl_
TableStruct_ControlPointFileEntryV0005_2eproto
_Internal",,,"ControlPointFileEntryV0005_AprioriSource
ControlPointFileEntryV0005_Measure_MeasureType
ControlPointFileEntryV0005_PointType","::Isis::ControlPointFileEntryV0005_Measure*PROTOBUF_NONNULL add_measures();
::Isis::ControlPointFileEntryV0005_Measure*PROTOBUF_NONNULL mutable_measures(int index);
::Isis::ControlPointFileEntryV0005_Measure_MeasureLogData*PROTOBUF_NONNULL add_log();
::Isis::ControlPointFileEntryV0005_Measure_MeasureLogData*PROTOBUF_NONNULL mutable_log(int index);
::Isis::ControlPointFileEntryV0005_PointLogData*PROTOBUF_NONNULL add_log();
::Isis::ControlPointFileEntryV0005_PointLogData*PROTOBUF_NONNULL mutable_log(int index);
::google::protobuf::Metadata GetMetadata()const;
::google::protobuf::RepeatedField<double>*PROTOBUF_NONNULL _internal_mutable_adjustedcovar();
::google::protobuf::RepeatedField<double>*PROTOBUF_NONNULL _internal_mutable_aprioricovar();
::google::protobuf::RepeatedField<double>*PROTOBUF_NONNULL mutable_adjustedcovar();
::google::protobuf::RepeatedField<double>*PROTOBUF_NONNULL mutable_aprioricovar();
::google::protobuf::RepeatedPtrField<::Isis::ControlPointFileEntryV0005_Measure>*PROTOBUF_NONNULL _internal_mutable_measures();
::google::protobuf::RepeatedPtrField<::Isis::ControlPointFileEntryV0005_Measure>*PROTOBUF_NONNULL mutable_measures();
::google::protobuf::RepeatedPtrField<::Isis::ControlPointFileEntryV0005_Measure_MeasureLogData>*PROTOBUF_NONNULL _internal_mutable_log();
::google::protobuf::RepeatedPtrField<::Isis::ControlPointFileEntryV0005_Measure_MeasureLogData>*PROTOBUF_NONNULL mutable_log();
::google::protobuf::RepeatedPtrField<::Isis::ControlPointFileEntryV0005_PointLogData>*PROTOBUF_NONNULL _internal_mutable_log();
::google::protobuf::RepeatedPtrField<::Isis::ControlPointFileEntryV0005_PointLogData>*PROTOBUF_NONNULL mutable_log();
::google::protobuf::internal::SizedDelete(msg,sizeof(ControlPointFileEntryV0005));
::google::protobuf::internal::SizedDelete(msg,sizeof(ControlPointFileEntryV0005_Measure));
::google::protobuf::internal::SizedDelete(msg,sizeof(ControlPointFileEntryV0005_Measure_MeasureLogData));
::google::protobuf::internal::SizedDelete(msg,sizeof(ControlPointFileEntryV0005_PointLogData));
::google::protobuf::internal::TSanRead(&_impl_);
::google::protobuf::internal::TSanWrite(&_impl_);
::std::string*PROTOBUF_NONNULL _internal_mutable_aprioriradiussourcefile();
::std::string*PROTOBUF_NONNULL _internal_mutable_apriorisurfpointsourcefile();
::std::string*PROTOBUF_NONNULL _internal_mutable_choosername();
::std::string*PROTOBUF_NONNULL _internal_mutable_datetime();
::std::string*PROTOBUF_NONNULL _internal_mutable_id();
::std::string*PROTOBUF_NONNULL _internal_mutable_serialnumber();
::std::string*PROTOBUF_NONNULL mutable_aprioriradiussourcefile();
::std::string*PROTOBUF_NONNULL mutable_apriorisurfpointsourcefile();
::std::string*PROTOBUF_NONNULL mutable_choosername();
::std::string*PROTOBUF_NONNULL mutable_datetime();
::std::string*PROTOBUF_NONNULL mutable_id();
::std::string*PROTOBUF_NONNULL mutable_serialnumber();
::std::string*_s=_internal_mutable_aprioriradiussourcefile();
::std::string*_s=_internal_mutable_apriorisurfpointsourcefile();
::std::string*_s=_internal_mutable_choosername();
::std::string*_s=_internal_mutable_datetime();
::std::string*_s=_internal_mutable_id();
::std::string*_s=_internal_mutable_serialnumber();
::uint8_t*PROTOBUF_NONNULL _InternalSerialize(::uint8_t*PROTOBUF_NONNULL target,::google::protobuf::io::EpsCopyOutputStream*PROTOBUF_NONNULL stream)const final;
ABSL_ATTRIBUTE_REINITIALIZES void Clear()PROTOBUF_FINAL;
ControlPointFileEntryV0005(::google::protobuf::Arena*PROTOBUF_NULLABLE arena,const ControlPointFileEntryV0005&from);
ControlPointFileEntryV0005_Measure(::google::protobuf::Arena*PROTOBUF_NULLABLE arena,const ControlPointFileEntryV0005_Measure&from);
ControlPointFileEntryV0005_Measure_MeasureLogData(::google::protobuf::Arena*PROTOBUF_NULLABLE arena,const ControlPointFileEntryV0005_Measure_MeasureLogData&from);
ControlPointFileEntryV0005_PointLogData(::google::protobuf::Arena*PROTOBUF_NULLABLE arena,const ControlPointFileEntryV0005_PointLogData&from);
PROTOBUF_ALWAYS_INLINE void _internal_set_aprioriradiussourcefile(const::std::string&value);
PROTOBUF_ALWAYS_INLINE void _internal_set_apriorisurfpointsourcefile(const::std::string&value);
PROTOBUF_ALWAYS_INLINE void _internal_set_choosername(const::std::string&value);
PROTOBUF_ALWAYS_INLINE void _internal_set_datetime(const::std::string&value);
PROTOBUF_ALWAYS_INLINE void _internal_set_id(const::std::string&value);
PROTOBUF_ALWAYS_INLINE void _internal_set_serialnumber(const::std::string&value);
SharedDtor(*msg);
[[nodiscard]]::std::string*PROTOBUF_NULLABLE release_aprioriradiussourcefile();
[[nodiscard]]::std::string*PROTOBUF_NULLABLE release_apriorisurfpointsourcefile();
[[nodiscard]]::std::string*PROTOBUF_NULLABLE release_choosername();
[[nodiscard]]::std::string*PROTOBUF_NULLABLE release_datetime();
[[nodiscard]]::std::string*PROTOBUF_NULLABLE release_id();
[[nodiscard]]::std::string*PROTOBUF_NULLABLE release_serialnumber();
assert(::google::protobuf::internal::ValidateEnum(value,::Isis::ControlPointFileEntryV0005_AprioriSource_internal_data_));
assert(::google::protobuf::internal::ValidateEnum(value,::Isis::ControlPointFileEntryV0005_Measure_MeasureType_internal_data_));
assert(::google::protobuf::internal::ValidateEnum(value,::Isis::ControlPointFileEntryV0005_PointType_internal_data_));
const::google::protobuf::EnumDescriptor*PROTOBUF_NONNULL ControlPointFileEntryV0005_AprioriSource_descriptor();
const::google::protobuf::EnumDescriptor*PROTOBUF_NONNULL ControlPointFileEntryV0005_Measure_MeasureType_descriptor();
const::google::protobuf::EnumDescriptor*PROTOBUF_NONNULL ControlPointFileEntryV0005_PointType_descriptor();
const::google::protobuf::internal::ClassData*PROTOBUF_NONNULL GetClassData()const PROTOBUF_FINAL;
const::std::string&_internal_aprioriradiussourcefile()const;
const::std::string&_internal_apriorisurfpointsourcefile()const;
const::std::string&_internal_choosername()const;
const::std::string&_internal_datetime()const;
const::std::string&_internal_id()const;
const::std::string&_internal_serialnumber()const;
const::std::string&aprioriradiussourcefile()const;
const::std::string&apriorisurfpointsourcefile()const;
const::std::string&choosername()const;
const::std::string&datetime()const;
const::std::string&id()const;
const::std::string&serialnumber()const;
explicit ControlPointFileEntryV0005(::google::protobuf::Arena*PROTOBUF_NULLABLE arena);
explicit ControlPointFileEntryV0005_Measure(::google::protobuf::Arena*PROTOBUF_NULLABLE arena);
explicit ControlPointFileEntryV0005_Measure_MeasureLogData(::google::protobuf::Arena*PROTOBUF_NULLABLE arena);
explicit ControlPointFileEntryV0005_PointLogData(::google::protobuf::Arena*PROTOBUF_NULLABLE arena);
inline constexpr ControlPointFileEntryV0005_AprioriSource ControlPointFileEntryV0005_AprioriSource_AprioriSource_MAX=static_cast<ControlPointFileEntryV0005_AprioriSource>(7);
inline constexpr ControlPointFileEntryV0005_AprioriSource ControlPointFileEntryV0005_AprioriSource_AprioriSource_MIN=static_cast<ControlPointFileEntryV0005_AprioriSource>(0);
inline constexpr ControlPointFileEntryV0005_Measure_MeasureType ControlPointFileEntryV0005_Measure_MeasureType_MeasureType_MAX=static_cast<ControlPointFileEntryV0005_Measure_MeasureType>(3);
inline constexpr ControlPointFileEntryV0005_Measure_MeasureType ControlPointFileEntryV0005_Measure_MeasureType_MeasureType_MIN=static_cast<ControlPointFileEntryV0005_Measure_MeasureType>(0);
inline constexpr ControlPointFileEntryV0005_PointType ControlPointFileEntryV0005_PointType_PointType_MAX=static_cast<ControlPointFileEntryV0005_PointType>(4);
inline constexpr ControlPointFileEntryV0005_PointType ControlPointFileEntryV0005_PointType_PointType_MIN=static_cast<ControlPointFileEntryV0005_PointType>(0);
inline explicit Impl_(::google::protobuf::internal::InternalVisibility visibility,::google::protobuf::Arena*PROTOBUF_NULLABLE arena);
inline explicit Impl_(::google::protobuf::internal::InternalVisibility visibility,::google::protobuf::Arena*PROTOBUF_NULLABLE arena,const Impl_&from,const ControlPointFileEntryV0005&from_msg);
inline explicit Impl_(::google::protobuf::internal::InternalVisibility visibility,::google::protobuf::Arena*PROTOBUF_NULLABLE arena,const Impl_&from,const ControlPointFileEntryV0005_Measure&from_msg);
inline explicit Impl_(::google::protobuf::internal::InternalVisibility visibility,::google::protobuf::Arena*PROTOBUF_NULLABLE arena,const Impl_&from,const ControlPointFileEntryV0005_Measure_MeasureLogData&from_msg);
inline explicit Impl_(::google::protobuf::internal::InternalVisibility visibility,::google::protobuf::Arena*PROTOBUF_NULLABLE arena,const Impl_&from,const ControlPointFileEntryV0005_PointLogData&from_msg);
static bool IsInitializedImpl(const MessageLite&msg);
static constexpr auto InternalGenerateClassData_();
static constexpr auto InternalNewImpl_();
static void MergeImpl(::google::protobuf::MessageLite&to_msg,const::google::protobuf::MessageLite&from_msg);
static void SharedDtor(MessageLite&self);
static void*PROTOBUF_NONNULL PlacementNew_(const void*PROTOBUF_NONNULL,void*PROTOBUF_NONNULL mem,::google::protobuf::Arena*PROTOBUF_NULLABLE arena);
static::size_t ByteSizeLong(const::google::protobuf::MessageLite&msg);
static::uint8_t*PROTOBUF_NONNULL _InternalSerialize(const::google::protobuf::MessageLite&msg,::uint8_t*PROTOBUF_NONNULL target,::google::protobuf::io::EpsCopyOutputStream*PROTOBUF_NONNULL stream);
static_assert(::std::is_same<T,ControlPointFileEntryV0005_AprioriSource>::value ||::std::is_integral<T>::value,""Incorrect type passed to AprioriSource_Name()."");
static_assert(::std::is_same<T,ControlPointFileEntryV0005_Measure_MeasureType>::value ||::std::is_integral<T>::value,""Incorrect type passed to MeasureType_Name()."");
static_assert(::std::is_same<T,ControlPointFileEntryV0005_PointType>::value ||::std::is_integral<T>::value,""Incorrect type passed to PointType_Name()."");
template<typename Arg_=const::std::string&,typename... Args_>void set_aprioriradiussourcefile(Arg_&&arg,Args_... args);
template<typename Arg_=const::std::string&,typename... Args_>void set_apriorisurfpointsourcefile(Arg_&&arg,Args_... args);
template<typename Arg_=const::std::string&,typename... Args_>void set_choosername(Arg_&&arg,Args_... args);
template<typename Arg_=const::std::string&,typename... Args_>void set_datetime(Arg_&&arg,Args_... args);
template<typename Arg_=const::std::string&,typename... Args_>void set_id(Arg_&&arg,Args_... args);
template<typename Arg_=const::std::string&,typename... Args_>void set_serialnumber(Arg_&&arg,Args_... args);
template<typename T>::absl::string_view GetAnyMessageName();
template<typename T>friend::absl::string_view(::google::protobuf::internal::GetAnyMessageName)();
void InternalSwap(ControlPointFileEntryV0005*PROTOBUF_NONNULL other);
void InternalSwap(ControlPointFileEntryV0005_Measure*PROTOBUF_NONNULL other);
void InternalSwap(ControlPointFileEntryV0005_Measure_MeasureLogData*PROTOBUF_NONNULL other);
void InternalSwap(ControlPointFileEntryV0005_PointLogData*PROTOBUF_NONNULL other);
void SharedCtor(::google::protobuf::Arena*PROTOBUF_NULLABLE arena);
void set_allocated_aprioriradiussourcefile(::std::string*PROTOBUF_NULLABLE value);
void set_allocated_apriorisurfpointsourcefile(::std::string*PROTOBUF_NULLABLE value);
void set_allocated_choosername(::std::string*PROTOBUF_NULLABLE value);
void set_allocated_datetime(::std::string*PROTOBUF_NULLABLE value);
void set_allocated_id(::std::string*PROTOBUF_NULLABLE value);
void set_allocated_serialnumber(::std::string*PROTOBUF_NULLABLE value);
~ControlPointFileEntryV0005()PROTOBUF_FINAL;
~ControlPointFileEntryV0005_Measure()PROTOBUF_FINAL;
~ControlPointFileEntryV0005_Measure_MeasureLogData()PROTOBUF_FINAL;
~ControlPointFileEntryV0005_PointLogData()PROTOBUF_FINAL;","::Isis::ControlPointFileEntryV0005_Measure*add_measures();
::Isis::ControlPointFileEntryV0005_Measure*mutable_measures(int index);
::Isis::ControlPointFileEntryV0005_Measure_MeasureLogData*add_log();
::Isis::ControlPointFileEntryV0005_Measure_MeasureLogData*mutable_log(int index);
::Isis::ControlPointFileEntryV0005_PointLogData*add_log();
::Isis::ControlPointFileEntryV0005_PointLogData*mutable_log(int index);
::google::protobuf::Metadata GetMetadata()const final;
::google::protobuf::RepeatedField<double>*_internal_mutable_adjustedcovar();
::google::protobuf::RepeatedField<double>*_internal_mutable_aprioricovar();
::google::protobuf::RepeatedField<double>*mutable_adjustedcovar();
::google::protobuf::RepeatedField<double>*mutable_aprioricovar();
::google::protobuf::RepeatedPtrField<::Isis::ControlPointFileEntryV0005_Measure>*_internal_mutable_measures();
::google::protobuf::RepeatedPtrField<::Isis::ControlPointFileEntryV0005_Measure>*mutable_measures();
::google::protobuf::RepeatedPtrField<::Isis::ControlPointFileEntryV0005_Measure_MeasureLogData>*_internal_mutable_log();
::google::protobuf::RepeatedPtrField<::Isis::ControlPointFileEntryV0005_Measure_MeasureLogData>*mutable_log();
::google::protobuf::RepeatedPtrField<::Isis::ControlPointFileEntryV0005_PointLogData>*_internal_mutable_log();
::google::protobuf::RepeatedPtrField<::Isis::ControlPointFileEntryV0005_PointLogData>*mutable_log();
::google::protobuf::internal::CachedSize*AccessCachedSize()const final;
::uint8_t*_InternalSerialize(::uint8_t*target,::google::protobuf::io::EpsCopyOutputStream*stream)const final;
ControlPointFileEntryV0005(::google::protobuf::Arena*arena,const ControlPointFileEntryV0005&from);
ControlPointFileEntryV0005_Measure(::google::protobuf::Arena*arena,const ControlPointFileEntryV0005_Measure&from);
ControlPointFileEntryV0005_Measure_MeasureLogData(::google::protobuf::Arena*arena,const ControlPointFileEntryV0005_Measure_MeasureLogData&from);
ControlPointFileEntryV0005_PointLogData(::google::protobuf::Arena*arena,const ControlPointFileEntryV0005_PointLogData&from);
PROTOBUF_ATTRIBUTE_REINITIALIZES void Clear()final;
PROTOBUF_NODISCARD std::string*release_aprioriradiussourcefile();
PROTOBUF_NODISCARD std::string*release_apriorisurfpointsourcefile();
PROTOBUF_NODISCARD std::string*release_choosername();
PROTOBUF_NODISCARD std::string*release_datetime();
PROTOBUF_NODISCARD std::string*release_id();
PROTOBUF_NODISCARD std::string*release_serialnumber();
PROTOBUF_TSAN_READ(&_impl_._tsan_detect_race);
PROTOBUF_TSAN_WRITE(&_impl_._tsan_detect_race);
assert(::Isis::ControlPointFileEntryV0005_AprioriSource_IsValid(value));
assert(::Isis::ControlPointFileEntryV0005_Measure_MeasureType_IsValid(value));
assert(::Isis::ControlPointFileEntryV0005_PointType_IsValid(value));
bool ControlPointFileEntryV0005_AprioriSource_IsValid(int value);
bool ControlPointFileEntryV0005_Measure_MeasureType_IsValid(int value);
bool ControlPointFileEntryV0005_PointType_IsValid(int value);
bool IsInitialized()const final;
const char*_InternalParse(const char*ptr,::google::protobuf::internal::ParseContext*ctx)final;
const std::string&_internal_aprioriradiussourcefile()const;
const std::string&_internal_apriorisurfpointsourcefile()const;
const std::string&_internal_choosername()const;
const std::string&_internal_datetime()const;
const std::string&_internal_id()const;
const std::string&_internal_serialnumber()const;
const std::string&aprioriradiussourcefile()const;
const std::string&apriorisurfpointsourcefile()const;
const std::string&choosername()const;
const std::string&datetime()const;
const std::string&id()const;
const std::string&serialnumber()const;
const::google::protobuf::EnumDescriptor*ControlPointFileEntryV0005_AprioriSource_descriptor();
const::google::protobuf::EnumDescriptor*ControlPointFileEntryV0005_Measure_MeasureType_descriptor();
const::google::protobuf::EnumDescriptor*ControlPointFileEntryV0005_PointType_descriptor();
const::google::protobuf::Message::ClassData*GetClassData()const final;
constexpr ControlPointFileEntryV0005_AprioriSource ControlPointFileEntryV0005_AprioriSource_AprioriSource_MAX=static_cast<ControlPointFileEntryV0005_AprioriSource>(7);
constexpr ControlPointFileEntryV0005_AprioriSource ControlPointFileEntryV0005_AprioriSource_AprioriSource_MIN=static_cast<ControlPointFileEntryV0005_AprioriSource>(0);
constexpr ControlPointFileEntryV0005_Measure_MeasureType ControlPointFileEntryV0005_Measure_MeasureType_MeasureType_MAX=static_cast<ControlPointFileEntryV0005_Measure_MeasureType>(3);
constexpr ControlPointFileEntryV0005_Measure_MeasureType ControlPointFileEntryV0005_Measure_MeasureType_MeasureType_MIN=static_cast<ControlPointFileEntryV0005_Measure_MeasureType>(0);
constexpr ControlPointFileEntryV0005_PointType ControlPointFileEntryV0005_PointType_PointType_MAX=static_cast<ControlPointFileEntryV0005_PointType>(4);
constexpr ControlPointFileEntryV0005_PointType ControlPointFileEntryV0005_PointType_PointType_MIN=static_cast<ControlPointFileEntryV0005_PointType>(0);
explicit ControlPointFileEntryV0005(::google::protobuf::Arena*arena);
explicit ControlPointFileEntryV0005_Measure(::google::protobuf::Arena*arena);
explicit ControlPointFileEntryV0005_Measure_MeasureLogData(::google::protobuf::Arena*arena);
explicit ControlPointFileEntryV0005_PointLogData(::google::protobuf::Arena*arena);
inline PROTOBUF_ALWAYS_INLINE void _internal_set_aprioriradiussourcefile(const std::string&value);
inline PROTOBUF_ALWAYS_INLINE void _internal_set_apriorisurfpointsourcefile(const std::string&value);
inline PROTOBUF_ALWAYS_INLINE void _internal_set_choosername(const std::string&value);
inline PROTOBUF_ALWAYS_INLINE void _internal_set_datetime(const std::string&value);
inline PROTOBUF_ALWAYS_INLINE void _internal_set_id(const std::string&value);
inline PROTOBUF_ALWAYS_INLINE void _internal_set_serialnumber(const std::string&value);
inline explicit Impl_(::google::protobuf::internal::InternalVisibility visibility,::google::protobuf::Arena*arena);
inline explicit Impl_(::google::protobuf::internal::InternalVisibility visibility,::google::protobuf::Arena*arena,const Impl_&from);
static void MergeImpl(::google::protobuf::Message&to_msg,const::google::protobuf::Message&from_msg);
static_assert(std::is_same<T,ControlPointFileEntryV0005_AprioriSource>::value || std::is_integral<T>::value,""Incorrect type passed to AprioriSource_Name()."");
static_assert(std::is_same<T,ControlPointFileEntryV0005_Measure_MeasureType>::value || std::is_integral<T>::value,""Incorrect type passed to MeasureType_Name()."");
static_assert(std::is_same<T,ControlPointFileEntryV0005_PointType>::value || std::is_integral<T>::value,""Incorrect type passed to PointType_Name()."");
std::string*_internal_mutable_aprioriradiussourcefile();
std::string*_internal_mutable_apriorisurfpointsourcefile();
std::string*_internal_mutable_choosername();
std::string*_internal_mutable_datetime();
std::string*_internal_mutable_id();
std::string*_internal_mutable_serialnumber();
std::string*_s=_internal_mutable_aprioriradiussourcefile();
std::string*_s=_internal_mutable_apriorisurfpointsourcefile();
std::string*_s=_internal_mutable_choosername();
std::string*_s=_internal_mutable_datetime();
std::string*_s=_internal_mutable_id();
std::string*_s=_internal_mutable_serialnumber();
std::string*mutable_aprioriradiussourcefile();
std::string*mutable_apriorisurfpointsourcefile();
std::string*mutable_choosername();
std::string*mutable_datetime();
std::string*mutable_id();
std::string*mutable_serialnumber();
template<typename Arg_=const std::string&,typename... Args_>void set_aprioriradiussourcefile(Arg_&&arg,Args_... args);
template<typename Arg_=const std::string&,typename... Args_>void set_apriorisurfpointsourcefile(Arg_&&arg,Args_... args);
template<typename Arg_=const std::string&,typename... Args_>void set_choosername(Arg_&&arg,Args_... args);
template<typename Arg_=const std::string&,typename... Args_>void set_datetime(Arg_&&arg,Args_... args);
template<typename Arg_=const std::string&,typename... Args_>void set_id(Arg_&&arg,Args_... args);
template<typename Arg_=const std::string&,typename... Args_>void set_serialnumber(Arg_&&arg,Args_... args);
void InternalSwap(ControlPointFileEntryV0005*other);
void InternalSwap(ControlPointFileEntryV0005_Measure*other);
void InternalSwap(ControlPointFileEntryV0005_Measure_MeasureLogData*other);
void InternalSwap(ControlPointFileEntryV0005_PointLogData*other);
void SharedCtor(::google::protobuf::Arena*arena);
void SharedDtor();
void set_allocated_aprioriradiussourcefile(std::string*value);
void set_allocated_apriorisurfpointsourcefile(std::string*value);
void set_allocated_choosername(std::string*value);
void set_allocated_datetime(std::string*value);
void set_allocated_id(std::string*value);
void set_allocated_serialnumber(std::string*value);
~ControlPointFileEntryV0005()override;
~ControlPointFileEntryV0005_Measure()override;
~ControlPointFileEntryV0005_Measure_MeasureLogData()override;
~ControlPointFileEntryV0005_PointLogData()override;",,
ControlPointGraphicsItem.h,identical,6ed718aa306c8b0c4634bc7712c85a8e476bf93e781f6e43180695ee51d77519,6ed718aa306c8b0c4634bc7712c85a8e476bf93e781f6e43180695ee51d77519,,,"ControlPoint
ControlPointGraphicsItem
MosaicSceneWidget
QPointF
SerialNumberList",,,,,,,
ControlPointList.h,identical,8927a6ddb6033a1a447a794c08f9ca0211f06fb27a2c142be55d20f5dce10d3a,8927a6ddb6033a1a447a794c08f9ca0211f06fb27a2c142be55d20f5dce10d3a,,,"ControlPointList
FileName",,,,,,,
ControlPointMerger.h,identical,7a3b3cbc244f3282a764844b9b171ce2d16f925266df5c50a4fde0a717281b67,7a3b3cbc244f3282a764844b9b171ce2d16f925266df5c50a4fde0a717281b67,,,ControlPointMerger,,,,,,,
ControlPointV0001.h,identical,362deabb96d4886f7463503e6cc51315a8eb198e0b4bdf0048a5ac3cda67d738,362deabb96d4886f7463503e6cc51315a8eb198e0b4bdf0048a5ac3cda67d738,,,"ControlPointV0001
PvlContainer
PvlObject",,,,,,,
ControlPointV0002.h,identical,2b83c5e8291d52919d51fc9efa286d77cfcd753b85aed731f4cadb63882d16e3,2b83c5e8291d52919d51fc9efa286d77cfcd753b85aed731f4cadb63882d16e3,,,"ControlPointV0001
ControlPointV0002
PvlContainer
PvlObject",,,,,,,
ControlPointV0003.h,identical,839a19380c373c5cc3c26c82d32eae7dbba90d8f88f6a5abd43ca593074f92a7,839a19380c373c5cc3c26c82d32eae7dbba90d8f88f6a5abd43ca593074f92a7,,,"ControlPointV0002
ControlPointV0003
PvlContainer
PvlObject",,,,,,,
CorrelationMatrix.h,identical,c6f705d330672e23b55d352d566c0d575729e3f0e83a30b4a90e7698df5f0e22,c6f705d330672e23b55d352d566c0d575729e3f0e83a30b4a90e7698df5f0e22,,,"CorrelationMatrix
FileName
MosaicSceneWidget
PvlObject
QList
QMap
SparseBlockColumnMatrix",,,,,,,
CrismCamera.h,identical,1ba906f7d3a0a65b9d0a87bd6cb3aac667206fb85b94834e0b8b041cbe0273c0,1ba906f7d3a0a65b9d0a87bd6cb3aac667206fb85b94834e0b8b041cbe0273c0,,,CrismCamera,,,,,,,
CropTransform.h,identical,f8d59f1e80093b3da2864933af532e31043c74632886ef42dcd4639fd063c85b,f8d59f1e80093b3da2864933af532e31043c74632886ef42dcd4639fd063c85b,,,CropTransform,,,,,,,
CsmBundleObservation.h,identical,5b8156ecf115a755d40e2b44dd1c3f004335baff4b557d4061edaf7918a7d02b,5b8156ecf115a755d40e2b44dd1c3f004335baff4b557d4061edaf7918a7d02b,,,CsmBundleObservation,,,,,,,
CsmSensor.h,identical,f03e1f6bccea24364a27459b5951860af661a1d5cf61ec5bf1c01973c4bd94c9,f03e1f6bccea24364a27459b5951860af661a1d5cf61ec5bf1c01973c4bd94c9,,,CsmSensor,,,,,,,
CsvReaderStrategy.h,identical,b50112b3c073f9e21d8b533c2c93346379aca780cd36ea0707bd7c26932f544c,b50112b3c073f9e21d8b533c2c93346379aca780cd36ea0707bd7c26932f544c,,,"CSVReader
CsvReaderStrategy
PvlObject",,,,,,,
CsvWriterStrategy.h,identical,356f2e24bc9e8b69b2aaa325e0649bf857991062cf90f989fa4773c09d849226,356f2e24bc9e8b69b2aaa325e0649bf857991062cf90f989fa4773c09d849226,,,"CsvWriterStrategy
PvlObject",,,,,,,
Cube.h,changed_declarations,6e0d9c185cc2c5c8742a22d9175492c5a7cc0f1bc2a607e02f9bb9ccbba65faa,da31ff3cbb30ab2381ea1952261448fe0ebc99ccbf2d264628297dcb441ca8cb,ImageIoHandler,"Blob
CubeIoHandler","Buffer
Camera
Cube
CubeAttributeOutput
CubeCachingAlgorithm
CubeStretch
FileName
Histogram
History
ImagePolygon
OriginalLabel
OriginalXmlLabel
Projection
Pvl
PvlGroup
QFile
QMutex
QString
Statistics
Table",LabelAttachment,,Format,"GDALDataset*gdalDataset()const;
LabelAttachment labelsAttached()const;
void checkAccess(QString access);
void createGdal(QString&dataFileName,QString&,char**papszOptions);
void initCoreFromGdal(const QString&labelFile);
void initLabelState(const Pvl&label);
void openCube(const QString&cubeFileName,QString access);
void openGdal(const QString&cubeFileName,QString access);
void setLabelsAttached(LabelAttachment attached);","bool labelsAttached()const;
bool storesDnData()const;
void setLabelsAttached(bool attached);",,
CubeAttribute.h,changed_declarations,38b5d970a07fdd54008e710636ddffc0a4f10d6048570717aa3c31f3ae0ea33f,6d629cce24b81b06c67e725cb8b4217e2ccba8fb1107611db1ec8f02df1ab1b9,,,"CubeAttribute
CubeAttributeInput
CubeAttributeOutput",,LabelAttachment,RangeType,"Cube::LabelAttachment labelAttachment()const;
bool propagateFileFormat()const;
void setLabelAttachment(Cube::LabelAttachment attachment);","LabelAttachment labelAttachment()const;
void setLabelAttachment(LabelAttachment attachment);",,
CubeBsqHandler.h,identical,066dc99228126902d97ee6a037b91990f60b072682c2caaa6f502cfe9b4f0b0b,066dc99228126902d97ee6a037b91990f60b072682c2caaa6f502cfe9b4f0b0b,,,CubeBsqHandler,,,,,,,
CubeCachingAlgorithm.h,identical,ea3d923c03d7b3c6394d823726fc9f48d3d9a7b592dc360733169cc67f2a40fd,ea3d923c03d7b3c6394d823726fc9f48d3d9a7b592dc360733169cc67f2a40fd,,,"Buffer
CacheResult
CubeCachingAlgorithm
QList
RawCubeChunk",,,,,,,
CubeCalculator.h,changed_declarations,f2f657a38b2c6cadb54a524e4e31c5685b528450af3680f29d222d271f77989b,a2f1a280d7626b50432068ee4ef743436a2fbc558176e60369d87f750b300382,,QVector,"CameraBuffers
CubeCalculator
DataValue
QString",,,"Calculations
DataValueType",,,,
CubeDataThread.h,changed_declarations,9a69d83161ad1dd189acec394a7fb89f3ecbc62d6008fc963f1c9b434adff566,68c0470393caf90410ebe5a5f4446259696274d64876012b8a6d33c1d9d99c55,,QPair,"Brick
Cube
CubeDataThread
FileName
QList
QMap
QMutex
QReadWriteLock
UniversalGroundMap",,,,,,,
CubeDataThreadTester.h,changed_declarations,03ce66a643376db858ce6ffee82b288f4984d60f4ab92a11025f1f26f43f1c5c,0fbd54cee663bbd918bcacb3e43b4a423e5240f12da48090470a75ea2a92f66c,,QPair,"Brick
CubeDataThread
CubeDataThreadTester
QList",,,,,,,
CubeDnView.h,identical,8f40428c1a0a0fe862aecc979e6234f80fbda4f49250203a9a0cf4e8e09b7475,8f40428c1a0a0fe862aecc979e6234f80fbda4f49250203a9a0cf4e8e09b7475,,,"ControlPoint
Cube
CubeDnView
Directory
Image
ImageList
MdiCubeViewport
Project
ProjectItemViewMenu
QAction
QMenu
QModelIndex
QToolBar
QWidget
QXmlStreamWriter
ToolPad
Workspace",,,,,,,
CubeDnViewWorkOrder.h,identical,8d9d3587bbfd03c3e68187221fdb7a2d187a97603fba25ab9dcecd15ec28cbd8,8d9d3587bbfd03c3e68187221fdb7a2d187a97603fba25ab9dcecd15ec28cbd8,,,"CubeDnViewWorkOrder
ImageList
Project
ShapeList",,,,,,,
CubeInfixToPostfix.h,identical,7b0bf2dc6eab183b07f59cc0c94a4434c1a1e793080a555dff14687a64e1b057,7b0bf2dc6eab183b07f59cc0c94a4434c1a1e793080a555dff14687a64e1b057,,,CubeInfixToPostfix,,,,,,,
CubeIoHandler.h,changed_declarations,fb63c57c2ebdd937e9aa39a3422d55249f1ac0aa4491d1ecd8158ed77f50455f,6e546b313945db8504ef759711918bd44157eb6e48fd00339db165d2ad7fd64d,,QPair,"Buffer
BufferToChunkWriter
CubeCachingAlgorithm
CubeIoHandler
EndianSwapper
Pvl
QElapsedTimer
QFile
QList
QMap
QMutex
RawCubeChunk",,,,"virtual BigInt getDataSize()const;
virtual void addCachingAlgorithm(CubeCachingAlgorithm*algorithm);
virtual void clearCache(bool blockForWriteCache=true)const;
virtual void read(Buffer&bufferToFill)const;
virtual void write(const Buffer&bufferToWrite);","BigInt getDataSize()const;
QMutex*dataFileMutex();
void addCachingAlgorithm(CubeCachingAlgorithm*algorithm);
void clearCache(bool blockForWriteCache=true)const;
void read(Buffer&bufferToFill)const;
void setVirtualBands(const QList<int>*virtualBandList);
void write(const Buffer&bufferToWrite);",,
CubeManager.h,identical,3b8885467d93d25561de26b0f4a1657e602ec5503d0a61a34905d9b643aff8a7,3b8885467d93d25561de26b0f4a1657e602ec5503d0a61a34905d9b643aff8a7,,,"Cube
CubeManager",,,,,,,
CubePlotCurve.h,identical,4821dd84edb5101ceb75282adc8937c61a7ff1a181c441ed3e2c556094f6142d,4821dd84edb5101ceb75282adc8937c61a7ff1a181c441ed3e2c556094f6142d,,,"CubePlotCurve
CubeViewport
QMimeData
QMouseEvent",,,,,,,
CubePlotCurveConfigureDialog.h,identical,5b306c465e70acb740c19cedc41837d70e8500999777ea6940dc4cb9bfa3538c,5b306c465e70acb740c19cedc41837d70e8500999777ea6940dc4cb9bfa3538c,,,"CubePlotCurve
CubePlotCurveConfigureDialog
PlotWindow
QCheckBox
QComboBox
QLineEdit
QPushButton
QWidget",,,,,,,
CubeStretch.h,identical,aa8d3796326f4bf648d64301165de0834bc241e0adfd2caa2c8ddf0b22123494,aa8d3796326f4bf648d64301165de0834bc241e0adfd2caa2c8ddf0b22123494,,,CubeStretch,,,,,,,
CubeTileHandler.h,identical,080b9020259a0fa3b20765306c855dab6278e882f809f5401807f37afb454995,080b9020259a0fa3b20765306c855dab6278e882f809f5401807f37afb454995,,,CubeTileHandler,,,,,,,
CubeViewport.h,identical,7b8ee791e240574218fe51c21f74f9829a799f3b4705c8676e763905a94f67f9,7b8ee791e240574218fe51c21f74f9829a799f3b4705c8676e763905a94f67f9,,,"BandInfo
Brick
Camera
Cube
CubeDataThread
CubeStretch
CubeViewport
Projection
Pvl
PvlKeyword
QPaintEvent
Stretch
Tool
UniversalGroundMap
ViewportBuffer",,,,,,,
DaisyAlgorithm.h,identical,1bc0347b84b5e021cadaf3bf73214b7699c6c310efcda0c9982f320fe685b4ce,1bc0347b84b5e021cadaf3bf73214b7699c6c310efcda0c9982f320fe685b4ce,,,DaisyAlgorithm,,,,,,,
DaisyExtractor.h,identical,7dae80643e9de67e948515ab9c019c8eb01b20bb4de9edbf3e5e1d8cbd28cf21,7dae80643e9de67e948515ab9c019c8eb01b20bb4de9edbf3e5e1d8cbd28cf21,,,DaisyExtractor,,,,,,,
DarkCurrent.h,identical,8e62d130e1a467a5fbf984029f3dccd521a0252242bcdcf9f63ac8b47bfb8cf7,8e62d130e1a467a5fbf984029f3dccd521a0252242bcdcf9f63ac8b47bfb8cf7,,,"CissLabels
DarkCurrent
IDLLinearInterpolation",,,,,,,
DarkModelPixel.h,identical,bc79d0c3077cc103be635cd28a5ea2ea2c9c138ad77edb476f806598e356486a,bc79d0c3077cc103be635cd28a5ea2ea2c9c138ad77edb476f806598e356486a,,,DarkModelPixel,,,,,,,
Database.h,identical,36a58c80b8fe9a6523a47f5cdf56de77239dfa854dad63114c628a295d30b507,36a58c80b8fe9a6523a47f5cdf56de77239dfa854dad63114c628a295d30b507,,,Database,,,,,,,
DatabaseFactory.h,identical,02e8e078a6258c9b44bfb5df08ad3f3cd148f2673e51a31b7efcee3a60d563b5,02e8e078a6258c9b44bfb5df08ad3f3cd148f2673e51a31b7efcee3a60d563b5,,,"DatabaseFactory
DbAccess
DbProfile",,,,,,,
DatabaseReaderStrategy.h,identical,06e0f1ae24608a456bfb85366c5f0a4811e7e7adbf13ca45a0772116e424c941,06e0f1ae24608a456bfb85366c5f0a4811e7e7adbf13ca45a0772116e424c941,,,"Database
DatabaseReaderStrategy
PvlObject
SqlRecord",,,,,,,
DatumFunctoid.h,identical,f204d724434263b5c6a2a467ebb6c924590e9780075246a102bab6a73533ea67,f204d724434263b5c6a2a467ebb6c924590e9780075246a102bab6a73533ea67,,,"AverageDistance
AverageRadius
DatumFunctoid
DatumFunctoidFactory
FrankeNelsonRadius
MaximumDistance
MaximumRadius
MedianDistance
MedianRadius
MinimumDistance
MinimumRadius
NaturalNeighborRadius
ShepardsRadius
StandardDeviationDistance
StandardDeviationRadius
TypeCount",,,,,,,
DawnFcCamera.h,identical,fd418205c880de1f4e014fb3b98098be5208696966816aab7d7bedc2be899f1d,fd418205c880de1f4e014fb3b98098be5208696966816aab7d7bedc2be899f1d,,,DawnFcCamera,,,,,,,
DawnFcDistortionMap.h,identical,ebc400a3e65a1851928eba151dd8ba57d4c7adbd683475fbb48d5e0ba4bcf863,ebc400a3e65a1851928eba151dd8ba57d4c7adbd683475fbb48d5e0ba4bcf863,,,DawnFcDistortionMap,,,,,,,
DawnVirCamera.h,identical,19f72d59cdd37dda9823cc081a910971c5a58b7599db7b9189a2db6aff5e7c5b,19f72d59cdd37dda9823cc081a910971c5a58b7599db7b9189a2db6aff5e7c5b,,,"DawnVirCamera
ScanMirrorInfo",,,,,,,
DbAccess.h,identical,aa1592a47fba743d0a3c25024e6fdc555a4d2e99e90b98e3efb31f757343a681,aa1592a47fba743d0a3c25024e6fdc555a4d2e99e90b98e3efb31f757343a681,,,"DbAccess
PvlObject",,,,,,,
DbProfile.h,identical,43b76ae0b6d70c63ca4a143e7ac32c27caa13e8c2edb91a8b5cf6b207a61ad92,43b76ae0b6d70c63ca4a143e7ac32c27caa13e8c2edb91a8b5cf6b207a61ad92,,,DbProfile,,,,,,,
DeleteControlPointDialog.h,identical,ebfe291d149375019f1b98020fd01ec269e9b019d48f55f6abe7cfa9ff16393b,ebfe291d149375019f1b98020fd01ec269e9b019d48f55f6abe7cfa9ff16393b,,,DeleteControlPointDialog,,,,,,,
DemShape.h,changed_declarations,87faed9573787404588dba7f70079051bee3433869439dcd4ac0d4b875714cf7,4b4644312e229cecbc7f9326a37bd543d8f02d4a8ac5eb50164619e0cb4a32b5,,QVector,"Cube
DemShape
Interpolator
Portal
Projection",,,,"double calcDemErrUpdateIntersection(std::vector<double>const&observerPos,std::vector<double>const&lookDirection,double t,double*intersectionPoint,bool&success);
double findDemValue();","virtual void calculateDefaultNormal();
void calculateSurfaceNormal();",,
Directory.h,identical,79ac0030f363d4407cde70c87af2cfe0b1b9e847494a265950e4dfccbe996a9b,79ac0030f363d4407cde70c87af2cfe0b1b9e847494a265950e4dfccbe996a9b,,,"AbstractProjectItemView
BundleObservation
BundleObservationView
ChipViewportsWidget
CnetEditorView
CnetEditorWidget
Control
ControlHealthMonitorView
ControlNet
ControlPointEditView
CubeDnView
Directory
FileItem
Footprint2DView
HistoryTreeWidget
ImageFileListWidget
JigsawRunWidget
MatrixSceneWidget
MosaicSceneWidget
Project
ProjectItem
ProjectItemModel
ProjectItemTreeView
QAction
QDockWidget
QMainWindow
QMenuBar
QProgressBar
QSplitter
QTabWidget
SensorInfoWidget
TargetBody
TargetInfoWidget
TemplateEditorWidget
WarningTreeWidget
WorkOrder
Workspace",,,,,,,
Displacement.h,identical,404680dcee110fc2d2e600702a8dfd35bc7c7b575f4327cef4a671f52f9f2529,404680dcee110fc2d2e600702a8dfd35bc7c7b575f4327cef4a671f52f9f2529,,,"Displacement
Distance",,,Units,,,,
DisplayProperties.h,identical,fed3b7ae1f086d43dca434a4473c7bea94d711785dd986595f3ce7c5780ee230,fed3b7ae1f086d43dca434a4473c7bea94d711785dd986595f3ce7c5780ee230,,,"DisplayProperties
FileName
Project
Pvl
PvlObject
QAction
QBitArray
QXmlStreamWriter",,,,,,,
Distance.h,identical,0b2efedc17daea0abc84ce1769a730c7941d9dd7e0a0ca4570c41c4d3b5c6c2c,0b2efedc17daea0abc84ce1769a730c7941d9dd7e0a0ca4570c41c4d3b5c6c2c,,,"Displacement
Distance
QString",,,Units,,,,
DskSegmentBuffer.hpp,added,,9d3512cade00f5c274d37aee778091299d67b21183a4030f98ab4528a6626306,DskSegmentBuffer,,,,,,"btmesh.addIndexedMesh(v_mesh,PHY_INTEGER);
const size_t max_bt_triangles=bt_MaxTriangles();
int*index=this->index(ith);
ith<this->plate_count();
m_index_data.reset(new unsigned char[ nplates*3*sizeof(int)]);
m_vertex_data.reset(new unsigned char[ nvertices*3*sizeof(double)]);
size_t n_mesh_facets=std::min(n_remaining,max_bt_triangles);
size_t n_remaining=this->plate_count()- n_facets_mapped;
std::cout<<""Indexes:""<<this->plate_count()<<std::endl;
std::cout<<""PartNo:""<<n_parts<<std::endl;
std::cout<<""Segment:""<<this->segment_number()<<std::endl;
std::cout<<""Vectors:""<<this->vertex_count()<<std::endl;
std::cout<<""\n***Creating Bullet Mesh***""<<std::endl;
std::string mess=""**DSK Data Allocation Error***segment "" + std::to_string(m_segment_no)+ "",plates("" + std::to_string(nplates)+ "",vertices("" + std::to_string(nvertices)+ "")"";
this->allocate(nplates,nvertices);
throw IException(IException::User,mess,_FILEINFO_);
v_mesh.m_numVertices=this->vertex_count();
v_mesh.m_triangleIndexBase=this->index_ptr(n_facets_mapped);
v_mesh.m_triangleIndexStride=(sizeof(int)*3);
v_mesh.m_vertexBase=this->vector_ptr(0);
v_mesh.m_vertexStride=(sizeof(double)*3);",,,
EditTool.h,identical,2764343202e9f7c35d2a625958bd3ed4aa495318d80ebe663a054d8ed87da097,2764343202e9f7c35d2a625958bd3ed4aa495318d80ebe663a054d8ed87da097,,,"Brick
Cube
EditTool
MdiCubeViewport
QComboBox
QLine
QLineEdit
QToolButton",,,"EditShape
ReplacementValue",,,,
EllipsoidShape.h,changed_declarations,9975637f9789e91d0329bf322a10750fd241deafc0d9886cd2b06b7fa181286b,5f2f73fb01c1d87ef49c8d8fa5304eb717bfaa018fca5a383a10c3f6df037a65,,QVector,"EllipsoidShape
Pvl",,,,,"virtual void calculateDefaultNormal();
void calculateSurfaceNormal();",,
EmbreeShapeModel.h,changed_declarations,ef9da21040789377f1fa068a69de05f5e148fde01fc4907edf704500e9e1a778,2cf8d216a027024fe6c4befd51c9fe2221c61676c2ed0d75caf082ba91639932,,,"EmbreeShapeModel
Target",,,,,"QVector<double>ellipsoidNormal();
virtual double incidenceAngle(const std::vector<double>&uB);
virtual void calculateDefaultNormal();
virtual void calculateSurfaceNormal();",,
EmbreeTargetManager.h,identical,b2f1ef45962218831abe3ef17314cf49936010a774554d0a740212342d53d5bb,b2f1ef45962218831abe3ef17314cf49936010a774554d0a740212342d53d5bb,,,"EmbreeTargetManager
EmbreeTargetShapeContainer",,,,,,,
EmbreeTargetShape.h,identical,00abdd0e7efcd64240f52e6576bba79fd8a1142af8554c3ecaea39badae51303,00abdd0e7efcd64240f52e6576bba79fd8a1142af8554c3ecaea39badae51303,,,"EmbreeTargetShape
Pvl
RTCMultiHitRay
RTCOcclusionRay
RayHitInformation
Triangle
Vertex",,,,,,,
Endian.h,removed,b301e713e1e5cfd6861df85a6fac36f7009bc0e5e8f67954dec43e07d46f36e2,,,,,,ByteOrder,,,QString temp=order.toUpper();,,"inline bool IsBigEndian(){
inline bool IsLittleEndian(){"
EndianSwapper.h,identical,15e4e8cfe9b41ffdcd68a30796cc9d73f0baf60f6de18d55842534c089f216b2,15e4e8cfe9b41ffdcd68a30796cc9d73f0baf60f6de18d55842534c089f216b2,,,EndianSwapper,,,,,,,
Enlarge.h,identical,9ddf29349fdee51f4ff5a4aa92fed1f42b2ba78a055b76cc4d2df064c76d212e,9ddf29349fdee51f4ff5a4aa92fed1f42b2ba78a055b76cc4d2df064c76d212e,,,"Cube
Enlarge
PvlGroup",,,,,,,
Environment.h,changed_declarations,acf363daf8523e1762e7d831bf6f74252e8ee6a703899722bd066ce2c77a2d6a,4ad6e2166032b1592906afd781f04831cab31159640c41fc8fce0fdb66f32691,,,"Environment
QString",,,,static QString aleVersion();,,,
Equalization.h,identical,9446016c04f0002778a06a3ed05f6f7be3cc3695a835cba7f00dfe5eb760d692,9446016c04f0002778a06a3ed05f6f7be3cc3695a835cba7f00dfe5eb760d692,,,"ApplyFunctor
Buffer
CalculateFunctor
Equalization
ImageAdjustment
OverlapStatistics
Pvl
PvlGroup
PvlObject
Statistics",,,,,,,
EquatorialCylindricalShape.h,identical,02c8bee17fae485b55fbfa876689f60ef33fd45c40efe067beb427db320f435e,02c8bee17fae485b55fbfa876689f60ef33fd45c40efe067beb427db320f435e,,,"EquatorialCylindricalShape
Pvl",,,,,,,
Equirectangular.h,identical,636a2020ccc00af7330762abcda21472c7b95b878e924cbca063e4cd6a75a66b,636a2020ccc00af7330762abcda21472c7b95b878e924cbca063e4cd6a75a66b,,,"Equirectangular
Pvl",,,,,,,
Exponential.h,identical,7a6f43d02968c9e38fef36d1418dac9eecdb203744dacd9fad94dc80d92cdbff,7a6f43d02968c9e38fef36d1418dac9eecdb203744dacd9fad94dc80d92cdbff,,,"Camera
Exponential
Parameters
PvlObject",,,,,,,
ExportControlNetWorkOrder.h,identical,3c6fa3a226cd8b43b1537130924f09e3580c8ccc2fce0348aac0cd4f14bb8963,3c6fa3a226cd8b43b1537130924f09e3580c8ccc2fce0348aac0cd4f14bb8963,,,ExportControlNetWorkOrder,,,,,,,
ExportDescription.h,identical,3334d5f15989ef4df0f639e485c866b340a06a3c651dcec3ba5ec096921ac2af,3334d5f15989ef4df0f639e485c866b340a06a3c651dcec3ba5ec096921ac2af,,,"ChannelDescription
ExportDescription",,,,,,,
ExportImagesWorkOrder.h,identical,1686575d5f26fa11272ed5b7dc360abffe7eaaeac5e09c765b745f909f0fb72c,1686575d5f26fa11272ed5b7dc360abffe7eaaeac5e09c765b745f909f0fb72c,,,"ExportImagesWorkOrder
IException
Image
ProjectImageExportFunctor",,,,,,,
ExportPdsTable.h,identical,11aa026e1c37087828ccdce210407e9011f667b2a72711f1af77ce000d134467,11aa026e1c37087828ccdce210407e9011f667b2a72711f1af77ce000d134467,,,"EndianSwapper
ExportPdsTable
Pvl
PvlObject
Table
TableRecord",,,,,,,
FASTAlgorithm.h,identical,ce1d3e74c9bc74e1f609fa7af04819a87ffb4b8efd5224dd5348c2de84d2562d,ce1d3e74c9bc74e1f609fa7af04819a87ffb4b8efd5224dd5348c2de84d2562d,,,FASTAlgorithm,,,,,,,
FREAKAlgorithm.h,identical,0c8fca8f5e7976017cf3189a1603d6ac1a153e62ae0858f3f7d5ec00b6cae12b,0c8fca8f5e7976017cf3189a1603d6ac1a153e62ae0858f3f7d5ec00b6cae12b,,,FREAKAlgorithm,,,,,,,
FastGeom.h,identical,e4d65513ffa8d3531a7d7b60cbf895f7cda6c52b0cf181e77418e4e09b51935a,e4d65513ffa8d3531a7d7b60cbf895f7cda6c52b0cf181e77418e4e09b51935a,,,"FastGeom
ImageTransform",,,,,,,
FeatureAlgorithm.h,identical,eb5634a89fd3b5042ac7fa0a1a26999e6a6b0d16072a3989e179fce56cd9f3ce,eb5634a89fd3b5042ac7fa0a1a26999e6a6b0d16072a3989e179fce56cd9f3ce,,,FeatureAlgorithm,,,,,,,
FeatureAlgorithmFactory.h,identical,a652b8c171ea5f34ab5da82b0dbbe230be2b9cc5f9e372753cf1a64cf0707a28,a652b8c171ea5f34ab5da82b0dbbe230be2b9cc5f9e372753cf1a64cf0707a28,,,FeatureAlgorithmFactory,,,,,,,
FeatureInventory.h,identical,7db701ce483f33ec105d5a2c2b4ecbf828f9509a6980a0698fab717df24f536b,7db701ce483f33ec105d5a2c2b4ecbf828f9509a6980a0698fab717df24f536b,,,FeatureInventory,,,,,,,
FeatureMatcherTypes.h,identical,2aaf2dedc50c1e798abc765616ec1c4a7daf94977502e1fb89de682cab48e552,2aaf2dedc50c1e798abc765616ec1c4a7daf94977502e1fb89de682cab48e552,,,,,,,,,,
FeatureNomenclature.h,identical,f26f43d7575dbc632a6eadc33982edc84e1130e08284fec1cbb1fbeddab5e03f,f26f43d7575dbc632a6eadc33982edc84e1130e08284fec1cbb1fbeddab5e03f,,,"Distance
Feature
FeatureNomenclature
Latitude
Longitude
QDomDocument
QDomElement
QList
QNetworkAccessManager
QNetworkReply
QNetworkRequest
QString
QUrl
QWidget
iTime",,,IAUStatus,,,,
FeatureNomenclatureTool.h,changed_declarations,76a7d707dbd93215ccd4ba58c4def396c3e7826e48499e884d4a2d74eed1b5aa,b700934371aec865c075c606e5c78293ff55e137e9d6e957e56aa8aaef17dfad,,QPair,"FeatureDisplayPosition
FeatureNomenclatureTool
FeaturePosition
MdiCubeViewport
QCheckBox
QComboBox
QDialog
QLabel
QLineEdit
QMap
QMenu
QProgressBar
QPushButton
QString
UniversalGroundMap
ViewportFeatureDisplay",,,VectorType,,,,
FileDialog.h,identical,af3ce9e71f09ceef30e99da2622c71d1f0fb0ae952854c66ffa2309b50c6b747,af3ce9e71f09ceef30e99da2622c71d1f0fb0ae952854c66ffa2309b50c6b747,,,"FileDialog
QComboBox
QLineEdit",,,,,,,
FileItem.h,identical,8f4c98a3045074541365e8a8d58530cab13021aefb9b82570e21e61aebf15f39,8f4c98a3045074541365e8a8d58530cab13021aefb9b82570e21e61aebf15f39,,,FileItem,,,,,,,
FileList.h,identical,895f023159f42cdc39b1821b63f53c6f61e4ab4b5dd22665b969fb3dd23da6d8,895f023159f42cdc39b1821b63f53c6f61e4ab4b5dd22665b969fb3dd23da6d8,,,"FileList
FileName
QString",,,,,,,
FileName.h,changed_declarations,76b39536b9160e9ca41e0a69ee9db88caba316e651469f951d77eeb62f2c5002,ac404e21095bc00d7cbd1a6b48b6cbba6d289c77466357e55cb44b8becb8032a,,QPair,"Data
FileName
QDate
QDir
QString",,,,"friend bool operator!=(const FileName&lhs,const FileName&rhs);
friend bool operator==(const FileName&lhs,const FileName&rhs);","bool operator!=(const FileName&rhs);
bool operator==(const FileName&rhs);",,
FileTool.h,identical,08d0298bd53ecb70bec7582ce5db891dfb55efeb4a8cee464cf1e19f519d1ba0,08d0298bd53ecb70bec7582ce5db891dfb55efeb4a8cee464cf1e19f519d1ba0,,,"Brick
Buffer
Cube
CubeAttributeOutput
FileTool
MdiCubeViewport
QAction
SaveAsDialog",,,,,,,
FilterCachingAlgorithm.h,identical,6f2687e95ff3849d6e4174815f6ff875f85568a4c3b7fc98046f185bea32c0af,6f2687e95ff3849d6e4174815f6ff875f85568a4c3b7fc98046f185bea32c0af,,,FilterCachingAlgorithm,,,,,,,
FilterGroup.h,identical,2e539b1c1d9993beecd83f924ed118abc5c052654b4cf49f4a59f71fe3df2a0a,2e539b1c1d9993beecd83f924ed118abc5c052654b4cf49f4a59f71fe3df2a0a,,,"AbstractFilterSelector
ControlPoint
FilterGroup
QList
QPushButton
QVBoxLayout",,,,,,,
FilterStrategy.h,identical,7350d6ecabbca6b9d4edf32ebfa103b34443d0f25aebfea9c79f7a1cef81e9d8,7350d6ecabbca6b9d4edf32ebfa103b34443d0f25aebfea9c79f7a1cef81e9d8,,,"FilterStrategy
PvlObject",,,,,,,
FilterWidget.h,changed_declarations,f2ff6e30ff84e0e14ebb727bd82c736f4d135dfbc84fb9e40fe8db7c77eb72fa,90b0903824d9a6d887eccfbc4b3e45ec761b4494305f8dfd43da5ce06c7554af,,QPair,"ControlMeasure
ControlNet
ControlPoint
FilterGroup
FilterWidget
QLabel
QList
QPushButton
QString
QTextEdit
QVBoxLayout",,,,,,,
FindGapsFunctor.h,identical,3262ae2d25fe7be0a41b36797398cec478a2ff8b6c9bf5de2eddea8f700d1e0a,3262ae2d25fe7be0a41b36797398cec478a2ff8b6c9bf5de2eddea8f700d1e0a,,,"Brick
Buffer
Cube
FindGapsFunctor
Pvl
PvlGroup
QString",,,,,,,
FindSpotGraphicsItem.h,identical,9e84a0c837b337bbb5d081188c86926b1f0d9b39ebe0206bffd5af1fe42a83ef,9e84a0c837b337bbb5d081188c86926b1f0d9b39ebe0206bffd5af1fe42a83ef,,,"FindSpotGraphicsItem
MosaicSceneWidget
QPointF",,,,,,,
FindTool.h,changed_declarations,f13e3277d9aa4044b4b241f6f42137b32d711a305a5a4c64fae77c9ad1b8354d,1571f2ec25b072c378eb67a692ecd46ac3430bbd7b2fc4d3e575855906ca1fda,QComboBox,,"Distance
FindTool
GroundTab
ImageTab
MdiCubeViewport
QAction
QCheckBox
QLineEdit
QTabWidget
QToolButton",,,,void setProjectionEngine(int index);,,,
FitsToJson.h,identical,55f161f90c1213be35481d74d55008c8b434bdda72e9af543edef61679783271,55f161f90c1213be35481d74d55008c8b434bdda72e9af543edef61679783271,,,,,,,,,,
FlannBasedMatcher.h,identical,47bc457f5935731946415fceebd5704c378187a6e5f9e69934fdba55f4544471,47bc457f5935731946415fceebd5704c378187a6e5f9e69934fdba55f4544471,,,FlannBasedMatcher,,,,,,,
Footprint2DView.h,identical,7d1b51c4bb160a1dc069cce9499ebbaa1cc6e8558fe45a030fbb8a3fba223844,7d1b51c4bb160a1dc069cce9499ebbaa1cc6e8558fe45a030fbb8a3fba223844,,,"ControlPoint
Directory
Footprint2DView
Image
ImageFileListWidget
MosaicSceneWidget
Project
QAction
QEvent
QMainWindow
QToolBar
QWidgetAction
QXmlStreamWriter
ToolPad",,,,,,,
Footprint2DViewWorkOrder.h,identical,5a17e4fa522c5fa672ea20ceedd7d1700e70eff06144bbbecbc299dda91df647,5a17e4fa522c5fa672ea20ceedd7d1700e70eff06144bbbecbc299dda91df647,,,"Footprint2DViewWorkOrder
ImageList
Project
ShapeList",,,,,,,
ForstnerOperator.h,identical,5a9199085ea8942bc8bd4ed0da3ca2a37ca0fbbed848d93506abe948956bdda7,5a9199085ea8942bc8bd4ed0da3ca2a37ca0fbbed848d93506abe948956bdda7,,,"Chip
ForstnerOperator
Pvl",,,,,,,
FourierTransform.h,identical,dd3f9b6af9cde5981bd95ea65a2e10dc1074aa94b00702498d5f92218ab6af45,dd3f9b6af9cde5981bd95ea65a2e10dc1074aa94b00702498d5f92218ab6af45,,,FourierTransform,,,,,,,
FramingCamera.h,identical,366caf66f462a9e278f59e03911bdd43cf9b00d099269384e0cb13d5a3088d43,366caf66f462a9e278f59e03911bdd43cf9b00d099269384e0cb13d5a3088d43,,,FramingCamera,,,,,,,
FunctionTools.h,identical,54ca0a91a5ab08432924bd461ab6cfe2f749bf26e38dab1ef96d4fe4e7033923,54ca0a91a5ab08432924bd461ab6cfe2f749bf26e38dab1ef96d4fe4e7033923,,,FunctionTools,,,,,,,
GFTTAlgorithm.h,identical,30ce5ae84e20f99e76d9f8acb20fd4aaaae6165f677ee7bd6cd8ea79f1d06c59,30ce5ae84e20f99e76d9f8acb20fd4aaaae6165f677ee7bd6cd8ea79f1d06c59,,,GFTTAlgorithm,,,,,,,
GSLUtility.h,identical,3aa9dc3202ea7f1660fadf45020c869e976beca767d3d9283c5d0d263133a340,3aa9dc3202ea7f1660fadf45020c869e976beca767d3d9283c5d0d263133a340,,,GSLUtility,,,,,,,
GainChannelNormalize.h,identical,7031f8f6b70ccc13eeebc7e1199d26e0383054508d0100e1d2055af8143c5eb4,7031f8f6b70ccc13eeebc7e1199d26e0383054508d0100e1d2055af8143c5eb4,,,GainChannelNormalize,,,,,,,
GainFlatField.h,identical,4f149b7fb0172895556277027517eb845194b3ec8ef2f3995e56080b5bb407e7,4f149b7fb0172895556277027517eb845194b3ec8ef2f3995e56080b5bb407e7,,,GainFlatField,,,,,,,
GainLineDrift.h,identical,c70a8203e4e9eea14d2a6d388638b350938805c6d5e1ce55f23ce79e79a2de93,c70a8203e4e9eea14d2a6d388638b350938805c6d5e1ce55f23ce79e79a2de93,,,GainLineDrift,,,,,,,
GainNonLinearity.h,identical,33b64bef1eedb10582737845cdd73f742201c749de8ba2f1ead38609d78fc8aa,33b64bef1eedb10582737845cdd73f742201c749de8ba2f1ead38609d78fc8aa,,,GainNonLinearity,,,,,,,
GainTemperature.h,identical,68d71cb8caf767b9e18f65bb3e8b5146092d2366abad5fa41889e185b2686071,68d71cb8caf767b9e18f65bb3e8b5146092d2366abad5fa41889e185b2686071,,,GainTemperature,,,,,,,
GainUnitConversion.h,identical,4feadec1fecd456b3656a29a7ecb44128c4000a0908786365bc3daf85b35d99e,4feadec1fecd456b3656a29a7ecb44128c4000a0908786365bc3daf85b35d99e,,,GainUnitConversion,,,,,,,
GaussianDistribution.h,identical,fc15c1b8d2d2f9e1c37b6356436efef850aef630d0a1d3134e84e599d4733467,fc15c1b8d2d2f9e1c37b6356436efef850aef630d0a1d3134e84e599d4733467,,,GaussianDistribution,,,,,,,
GaussianStretch.h,identical,c16d5db4a79ba1aaa25d6d9f58cbef0c55a44b99b1bad443fde7be6a40567e46,c16d5db4a79ba1aaa25d6d9f58cbef0c55a44b99b1bad443fde7be6a40567e46,,,GaussianStretch,,,,,,,
GdalIoHandler.h,added,,6d6fe5cfe085947117f056dd98cca23f334e4a61d1722c6967112d3818c5ff17,"Buffer
CubeCachingAlgorithm
GdalIoHandler
Pvl
QFile
QList
QMutex
QString",,,,,,"GdalIoHandler(GDALDataset*geodataSet,const QList<int>*virtualBandList,GDALDataType pixelType=GDT_Float64);
GdalIoHandler(QString&dataFilePath,const QList<int>*virtualBandList,GDALDataType pixelType=GDT_Float64,GDALAccess eAccess=GA_ReadOnly);
bool writePixelType(double*doubleBuff,void*rawBuff,int idx)const;
m_geodataSet->FlushCache(blockForWriteCache);
virtual BigInt getDataSize()const;
virtual void read(Buffer&bufferToFill)const;
virtual void updateLabels(Pvl&labels);
virtual void write(const Buffer&bufferToWrite);
virtual ~GdalIoHandler();
void init();
void readPixelType(double*doubleBuff,void*rawBuff,int idx)const;",,,
GenericTransform.h,identical,2221e66f00a7d9c1260649471b76d5a1a63a3a28427c01cdb718a15642818b78,2221e66f00a7d9c1260649471b76d5a1a63a3a28427c01cdb718a15642818b78,,,GenericTransform,,,,,,,
GisGeometry.h,identical,12edf7be97951144fd8b3101595a08303122929cff1190fa458468840624f97a,12edf7be97951144fd8b3101595a08303122929cff1190fa458468840624f97a,,,"Cube
GisGeometry
QString",,,Type,,,,
GisIntersectStrategy.h,identical,335ee1a8c0007fb3b97be924c2d82af36dd0a38ccc7140a229209df0ffea8598,335ee1a8c0007fb3b97be924c2d82af36dd0a38ccc7140a229209df0ffea8598,,,"GisIntersectStrategy
PvlFlatMap
PvlObject",,,,,,,
GisOverlapStrategy.h,identical,f63abd6872f5577ba74756098fd23bfc098fb2518c83e1a18d82e2f10f6e78a0,f63abd6872f5577ba74756098fd23bfc098fb2518c83e1a18d82e2f10f6e78a0,,,"GisOverlapStrategy
PvlKeyword
PvlObject",,,GisMergeOption,,,,
GisTopology.h,identical,b8db94817ce17c585456105d7b5cfb3815f9dd4fb76b171e56c7be915617c7f1,b8db94817ce17c585456105d7b5cfb3815f9dd4fb76b171e56c7be915617c7f1,,,"GisTopology
QString",,,Disposition,,,,
GisUnionStrategy.h,identical,374f5ce6ac3d33bc06f452c399436f4781145f4bbc4f9da45be42ee0493f6323,374f5ce6ac3d33bc06f452c399436f4781145f4bbc4f9da45be42ee0493f6323,,,"GisUnionStrategy
PvlObject",,,,,,,
GoodnessOfFitFilter.h,changed_declarations,f9a4a9159754c06451ed47678110828770fe62d23b8cabb41a340d0989cbacfe,97b7f273dd074e0eb100f5115291b39d212eba2f415fb90d1d5e4a2a8d835152,,QPair,"ControlMeasure
ControlNet
ControlPoint
GoodnessOfFitFilter
QString",,,,,,,
GradientOperator.h,identical,42068ee47fc8e5f80f7a0d25acce303883aed6b07113db9ee45b82536df6a607,42068ee47fc8e5f80f7a0d25acce303883aed6b07113db9ee45b82536df6a607,,,"Chip
GradientOperator
Pvl",,,,,,,
GraphicsView.h,identical,06eed98211442c94b3c19ddc55a23acf445f3d6873c57c7b6a67f40da7e52570,06eed98211442c94b3c19ddc55a23acf445f3d6873c57c7b6a67f40da7e52570,,,GraphicsView,,,,,,,
GridGraphicsItem.h,identical,141522de14e4bdbf67c2201fbc205ae57c67a9b7944f4f1adf19980ef7b83394,141522de14e4bdbf67c2201fbc205ae57c67a9b7944f4f1adf19980ef7b83394,,,"Angle
GridGraphicsItem
GroundGrid
Latitude
Longitude
MosaicSceneWidget
QList
QPointF
UniversalGroundMap",,,,,,,
GridPolygonSeeder.h,changed_declarations,c0ff7fdace8a744b49f615bb2cb638d840c983d9133786866a7de482f0532573,6ac1b242b73d0d4bce1134350a060c9aca670051b4be2751e369dbc7ee9abd8f,,,"GridPolygonSeeder
Pvl",,,,"geos::geom::Point*CheckSubGrid(const geos::geom::Polygon&,const double&,const double&,const int&);","geos::geom::Point*CheckSubGrid(const geos::geom::MultiPolygon&,const double&,const double&,const int&);",,
GroundGrid.h,identical,964c74db57182da0182d971d49c54273c8e3b54dceacb93b614b8e6c44d2c904,964c74db57182da0182d971d49c54273c8e3b54dceacb93b614b8e6c44d2c904,,,"Angle
GroundGrid
Latitude
Longitude
Progress
PvlGroup
UniversalGroundMap",,,,,,,
GroupedStatistics.h,changed_declarations,77d34242c8b8e501645cbce1d7d1deecdab18298394725c2e99f54f706a47844,9095f83cb5acd0ba19aea95aa91fc06e68d9143707ee5042d89cb7f98ad39973,,QVector,"GroupedStatistics
QMap
QString
Statistics",,,,,,,
Gruen.h,identical,be9b274923fe3e90a560a844f253fefec95316a7a5edcd400da213724111f1dd,be9b274923fe3e90a560a844f253fefec95316a7a5edcd400da213724111f1dd,,,"Chip
ErrorCounter
Gruen",,,ErrorTypes,,,,
GruenTypes.h,identical,5f7e7cb0d13676643f497850b18b030652490ea4d4bad3a1dd6ccb634d218f1c,5f7e7cb0d13676643f497850b18b030652490ea4d4bad3a1dd6ccb634d218f1c,,,"AffineRadio
AffineTolerance
Analysis
Coordinate
MatchPoint
PointPair
Radiometric
Threshold",,,,,,,
Gui.h,identical,4e0cd0c5be4152ffea991536803551dca665a7179103acc1114ce5d1b6edf672,4e0cd0c5be4152ffea991536803551dca665a7179103acc1114ce5d1b6edf672,,,Gui,,,,,,,
GuiBooleanParameter.h,identical,2f71d2cffa2feb0fe1715be976c8efb0ea837fb7b525b53033679890ae2fda42,2f71d2cffa2feb0fe1715be976c8efb0ea837fb7b525b53033679890ae2fda42,,,GuiBooleanParameter,,,,,,,
GuiCamera.h,identical,8dc551f67e534660b4c90104b6519f65bfc45d4a52e43c952ac682142dfaa580,8dc551f67e534660b4c90104b6519f65bfc45d4a52e43c952ac682142dfaa580,,,"Camera
FileName
GuiCamera
GuiCameraDisplayProperties
Project
PvlObject
QDataStream
QUuid
QXmlStreamWriter",,,,,,,
GuiCameraDisplayProperties.h,identical,b608c2a12060bee1414af13eadb64946236a7d1e878600910a4c4e3c69f58798,b608c2a12060bee1414af13eadb64946236a7d1e878600910a4c4e3c69f58798,,,"FileName
GuiCameraDisplayProperties
Project
Pvl
PvlObject
QAction
QXmlStreamWriter",,,Property,,,,
GuiCameraList.h,changed_declarations,a355c48f2187140d6a3bdb0424c38fdf326678647bca6ee1613b96fa226a2b30,3bea38daf2a2d30d3f8f35c040bd945cc45c776ac120fa8e6c958276443be40d,,QStringList,"FileName
GuiCameraList
QXmlStreamWriter",,,,,,,
GuiComboBoxParameter.h,identical,85a8da0769c5126c02a0dd3441317ed0e7d46bb7c646f3c67a34a28a235eda83,85a8da0769c5126c02a0dd3441317ed0e7d46bb7c646f3c67a34a28a235eda83,,,GuiComboBoxParameter,,,,,,,
GuiCubeParameter.h,identical,c5863e0c3160bf85373ad61c921bf9e3781603139a729d5ee1528bccb7bca7df,c5863e0c3160bf85373ad61c921bf9e3781603139a729d5ee1528bccb7bca7df,,,GuiCubeParameter,,,,,,,
GuiDoubleParameter.h,identical,57068cb27c50af8a12b421b4b12f4b34009730db30a9a9cb757f1e51c1a74d37,57068cb27c50af8a12b421b4b12f4b34009730db30a9a9cb757f1e51c1a74d37,,,GuiDoubleParameter,,,,,,,
GuiEditFile.h,identical,2640eae40f1f5cbd365807197398e9ac68acd680a8e066afd6a0ef29da5e2397,2640eae40f1f5cbd365807197398e9ac68acd680a8e066afd6a0ef29da5e2397,,,"GuiEditFile
UserInterface",,,,,,,
GuiFilenameParameter.h,identical,a6df206980dfaa068dced0e6c565a99fa5721c51d6537016d81210d6498273b5,a6df206980dfaa068dced0e6c565a99fa5721c51d6537016d81210d6498273b5,,,GuiFileNameParameter,,,,,,,
GuiHelperAction.h,identical,f2e97e3e7a793a7644e679606f39af0a326e6a656a1383a490ee87074d7c20f0,f2e97e3e7a793a7644e679606f39af0a326e6a656a1383a490ee87074d7c20f0,,,GuiHelperAction,,,,,,,
GuiInputAttribute.h,identical,568c2cf4593876aa039ab3ffeae5635168f864d497dac411648baf61d2619180,568c2cf4593876aa039ab3ffeae5635168f864d497dac411648baf61d2619180,,,GuiInputAttribute,,,,,,,
GuiIntegerParameter.h,identical,51f0a434f0345149b801c693a4e6ba9e70fc2c81e48ed2f72849b5f73d597211,51f0a434f0345149b801c693a4e6ba9e70fc2c81e48ed2f72849b5f73d597211,,,GuiIntegerParameter,,,,,,,
GuiListParameter.h,identical,fada67f382debee51903ec5f2837f948fc3ea28c51e8cb6f5d49e1f1076830ce,fada67f382debee51903ec5f2837f948fc3ea28c51e8cb6f5d49e1f1076830ce,,,GuiListParameter,,,,,,,
GuiLog.h,identical,90e6a813f470c054cb6c6005c5631b420eea4fc6853bb156f9fc7ac018bad9a0,90e6a813f470c054cb6c6005c5631b420eea4fc6853bb156f9fc7ac018bad9a0,,,GuiLog,,,,,,,
GuiOutputAttribute.h,identical,aaf3b21301c3aef26a5aaaa0a091dc5eda3ebc1abc452c90344fce82e84f7543,aaf3b21301c3aef26a5aaaa0a091dc5eda3ebc1abc452c90344fce82e84f7543,,,GuiOutputAttribute,,,,,,,
GuiParameter.h,changed_declarations,abfd9c0eac8d5aef4bbf6c457bd9381473c7b3be95a6cea9b134448b5de9af08,9caef5d5fe78017c1167d865af25e2dd78c44e9fea8ede92623be8cd6f4ffd6a,,,"GuiParameter
UserInterface",,,ParameterType,"void SetEnabledOption(bool enabled,QString option,bool isParentCombo);",,,
GuiParameterFactory.h,identical,e1cdab835472b4ee1ddbf6bde2c85599547e00ba74456df73e68deba8f9c1cce,e1cdab835472b4ee1ddbf6bde2c85599547e00ba74456df73e68deba8f9c1cce,,,GuiParameterFactory,,,,,,,
GuiStringParameter.h,identical,11f5324900a4b4c4be6d229e1d8a016df8c59505344543a00674fbc924cb41e5,11f5324900a4b4c4be6d229e1d8a016df8c59505344543a00674fbc924cb41e5,,,GuiStringParameter,,,,,,,
Hapke.h,identical,a6aea896f00a71a1167d3e44000ba54b298ff8c229a7071851b2ef201cab1fdd,a6aea896f00a71a1167d3e44000ba54b298ff8c229a7071851b2ef201cab1fdd,,,"Hapke
Pvl",,,,,,,
HapkeAtm1.h,identical,9a4ddce6d2d509654e8d38453847f0b41eba8d0a2b8a3b8673ef24683d4d488f,9a4ddce6d2d509654e8d38453847f0b41eba8d0a2b8a3b8673ef24683d4d488f,,,"HapkeAtm1
Pvl",,,,,,,
HapkeAtm2.h,identical,73ac836feb26256e7b016219fe5505a74cf73455e2c6663a9a430f1bdecae478,73ac836feb26256e7b016219fe5505a74cf73455e2c6663a9a430f1bdecae478,,,"HapkeAtm2
Pvl",,,,,,,
HapkeExponential.h,identical,1e440d4f69e01f7b6534fc5486a87ab3e18eeff0c12fbc8c2a6eb4ce487cc957,1e440d4f69e01f7b6534fc5486a87ab3e18eeff0c12fbc8c2a6eb4ce487cc957,,,"Camera
HapkeExponential
Parameters
PvlObject",,,,,,,
HapkeLRO.h,identical,03e2263d5369a3c7c9f60893349114bf3af47ce0c7d16bd9f455bb1442bce912,03e2263d5369a3c7c9f60893349114bf3af47ce0c7d16bd9f455bb1442bce912,,,"Brick
Camera
HapkeLRO
Parameters
Projection
PvlObject",,,,,,,
HapkeLROC.h,identical,555b45ca275a85a14085fd44e7568169408fdbb1999f2da4dd441283cc94961e,555b45ca275a85a14085fd44e7568169408fdbb1999f2da4dd441283cc94961e,,,"Brick
Camera
HapkeLROC
Parameters
Projection
PvlObject",,,,,,,
HayabusaAmicaCamera.h,identical,88698ece5178635a3de7b3a679ed26fbf85571c2fcd00aa792077e149d6eec4a,88698ece5178635a3de7b3a679ed26fbf85571c2fcd00aa792077e149d6eec4a,,,HayabusaAmicaCamera,,,,,,,
HayabusaNirsCamera.h,identical,e44164d84211badba1e35a0419425bfc3c9349dfef8e2539437929602a26b899,e44164d84211badba1e35a0419425bfc3c9349dfef8e2539437929602a26b899,,,HayabusaNirsCamera,,,,,,,
HelpTool.h,identical,46a316c51b097fd0c6d18d16ba3ac31675b31bb3240dacff6c30ea62c5bee9be,46a316c51b097fd0c6d18d16ba3ac31675b31bb3240dacff6c30ea62c5bee9be,,,HelpTool,,,,,,,
HiBlob.h,identical,495727552c7d1f626d9af320edd11cade6e377f677e4d9d84c2044cb072f515b,495727552c7d1f626d9af320edd11cade6e377f677e4d9d84c2044cb072f515b,,,HiBlob,,,,,,,
HiCalConf.h,identical,61bb8e92a5a9a947f4e8407cdabb07b12bda50f85c34e4a3ad0b20582c77029a,61bb8e92a5a9a947f4e8407cdabb07b12bda50f85c34e4a3ad0b20582c77029a,,,"Cube
HiCalConf",,,,,,,
HiCalData.h,identical,a88acbc39a763bb7fe4c28607dd1fdad24b276c3f56376536d2d27d195a3f75f,a88acbc39a763bb7fe4c28607dd1fdad24b276c3f56376536d2d27d195a3f75f,,,HiCalData,,,,,,,
HiCalTypes.h,identical,eb44a67e8697ddbbbdbfd44a8eec093a3e1aa52b2dc9e8caf284260cfa02b22c,eb44a67e8697ddbbbdbfd44a8eec093a3e1aa52b2dc9e8caf284260cfa02b22c,,,HiHistory,,,,,,,
HiCalUtil.h,identical,48f434f6bfb079733806f49d57377856ba7dff9dab8e4f2e7bbbdcf5ce32bfb0,48f434f6bfb079733806f49d57377856ba7dff9dab8e4f2e7bbbdcf5ce32bfb0,,,HiLineTimeEqn,,,,,,,
HiEqualization.h,identical,b6f0609f95ef529421369bb7ea54cd9fb8d94fba7c4b6160db37758019a79033,b6f0609f95ef529421369bb7ea54cd9fb8d94fba7c4b6160db37758019a79033,,,"Buffer
Cube
FileList
HiCalculateFunctor
HiEqualization
OverlapStatistics
PvlGroup
Statistics",,,,,,,
HiJitCube.h,identical,23581d78b5c4b6a461a85f847736d856fc542235ff5721150030a4b58a6fc0aa,23581d78b5c4b6a461a85f847736d856fc542235ff5721150030a4b58a6fc0aa,,,"Corners
CubeCoords
HiJitCube
JitInfo
PvlObject",,,,,,,
HiLab.h,identical,3f9781f2054298c48b1d6b1e6945456439ae884bef634b809072754c44b9f85a,3f9781f2054298c48b1d6b1e6945456439ae884bef634b809072754c44b9f85a,,,HiLab,,,,,,,
Hillier.h,identical,a37222d16828bb95e581d15b279221a736bf6d19f88241efb3ce9b1dec3fb81b,a37222d16828bb95e581d15b279221a736bf6d19f88241efb3ce9b1dec3fb81b,,,"Camera
Hillier
Parameters
PvlObject",,,,,,,
Hillshade.h,identical,ba6192ae5bd7386278b003310e35ecdf6507f8cc32b0fd4f9899b2c7c0106e71,ba6192ae5bd7386278b003310e35ecdf6507f8cc32b0fd4f9899b2c7c0106e71,,,"Angle
Buffer
Hillshade
QDebug
QString",,,,,,,
HiresCamera.h,identical,7665968f819e57b1a1eb4ada74231453770b2ce51bf3421c3709803584927dac,7665968f819e57b1a1eb4ada74231453770b2ce51bf3421c3709803584927dac,,,HiresCamera,,,,,,,
HiriseCamera.h,identical,05eccfe304f3085aa722424795e3ba027eb750b8bf76ee3af169d135bfa72a78,05eccfe304f3085aa722424795e3ba027eb750b8bf76ee3af169d135bfa72a78,,,HiriseCamera,,,,,,,
Histogram.h,identical,cbfc03d052f8631c9d425d3f6b31ac62131878735205648495c86d5b57b8e93e,cbfc03d052f8631c9d425d3f6b31ac62131878735205648495c86d5b57b8e93e,,,"ControlMeasure
ControlNet
Histogram",,,,,,,
HistogramItem.h,changed_declarations,85dcee32e45a3fb174a12cdc57f2de8aceae1a225c674dcc403a4e96e1c19a74,7ac5e3d9d8892086780cca86add94e8d377234442f502711779c93e022c309a8,,QwtIntervalSeriesData,"HistogramItem
PrivateData
QRectF",,,HistogramAttribute,,,,
HistogramPlotWindow.h,identical,1322c7a7ae3f5819ec34e3f21cd0f3c05757eb5f1c5df3d0f6ec9ff772f5398d,1322c7a7ae3f5819ec34e3f21cd0f3c05757eb5f1c5df3d0f6ec9ff772f5398d,,,"HistogramItem
HistogramPlotWindow
QDockWidget",,,,,,,
HistogramTool.h,identical,4846b0c7a80a30323f9d442c1dc148917f77914d014ed63a465ebafab87565a0,4846b0c7a80a30323f9d442c1dc148917f77914d014ed63a465ebafab87565a0,,,"Brick
CubePlotCurve
HistogramItem
HistogramTool
HistogramToolWindow
MdiCubeViewport
QAction
QWidget",,,,,,,
HistogramWidget.h,identical,a87173574e3f7d8fd67780cb6889029c6ea37601151bc1d1e0103ae68573c7e1,a87173574e3f7d8fd67780cb6889029c6ea37601151bc1d1e0103ae68573c7e1,,,"HistogramWidget
QwtPlotZoomer",,,,,,,
History.h,identical,ed9feab6f540c3e7cc4c598b07a5119ee632b890a79553868620fc88c78d062d,ed9feab6f540c3e7cc4c598b07a5119ee632b890a79553868620fc88c78d062d,,,"History
PvlObject",,,,,,,
HistoryTreeWidget.h,identical,4a641e0120a16749210ac9611574ff8ab3688a4507ca3df18d042fdb46f88838,4a641e0120a16749210ac9611574ff8ab3688a4507ca3df18d042fdb46f88838,,,"HistoryTreeWidget
Project
QResizeEvent
QUndoCommand
WorkOrder",,,,,,,
HrscCamera.h,identical,e6ea3b1922fba3b9c539cd4a1305b9d956f27b99a1004b493a7c30a6d2751209,e6ea3b1922fba3b9c539cd4a1305b9d956f27b99a1004b493a7c30a6d2751209,,,HrscCamera,,,,,,,
Hyb2OncCalUtils.h,identical,e88a8ef97495fbcfeba70b89ca54b0a999541127f404f68b21f073753465c6b5,e88a8ef97495fbcfeba70b89ca54b0a999541127f404f68b21f073753465c6b5,,,,,,,,,,
Hyb2OncCamera.h,identical,93a81c30899feb5b3b866505ce24def590ebaba69a4ba76e947b9314b9d7c8bc,93a81c30899feb5b3b866505ce24def590ebaba69a4ba76e947b9314b9d7c8bc,,,Hyb2OncCamera,,,,,,,
Hyb2OncDistortionMap.h,identical,8a4c49565f2cf973fde7eeab5fc11ec7ae703cf0895e0e4b214d0c730c960e52,8a4c49565f2cf973fde7eeab5fc11ec7ae703cf0895e0e4b214d0c730c960e52,,,Hyb2OncDistortionMap,,,,,,,
ID.h,identical,bf3c16d58c1fa670e01dbb890604fcc843994e7026b196c0eb99769c1e9eeb75,bf3c16d58c1fa670e01dbb890604fcc843994e7026b196c0eb99769c1e9eeb75,,,ID,,,,,,,
IEndian.h,added,,b301e713e1e5cfd6861df85a6fac36f7009bc0e5e8f67954dec43e07d46f36e2,,,,ByteOrder,,,QString temp=order.toUpper();,,"inline bool IsBigEndian(){
inline bool IsLittleEndian(){",
IException.h,changed_declarations,2eef22148c93c348ce0dd818053c3ee1363e34c394b6b33c0a6c7525c4ed2809,c1b6de963244dc317b6dad5ed5730c59ea672cd748ea2cd680a546c608d95fe3,,,"IException
Pvl
QList
QString",,,ErrorType,int length();,,,
IProj.h,added,,429ece6281c90c003c83fb7cdce7647f2460541e32eaa266d7d3c7baf37305a1,"IProj
Pvl
PvlGroup",,,,,,"IProj(Pvl&label,bool allowDefaults=false);
PvlGroup Mapping();
QString Name()const;
QString Version()const;
bool SetCoordinate(const double x,const double y);
bool SetGround(const double lat,const double lon);
bool XYRange(double&minX,double&maxX,double&minY,double&maxY);
~IProj();",,,
IString.h,identical,5627f7804b493a611d3cc4bcc0396bcf69c3399269e1313684599145ec6891bc,5627f7804b493a611d3cc4bcc0396bcf69c3399269e1313684599145ec6891bc,,,IString,,,,,,,
IdealCamera.h,identical,adf4a03b3f6b22fe5f099ead4af2c6584328023692998525dcc5f41ba2504b7b,adf4a03b3f6b22fe5f099ead4af2c6584328023692998525dcc5f41ba2504b7b,,,IdealCamera,,,,,,,
Image.h,identical,30355457dd3d385ed1fd2702d8713a00bc436f8b5a908e7547595e48fc8db3ab,30355457dd3d385ed1fd2702d8713a00bc436f8b5a908e7547595e48fc8db3ab,,,"Cube
FileName
Image
ImageDisplayProperties
MultiPolygon
Project
PvlObject
QMutex
QUuid
QXmlStreamWriter",,,,,,,
ImageDisplayProperties.h,identical,a47cbfc3708c79ffa8cb91d32cf1f1df2239f1e655cc029eb46347e2927f2da3,a47cbfc3708c79ffa8cb91d32cf1f1df2239f1e655cc029eb46347e2927f2da3,,,"Cube
FileName
ImageDisplayProperties
Project
Pvl
PvlObject
QAction
QBitArray
QXmlStreamWriter
UniversalGroundMap",,,Property,,,,
ImageExporter.h,identical,f6e7d69f7f79288b68de7c371c984cbd91ab4b48b421bf74b657e1f7c551bcb4,f6e7d69f7f79288b68de7c371c984cbd91ab4b48b421bf74b657e1f7c551bcb4,,,"Buffer
Cube
CubeAttributeOutput
ExportDescription
FileName
ImageExporter
ProcessExport
UserInterface",,,,,,,
ImageFileListViewWorkOrder.h,identical,0fa4939404d8db03a2405254b027e20805a4dd10d893fec35aa7cfe153c46a32,0fa4939404d8db03a2405254b027e20805a4dd10d893fec35aa7cfe153c46a32,,,"FileName
ImageFileListViewWorkOrder
QString",,,,,,,
ImageFileListWidget.h,identical,9023d1e5cd97ef77675b5021554a91ed7e444a950a0520ca91457577d820d76c,9023d1e5cd97ef77675b5021554a91ed7e444a950a0520ca91457577d820d76c,,,"Directory
ImageFileListWidget
ImageTreeWidgetItem
ProgressBar
QLabel
QLineEdit
QProgressBar
QSettings
QToolBar
QTreeWidgetItem",,,,,,,
ImageHistogram.h,identical,e3273c61e3ecd57464e31e713a530846147aa4c31ecc02d50a866f4a567ac6f7,e3273c61e3ecd57464e31e713a530846147aa4c31ecc02d50a866f4a567ac6f7,,,"ControlMeasure
ControlNet
ImageHistogram",,,,,,,
ImageIdFilter.h,changed_declarations,2bddff399f0aa18f4b6650d72fbd8d95592a0a43ddf0559b610cfcdb02abf9a0,25ecd117485da3ac99ee5b7a871187e0f0605626edd2d4f2ef0856ce36e9bcca,,QPair,"ControlMeasure
ControlNet
ControlPoint
ImageIdFilter
QString",,,,,,,
ImageImageFilterSelector.h,identical,3b65c777d1a9724b67facc95e75650d979264c7dbca267bdd6770ebad4fb665d,3b65c777d1a9724b67facc95e75650d979264c7dbca267bdd6770ebad4fb665d,,,"AbstractFilter
ImageImageFilterSelector",,,,,,,
ImageImageTreeModel.h,identical,2a19ea67e91829496f4833076c6c2350f2e562c0a4cd03e900f2957cf9487712,2a19ea67e91829496f4833076c6c2350f2e562c0a4cd03e900f2957cf9487712,,,"ControlNet
CreateRootItemFunctor
ImageImageTreeModel
ImageParentItem
QFutureWatcher
QString
TreeView",,,,,,,
ImageImporter.h,identical,ec6d82c1ebf2e80bcc718f310348522c48ba781005ae727c147846ed619f2020,ec6d82c1ebf2e80bcc718f310348522c48ba781005ae727c147846ed619f2020,,,"Buffer
Cube
CubeAttributeOutput
FileName
ImageImporter
PvlGroup",,,,,,,
ImageIoHandler.h,added,,3d1c622a392fa2b3200c8771db27db8cf0b34e1828fa6cb927d8096ee0f7609d,"Buffer
CubeCachingAlgorithm
ImageIoHandler
Pvl
QFile
QList
QMutex",,,,,,"ImageIoHandler(const QList<int>*virtualBandList);
QMutex*dataFileMutex();
virtual BigInt getDataSize()const=0;
virtual void addCachingAlgorithm(CubeCachingAlgorithm*algorithm);
virtual void clearCache(bool blockForWriteCache=true)const;
virtual void read(Buffer&bufferToFill)const=0;
virtual void updateLabels(Pvl&labels)=0;
virtual void write(const Buffer&bufferToWrite)=0;
virtual ~ImageIoHandler();
void setVirtualBands(const QList<int>*virtualBandList);",,,
ImageLeafItem.h,identical,a61c0e26d5dfd2e6ef691971028464de9f4a6b4c4fa1278160258d96a250d32c,a61c0e26d5dfd2e6ef691971028464de9f4a6b4c4fa1278160258d96a250d32c,,,"ControlNet
ImageLeafItem",,,,,,,
ImageList.h,changed_declarations,60986d07dc43788a85abda592043d4deecadeaa298ba5f6d39f4b170ed855bc0,233a9dfd7096483fc243c04689c08f1fa03043b235dc83273c8ee0efacaa8242,,QStringList,"CopyImageDataFunctor
FileName
ImageList
ImageListActionWorkOrder
QXmlStreamWriter",,,,,,,
ImageListActionWorkOrder.h,changed_declarations,16cda495f018d527894fc5e564c4247de56be44ae1fc7b212d831e342976d3ed,ad6b84a79f482fbe859769e49063d937aef7537ef2389b62ba5583cfe575c0d0,,QStringList,"ImageListActionWorkOrder
QXmlStreamWriter",,,Action,,,,
ImageOverlap.h,identical,b1d2054c94b89ab5dad65c164f9c50fca5570d10e6dbf6ce5f0bdc348e8bb838,b1d2054c94b89ab5dad65c164f9c50fca5570d10e6dbf6ce5f0bdc348e8bb838,,,ImageOverlap,,,,,,,
ImageOverlapSet.h,identical,fb6ffbed9bf024371c509983e17b64bacaf5917123d3494c5404dd7036d79f44,fb6ffbed9bf024371c509983e17b64bacaf5917123d3494c5404dd7036d79f44,,,"ImageOverlapSet
SerialNumberList",,,,,,,
ImageParentItem.h,identical,dcc89e69e2df82ac4b148b6af6ecb4e6bd4cd59ff4101631b2a32234f7bd49d3,dcc89e69e2df82ac4b148b6af6ecb4e6bd4cd59ff4101631b2a32234f7bd49d3,,,"ControlNet
ImageParentItem",,,,,,,
ImagePointFilterSelector.h,identical,67ea3304b29f4b1ceaf84f48f3945fbc64d758541af509c77959f6f5ea4aa82f,67ea3304b29f4b1ceaf84f48f3945fbc64d758541af509c77959f6f5ea4aa82f,,,ImagePointFilterSelector,,,,,,,
ImagePointTreeModel.h,identical,6752aa30496ee50fdba0dde17bc3fe06b7aed453f4615bbca3ef406aaf298242,6752aa30496ee50fdba0dde17bc3fe06b7aed453f4615bbca3ef406aaf298242,,,"ControlNet
CreateRootItemFunctor
ImageParentItem
ImagePointTreeModel
QFutureWatcher
QString
TreeView",,,,,,,
ImagePolygon.h,identical,f2c990236bf86362319c51c398a0140325be9430c4486b064e1a6bde1c66dbab,f2c990236bf86362319c51c398a0140325be9430c4486b064e1a6bde1c66dbab,,,ImagePolygon,,,,,,,
ImageReader.h,changed_declarations,a6818a57a957dd95764663b7e34730e887663e3173d02e66dd5f3d29b184729b,6fb7f89a5a5b53df9b55f3bf116077bf1372cde8889f34987c77137a76dda2ce,,QStringList,"ImageReader
PvlObject
QFutureWatcher
QMutex
QProgressBar
QVariant
VariantToImageFunctor",,,,"VariantToImageFunctor(QMutex*cameraMutex,bool requireFootprints,QThread*targetThread,bool openFilled,int defaultAlpha,int qtVersion);
void setQtVersion(int qtVersion);","VariantToImageFunctor(QMutex*cameraMutex,bool requireFootprints,QThread*targetThread,bool openFilled,int defaultAlpha);",,
ImageSource.h,identical,de4d2b4c55f9e2f54f4a7da9fbde802a0ba59862b74e732849b5bcdfd4c77afc,de4d2b4c55f9e2f54f4a7da9fbde802a0ba59862b74e732849b5bcdfd4c77afc,,,"Camera
Histogram
ImageSource
SourceData",,,,,,,
ImageTransform.h,identical,9fe0d6cea98804e9ef6b0f2b84a142210f2fcc9183cd782c3370583343145246,9fe0d6cea98804e9ef6b0f2b84a142210f2fcc9183cd782c3370583343145246,,,ImageTransform,,,,,,,
ImageTreeWidget.h,identical,172819cb7221478f823b3a9ef78e7ee5de7286abc62237a1b755fb28cdc6499f,172819cb7221478f823b3a9ef78e7ee5de7286abc62237a1b755fb28cdc6499f,,,"Directory
DisplayProperties
Image
ImageList
ImagePosition
ImageTreeWidget
ImageTreeWidgetItem
ProgressBar
QProgressBar",,,TreeItemContainerType,,,,
ImageTreeWidgetItem.h,identical,3b38c4073f8990059981e1f9866215d04ab5b5529410c88259db4fde4d25d777,3b38c4073f8990059981e1f9866215d04ab5b5529410c88259db4fde4d25d777,,,"Image
ImageList
ImageTreeWidgetItem",,,TreeColumn,,,,
ImportControlNetWorkOrder.h,identical,f954ca5235810978578448afca9302687f170e3ea498651971d8a95e9274fd50,f954ca5235810978578448afca9302687f170e3ea498651971d8a95e9274fd50,,,"Control
CreateControlsFunctor
FileName
ImportControlNetWorkOrder
Progress
Project",,,,,,,
ImportImagesWorkOrder.h,identical,eee100ff93209d68bffdf9c1df800ca3fa2027549eb4a7414638f9f28b89686d,eee100ff93209d68bffdf9c1df800ca3fa2027549eb4a7414638f9f28b89686d,,,"Cube
FileName
ImportImagesWorkOrder
OriginalFileToProjectCubeFunctor
QString",,,,,,,
ImportMapTemplateWorkOrder.h,identical,c27280a986456b20c5990eaa0485f552d4cdc04c2ebc0a31e360500e86f158d3,c27280a986456b20c5990eaa0485f552d4cdc04c2ebc0a31e360500e86f158d3,,,ImportMapTemplateWorkOrder,,,,,,,
ImportPdsTable.h,identical,29c3c3ecfc7fd10524638c64ee891aba4e28fd065efa3f8111f04c63e6f4e53c,29c3c3ecfc7fd10524638c64ee891aba4e28fd065efa3f8111f04c63e6f4e53c,,,"ColumnDescr
ImportPdsTable
PvlObject
QString
Table
TableField
TableRecord",,,,,,,
ImportRegistrationTemplateWorkOrder.h,identical,cc2c9ce11bca014b4491380fd9cf6c0225632a4f34fa2e104e4d20368cc48aa9,cc2c9ce11bca014b4491380fd9cf6c0225632a4f34fa2e104e4d20368cc48aa9,,,ImportRegistrationTemplateWorkOrder,,,,,,,
ImportShapesWorkOrder.h,identical,77f12b124c7e9afb23ea37066b4b29cfb5135b41477612e4bc12239bc1db0203,77f12b124c7e9afb23ea37066b4b29cfb5135b41477612e4bc12239bc1db0203,,,"Cube
FileName
ImportShapesWorkOrder
OriginalFileToProjectCubeFunctor
QString
ShapeList",,,,,,,
IndependentCubeViewport.h,identical,da5d6962927e013cbcb8c0de2e90ff4419bf61614751830b65b2820f1d8f25fc,da5d6962927e013cbcb8c0de2e90ff4419bf61614751830b65b2820f1d8f25fc,,,"Brick
Cube
CubeDataThread
IndependentCubeViewport
QEvent
QList
QObject
QPaintEvent
QPoint
QRect
QWidget
ViewportBuffer",,,,,,,
InfixToPostfix.h,changed_non_declaration,da4375dd7629079ae493b93728a09f38531aabc1ae8792bd4fdd7425c869bc64,ac1e65cabaeeab928e27586d353a998f6a56ea1125923a3490e0391f5417d5e3,,,"InfixFunction
InfixOperator
InfixToPostfix",,,,,,,
InlineCalculator.h,identical,8ec4cf6afa91f954701626d12fa1fb89978e3462efac13029394801df5b1d5f8,8ec4cf6afa91f954701626d12fa1fb89978e3462efac13029394801df5b1d5f8,,,"CalculatorVariablePool
FxBinder
InlineCalculator
InlineVoidFx
ParamaterFx
ParameterFx
QVariant
VoidFx",,,,,,,
InlineInfixToPostfix.h,identical,fde2721ca59f0d441a20f2891c7faed9ade8e7ca226bca41457d0285f9a9d993,fde2721ca59f0d441a20f2891c7faed9ade8e7ca226bca41457d0285f9a9d993,,,InlineInfixToPostfix,,,,,,,
Intercept.h,identical,783883efa2afb8345f08eec81f35b4367416b0ab11924c68b1c8f20f7b0ce717,783883efa2afb8345f08eec81f35b4367416b0ab11924c68b1c8f20f7b0ce717,,,"Angle
Intercept
SurfacePoint",,,ErrAction,,,,
InterestOperator.h,identical,bc7b7b27ed3a94ee03ff6484229bd91f1616da23a05ea8f51036741054002c97,bc7b7b27ed3a94ee03ff6484229bd91f1616da23a05ea8f51036741054002c97,,,"Chip
ControlMeasure
ControlNet
ControlPoint
Cube
InterestOperator
Pvl
PvlObject",,,,,,,
InterestOperatorFactory.h,identical,8afcd6fa8c2cfe9e6426c0f7a73b12c32df8c6a258e492b819d5d6175c180617,8afcd6fa8c2cfe9e6426c0f7a73b12c32df8c6a258e492b819d5d6175c180617,,,"InterestOperator
InterestOperatorFactory
Pvl",,,,,,,
Interpolator.h,identical,d8ea43ce15874c743135592bc40330b8e5f8c1d65d28126b0c256a10aa2cb329,d8ea43ce15874c743135592bc40330b8e5f8c1d65d28126b0c256a10aa2cb329,,,Interpolator,,,interpType,,,,
IpceMainWindow.h,identical,39819d355018853bf88db630d5821dea0389a106d2bb926a05539deee2bd0a48,39819d355018853bf88db630d5821dea0389a106d2bb926a05539deee2bd0a48,,,"AbstractProjectItemView
Directory
IpceMainWindow
Project",,,,,,,
IrregularBodyCameraGroundMap.h,identical,1557986942e10f9607e2942a725743814e2af8be88de542d5712629fa0be68c5,1557986942e10f9607e2942a725743814e2af8be88de542d5712629fa0be68c5,,,IrregularBodyCameraGroundMap,,,,,,,
IsNumericStrategy.h,identical,5005e4a71a4d3526ab16825a6e6501446013f1cef4c9ef28d2742b6b29afa302,5005e4a71a4d3526ab16825a6e6501446013f1cef4c9ef28d2742b6b29afa302,,,"IsNumericStrategy
PvlObject",,,,,,,
Isis.h,changed_non_declaration,9e4f1951504178474e660bce2c51c5799508abb2188d1cae9cbed0dbcf772423,6731205066f4b8706fda388db7b60eda4819b80e159df38682ee684798446a64,,,,,,,,,,
IsisAml.h,identical,8332ca5559b13dfc36043b219d415dc30625ead146208949286c9bdcd5c3f33f,8332ca5559b13dfc36043b219d415dc30625ead146208949286c9bdcd5c3f33f,,,"IsisAml
QString",,,,,,,
IsisAmlData.h,identical,c416796562a39de5caafe86b144a4c3aac80d63821a355f35a8d5bb7816e7789,c416796562a39de5caafe86b144a4c3aac80d63821a355f35a8d5bb7816e7789,,,"IsisAmlData
IsisChangeData
IsisGroupData
IsisHelperData
IsisListOptionData
IsisParameterData",,,,,,,
IsisBody.h,identical,f94995f58bdf60d963f89f5c73c9d883cba7dc089a5cc3b5e0f887372bf65cdf,f94995f58bdf60d963f89f5c73c9d883cba7dc089a5cc3b5e0f887372bf65cdf,,,"IsisBody
SpiceRotation",,,,,,,
IsisBullet.h,identical,4fde9e2020aff8484a0001ea62ba5b0259bae30980ecda3fcff53e5c1b5a25e6,4fde9e2020aff8484a0001ea62ba5b0259bae30980ecda3fcff53e5c1b5a25e6,,,,,,,,,,
IsisBundleObservation.h,identical,1e958768e6003b4e2c74a089f9491357c9f43a9304635cc4c3dad9fe1a407560,1e958768e6003b4e2c74a089f9491357c9f43a9304635cc4c3dad9fe1a407560,,,"BundleObservationSolveSettings
IsisBundleObservation
SpicePosition
SpiceRotation",,,,,,,
IsisDataModel.h,identical,096ccc8e5db0689b21e73e1f7052e18bd7e69b3991714c47f87ebdab1efae990,096ccc8e5db0689b21e73e1f7052e18bd7e69b3991714c47f87ebdab1efae990,,,"DBContainer
DBFileStatus
DBKernelConf
DBKernelDb
DBMatch
DBSelection
DBTimeCoverage
IsisDataModel
dbSelectionSet",,,,,,,
IsisIlluminator.h,identical,11bc0823e7d6994f296f4022c7ae2bf8cec630f91e6be1cf1bb0230961459459,11bc0823e7d6994f296f4022c7ae2bf8cec630f91e6be1cf1bb0230961459459,,,"IsisIlluminator
SpicePosition",,,,,,,
IsisImportBaseProcessFunctor.h,identical,7ce81440a2b337e2e98bc439742ef15a08a76aed92a5d4c74e088502ae77132b,7ce81440a2b337e2e98bc439742ef15a08a76aed92a5d4c74e088502ae77132b,,,ProcessFunctor,,,,,,,
IsisSensor.h,identical,aa6e343e28803c181fea5b551a1c41965698371892f22f099c044649271fbfa8,aa6e343e28803c181fea5b551a1c41965698371892f22f099c044649271fbfa8,,,"Camera
IsisSensor",,,,,,,
IsisShape.h,identical,6966357f19d90a6fd1513cf41a972966ede9db2f3b57eff144cb52a1a387cd5e,6966357f19d90a6fd1513cf41a972966ede9db2f3b57eff144cb52a1a387cd5e,,,"IsisShape
ShapeModel",,,,,,,
IsisXMLApplication.h,identical,cacc35e0548f77f94e1f2dcc5585e49aa04228bcca68637bab4f868e98d10f64,cacc35e0548f77f94e1f2dcc5585e49aa04228bcca68637bab4f868e98d10f64,,,IsisXMLApplication,,,,,,,
IsisXMLChTrans.h,identical,6301f26ac942f92c8f54017aacc7c5c9b7344a9eecab2a84bf36606b4f87603b,6301f26ac942f92c8f54017aacc7c5c9b7344a9eecab2a84bf36606b4f87603b,,,XMLChTrans,,,,,,,
IsisXMLGroup.h,identical,1d633709ae75766a0e60eb8920344c756e38fc2e080cd4cf0d02bb5eb107d424,1d633709ae75766a0e60eb8920344c756e38fc2e080cd4cf0d02bb5eb107d424,,,IsisXMLGroup,,,,,,,
IsisXMLGroups.h,identical,003a23a485cc2e26eff7173cb7e2e2d604cc6d1c54f81e0880f77e6bea111ae8,003a23a485cc2e26eff7173cb7e2e2d604cc6d1c54f81e0880f77e6bea111ae8,,,IsisXMLGroups,,,,,,,
IsisXMLHandler.h,identical,f73626a879c93a44e14231bfc54c32d9d26fcbbf9fb38e3403db58b5f41cf169,f73626a879c93a44e14231bfc54c32d9d26fcbbf9fb38e3403db58b5f41cf169,,,IsisXMLHandler,,,,,,,
IsisXMLHelper.h,identical,2f943c7e9e733320c802ac0d34b728da5073148d42cfb3593f2ca77659a7094e,2f943c7e9e733320c802ac0d34b728da5073148d42cfb3593f2ca77659a7094e,,,IsisXMLHelper,,,,,,,
IsisXMLHelpers.h,identical,995ded0f237ac4192768f91700992acac91c0f976b869540af6df7f896c8d07c,995ded0f237ac4192768f91700992acac91c0f976b869540af6df7f896c8d07c,,,IsisXMLHelpers,,,,,,,
IsisXMLHistory.h,identical,7da7faef6cc3a48289258889cf9d4167cc07412b542680479e15683309543d60,7da7faef6cc3a48289258889cf9d4167cc07412b542680479e15683309543d60,,,IsisXMLHistory,,,,,,,
IsisXMLIgnore.h,identical,d6a2faaac473534165e3594ed78c68fae46b3cba96f3eed72aebf2841b215fb0,d6a2faaac473534165e3594ed78c68fae46b3cba96f3eed72aebf2841b215fb0,,,IsisXMLIgnore,,,,,,,
IsisXMLList.h,identical,d7e803fea83f525ec8c85c6d3989edc2e6903953c0a1450e2c672ba244998759,d7e803fea83f525ec8c85c6d3989edc2e6903953c0a1450e2c672ba244998759,,,IsisXMLList,,,,,,,
IsisXMLMultipleValues.h,identical,fa9728fa79aed65b1857b12f31c54a6e0c5c9cf15df0cc3cd0616a33009ba6ad,fa9728fa79aed65b1857b12f31c54a6e0c5c9cf15df0cc3cd0616a33009ba6ad,,,IsisXMLMultipleValues,,,,,,,
IsisXMLParameter.h,identical,4d2e9229c4c671c1fd764ef4daafe8ddf585f6f8bc500bde8c1b8ce7b185d264,4d2e9229c4c671c1fd764ef4daafe8ddf585f6f8bc500bde8c1b8ce7b185d264,,,IsisXMLParameter,,,,,,,
Isotropic1.h,identical,7aeee3c767e4eed4f2149b6d0b97d1ea44e77cb679ec3101ef405f06c113a187,7aeee3c767e4eed4f2149b6d0b97d1ea44e77cb679ec3101ef405f06c113a187,,,"Isotropic1
Pvl",,,,,,,
Isotropic2.h,identical,3d51908d25318461fa5e126aaeb5374eb88c817bd40c80c00a20b0d5a06145a0,3d51908d25318461fa5e126aaeb5374eb88c817bd40c80c00a20b0d5a06145a0,,,"Isotropic2
Pvl",,,,,,,
IssNACamera.h,identical,a011de7939bb242f209bac872a34471f16c53a851385a470619731c84464bedf,a011de7939bb242f209bac872a34471f16c53a851385a470619731c84464bedf,,,IssNACamera,,,,,,,
IssWACamera.h,identical,3eddae75ddfc7c842b186a171fbe767311af2cd588310f2eae33415795fc257a,3eddae75ddfc7c842b186a171fbe767311af2cd588310f2eae33415795fc257a,,,IssWACamera,,,,,,,
JP2Decoder.h,identical,f2127e9a0b1a8ef17a07ea931c78560b7a899a06e1a494dd680215621edb32e2,f2127e9a0b1a8ef17a07ea931c78560b7a899a06e1a494dd680215621edb32e2,,,"JP2Decoder
JP2Error",,,,,,,
JP2Encoder.h,identical,12c2d3610ee97e4f77e601e3a05e991929c5ee8808f65684d8257fe97de94ad7,12c2d3610ee97e4f77e601e3a05e991929c5ee8808f65684d8257fe97de94ad7,,,"JP2Encoder
JP2Error",,,,,,,
JP2Error.h,identical,754bfa73f2cf2a2ed29cc92a230434ac88eaa59ff8d3aa32d920da5f87788727,754bfa73f2cf2a2ed29cc92a230434ac88eaa59ff8d3aa32d920da5f87788727,,,JP2Error,,,,,,,
JP2Exporter.h,identical,502f34c66e2575f945013516da864443ded45711c17f5a788d8d1d7f8eff6ca6,502f34c66e2575f945013516da864443ded45711c17f5a788d8d1d7f8eff6ca6,,,"JP2Encoder
JP2Exporter",,,,,,,
JP2Importer.h,identical,71581811ba6a589e3cc96f20e57259b79f4947f425d0fc74740c6c92caba89e2,71581811ba6a589e3cc96f20e57259b79f4947f425d0fc74740c6c92caba89e2,,,"JP2Decoder
JP2Importer",,,,,,,
JigsawRunWidget.h,identical,53e09ea4ce496e466fc72088f22cebeaa0300bbf27b62f48d046f54e6bad02e3,53e09ea4ce496e466fc72088f22cebeaa0300bbf27b62f48d046f54e6bad02e3,,,"BundleAdjust
BundleSolutionInfo
Control
CopyImageToResultsFunctor
Cube
Directory
FileName
JigsawRunWidget
Project
QString
QThread",,,,,,,
JigsawSetupDialog.h,identical,e568efe38b24e0d679b5024ec0cf7deb80bcb7aaa6e58ae0b88577ccbe5cd925,e568efe38b24e0d679b5024ec0cf7deb80bcb7aaa6e58ae0b88577ccbe5cd925,,,"BundleObservationSolveSettings
Control
JigsawSetupDialog
Project
ProjectItem
QComboBox
QItemSelection
QTableWidget
QTableWidgetItem",,,,,,,
JigsawWorkOrder.h,identical,d69b45d40ded3169304c6f1e09c05e2335e1e28a60d7c9281dbaf25b6c0a43bf,d69b45d40ded3169304c6f1e09c05e2335e1e28a60d7c9281dbaf25b6c0a43bf,,,"BundleSettings
JigsawWorkOrder
QSharedPointer",,,,,,,
JunoCamera.h,identical,129c224f3552f6fe4f0451a21b2b0e7b07fd4169d76d60f6aac31dce38e560f7,129c224f3552f6fe4f0451a21b2b0e7b07fd4169d76d60f6aac31dce38e560f7,,,JunoCamera,,,,,,,
JunoDistortionMap.h,identical,c9659970c6b4e470b04d83166ae9b69d13454fb46debbefdf321286fe2771aad,c9659970c6b4e470b04d83166ae9b69d13454fb46debbefdf321286fe2771aad,,,JunoDistortionMap,,,,,,,
KAZEAlgorithm.h,identical,d06c85a2873000c85271e7ec845c7410848644edfe34c4b59d3285d063ced232,d06c85a2873000c85271e7ec845c7410848644edfe34c4b59d3285d063ced232,,,KAZEAlgorithm,,,,,,,
KaguyaMiCamera.h,identical,3421b08fcc707a29e32f78565697b8c8b014bbf0538dcda4e8ef986cbf7c08ed,3421b08fcc707a29e32f78565697b8c8b014bbf0538dcda4e8ef986cbf7c08ed,,,KaguyaMiCamera,,,,,,,
KaguyaMiCameraDistortionMap.h,identical,15f43cf5acf0b47add137ed9279e1ab26ed5202ec870e7944bb9f4509eb25b04,15f43cf5acf0b47add137ed9279e1ab26ed5202ec870e7944bb9f4509eb25b04,,,KaguyaMiCameraDistortionMap,,,,,,,
KaguyaTcCamera.h,identical,a3187ee1c1ecc8d7e25d8cda44f3d88699c5beeb7371f80e942f279915c309df,a3187ee1c1ecc8d7e25d8cda44f3d88699c5beeb7371f80e942f279915c309df,,,KaguyaTcCamera,,,,,,,
KaguyaTcCameraDistortionMap.h,identical,4cb0f0f6f1692f81145205283142e513b973365a3b0d59cf6e13c92ecd0e817d,4cb0f0f6f1692f81145205283142e513b973365a3b0d59cf6e13c92ecd0e817d,,,KaguyaTcCameraDistortionMap,,,,,,,
Kernel.h,identical,b5955b02ab75c3f2bc1e1001d51b97cb2f58994006c7ed82f3004d2ee7d026da,b5955b02ab75c3f2bc1e1001d51b97cb2f58994006c7ed82f3004d2ee7d026da,,,Kernel,,,Type,,,,
KernelDb.h,identical,5e18b478a8030e33502ecfaa3d2069b0eeed1a6688db102df36b9934b44f0390,5e18b478a8030e33502ecfaa3d2069b0eeed1a6688db102df36b9934b44f0390,,,"FileName
KernelDb
KernelDbFixture_TestKernelsSmithOffset_Test
iTime",,,,,,,
KernelWriter.h,identical,334a1e0e5ebf6ee182f06b6fdf91409548aa6fec79cd5f5924e23caa9ff9e5dc,334a1e0e5ebf6ee182f06b6fdf91409548aa6fec79cd5f5924e23caa9ff9e5dc,,,KernelWriter,,,,,,,
Kernels.h,identical,2ba7832eb03dc40e3055b7ad1750173d0a3249fe47abe57b014c4f095fc2b952,2ba7832eb03dc40e3055b7ad1750173d0a3249fe47abe57b014c4f095fc2b952,,,"KernelFile
Kernels",,,,,,,
LATCHAlgorithm.h,identical,453aee7157f92869d4e56f5a26a5068bcd19389ad0fe7234a4e0dcc13cf5ff85,453aee7157f92869d4e56f5a26a5068bcd19389ad0fe7234a4e0dcc13cf5ff85,,,LATCHAlgorithm,,,,,,,
LROCEmpirical.h,identical,07b73b2701e2e689ef4fdbbbac418f1623c416ea4948d11c1082d3496d9a6c84,07b73b2701e2e689ef4fdbbbac418f1623c416ea4948d11c1082d3496d9a6c84,,,"Camera
LROCEmpirical
Parameters
PvlObject",,,,,,,
LUCIDAlgorithm.h,identical,27d7f904acb2620a9149b761f6d1dc2dece93a4e7078c810e291daf8686176d4,27d7f904acb2620a9149b761f6d1dc2dece93a4e7078c810e291daf8686176d4,,,LUCIDAlgorithm,,,,,,,
LabelTranslationManager.h,changed_non_declaration,454c847d8308c928d4efdc314cb6ca19d627e6b71c9c2df7eb3218a02178cfb4,6dab30b5a046c276406e630a7ac658ddade190b18075550d698d81681dd71bed,,,"LabelTranslationManager
Pvl
PvlContainer
PvlKeyword",,,,,,,
Lambert.h,identical,6686cfe9ca9b68856ff069298c42b432b7a09484e5827c40bde711b74c2d402f,6686cfe9ca9b68856ff069298c42b432b7a09484e5827c40bde711b74c2d402f,,,"Lambert
Pvl",,,,,,,
LambertAzimuthalEqualArea.h,identical,e3afb4833fea6af88a503af4593d559b3cc5b72fc077408fa2ce9a3974c25dbb,e3afb4833fea6af88a503af4593d559b3cc5b72fc077408fa2ce9a3974c25dbb,,,"LambertAzimuthalEqualArea
Pvl
PvlGroup",,,,,,,
LambertConformal.h,identical,1d7d81dca4c126b2206773c7d203e1adb260c6db2ae469a4951a1d4629e84c7f,1d7d81dca4c126b2206773c7d203e1adb260c6db2ae469a4951a1d4629e84c7f,,,"LambertConformal
Pvl
PvlGroup",,,,,,,
LatLonGridTool.h,identical,72efc46e74adb98fdf99bed0dbe90a5ec66754fb156d91350f6d82b8015b7637,72efc46e74adb98fdf99bed0dbe90a5ec66754fb156d91350f6d82b8015b7637,,,"LatLonGridTool
MdiCubeViewport
QCheckBox
QPainter
QToolButton",,,,,,,
Latitude.h,identical,c32d9ae4c4a3a14a66b4f2a30d6be4acf02d5d8049eaf7fa996d910fc1c89b08,c32d9ae4c4a3a14a66b4f2a30d6be4acf02d5d8049eaf7fa996d910fc1c89b08,,,"Distance
Latitude
PvlGroup",,,"CoordinateType
ErrorChecking",,,,
LeastSquares.h,identical,ce944c7463e7495034ec484daf29d63e75a039371f2dd006a07bf6c362bb3280,ce944c7463e7495034ec484daf29d63e75a039371f2dd006a07bf6c362bb3280,,,LeastSquares,,,SolveMethod,,,,
LidarControlPoint.h,identical,c42eaa59b14b00855cdef76317430f6c023abc92e61c267e29dccc900d6fd32d,c42eaa59b14b00855cdef76317430f6c023abc92e61c267e29dccc900d6fd32d,,,"LidarControlPoint
LidarControlPointLessThanFunctor",,,,,,,
LidarData.h,identical,3252110bddd716fe24dd4753bea332c7d5572ce8d6ace9d459f66781d265d686,3252110bddd716fe24dd4753bea332c7d5572ce8d6ace9d459f66781d265d686,,,"Camera
ControlMeasure
ControlNet
FileName
LidarData
Progress
QJsonObject
SerialNumberList",,,Format,,,,
LightTimeCorrectionState.h,identical,eb0040531d7c57c8d60765d958ea46cbd39d2410f02c3ae911e50482bbe2fd12,eb0040531d7c57c8d60765d958ea46cbd39d2410f02c3ae911e50482bbe2fd12,,,"LightTimeCorrectionState
Spice",,,,,,,
LimitPolygonSeeder.h,identical,c59e4b8e536be96ecc9632ccfc24c4915e7bbb8b47cdf7dfa2e0a1471c7e1c1d,c59e4b8e536be96ecc9632ccfc24c4915e7bbb8b47cdf7dfa2e0a1471c7e1c1d,,,"LimitPolygonSeeder
Pvl",,,,,,,
LimitStrategy.h,identical,1cf62df76fded34c70b3b7ece1e0e0f2a8aeabe9eb0696160705fbff149225ae,1cf62df76fded34c70b3b7ece1e0e0f2a8aeabe9eb0696160705fbff149225ae,,,"LimitStrategy
PvlObject",,,,,,,
LineEquation.h,identical,fc949906033d5867b3cddcf24541ccc25a1d167c7a63dc1817f5db73ad5072d8,fc949906033d5867b3cddcf24541ccc25a1d167c7a63dc1817f5db73ad5072d8,,,LineEquation,,,,,,,
LineFilter.h,changed_declarations,936593bf446afc22ecd22021692ff79dc8430e7acdcdb710aa055e4bfe4da1fb,70c1d0d685bf9d052d65b2a3c3ae3cae91d4f24eaf8e1fed865b01d103a77e85,,QPair,"ControlMeasure
ControlNet
ControlPoint
LineFilter
QString",,,,,,,
LineManager.h,identical,05629a7b9b3bfcb84127c1536f60d118f364a752f7cd3fae5102e632a6f784ef,05629a7b9b3bfcb84127c1536f60d118f364a752f7cd3fae5102e632a6f784ef,,,LineManager,,,,,,,
LineResidualFilter.h,changed_declarations,e0aacf0dbf07ee6c6b9f0f03b8957ae6c47affc3b8ca145d209e169e438961a2,f32320dfd24b86640eae20f930dc4e0227ef6717ca91e40658612e5cf4dc907a,,QPair,"ControlMeasure
ControlNet
ControlPoint
LineResidualFilter
QString",,,,,,,
LineScanCamera.h,identical,d93359890fa329bc1e14d17dd7b170f407d92167b5dffe7202e6c841f241452b,d93359890fa329bc1e14d17dd7b170f407d92167b5dffe7202e6c841f241452b,,,"LineScanCamera
LineScanCameraDetectorMap
LineScanCameraGroundMap
LineScanCameraSkyMap",,,,,,,
LineScanCameraDetectorMap.h,identical,730dfaf8485bf9ec0b5dc0086729a993eea0dcd64ad65201eafffa2d03e6b02f,730dfaf8485bf9ec0b5dc0086729a993eea0dcd64ad65201eafffa2d03e6b02f,,,LineScanCameraDetectorMap,,,,,,,
LineScanCameraGroundMap.h,identical,167e944e93d1de7a25330725ed46d2e900dc0c03183149e97a4024773b4bb166,167e944e93d1de7a25330725ed46d2e900dc0c03183149e97a4024773b4bb166,,,LineScanCameraGroundMap,,,FindFocalPlaneStatus,,,,
LineScanCameraRotation.h,changed_non_declaration,c22a91ef708d9e185a8030625917de3f1aeb5b19e5b803a994863250526b898b,ceaba4631cb531463d7ac0d6e35f854f4632ef18897fa1a27c7da6aeb7bce2be,,,LineScanCameraRotation,,,,,,,
LineScanCameraSkyMap.h,identical,650a2e11eb86ef8bd21db1d940e887f55a91909c958326dd5e81a991308f999b,650a2e11eb86ef8bd21db1d940e887f55a91909c958326dd5e81a991308f999b,,,LineScanCameraSkyMap,,,,,,,
LineShiftFilter.h,changed_declarations,c40e5912e5d7ddbbe3df50bdab2e77853fc2e076841abe11e1140812eb5c4914,9500717dfb9aaafea19a0fb042a4bb1c0da5c1da4ce05f6987ef43535a3a11bf,,QPair,"ControlMeasure
ControlNet
ControlPoint
LineShiftFilter
QString",,,,,,,
LinearAlgebra.h,identical,9e437c602d1e5ea6022781ccb0f3e8d0c370d98d46d050d3c0720bb93c081139,9e437c602d1e5ea6022781ccb0f3e8d0c370d98d46d050d3c0720bb93c081139,,,"Angle
Distance
Latitude
LinearAlgebra
Longitude",,,,,,,
LinearStretchType.h,identical,828aa4f6d89f0668efaa8087f16c5f3a4642b2faf44f27b6aae461c3f6e64cb1,828aa4f6d89f0668efaa8087f16c5f3a4642b2faf44f27b6aae461c3f6e64cb1,,,"CubeStretch
Histogram
LinearStretchType
QColor
QLineEdit
QSlider
QString
Stretch",,,,,,,
LoCameraFiducialMap.h,identical,43c5499c96890102346ef27111e32ea6cf5f77566c1d0a002863f25f334d86a3,43c5499c96890102346ef27111e32ea6cf5f77566c1d0a002863f25f334d86a3,,,LoCameraFiducialMap,,,,,,,
LoHighCamera.h,identical,b4524dee5e610bd634bcf094b760c0d643797c87adaad5499454f7e2f656e580,b4524dee5e610bd634bcf094b760c0d643797c87adaad5499454f7e2f656e580,,,LoHighCamera,,,,,,,
LoHighDistortionMap.h,identical,37d431e3b6b6283a155f1278c2f98bacc6ff752f059ab21f49f7bace59f566f3,37d431e3b6b6283a155f1278c2f98bacc6ff752f059ab21f49f7bace59f566f3,,,LoHighDistortionMap,,,,,,,
LoMediumCamera.h,identical,1f68345c7d3103cdc5e67895c72bcfd67f441b2d472c1ca3997873da2cc00c13,1f68345c7d3103cdc5e67895c72bcfd67f441b2d472c1ca3997873da2cc00c13,,,LoMediumCamera,,,FocalPlaneMapType,,,,
LoMediumDistortionMap.h,identical,4c8d832068bc09532d0f1a40728ce88dade9945f198d0dcd54771ae9de1a1313,4c8d832068bc09532d0f1a40728ce88dade9945f198d0dcd54771ae9de1a1313,,,LoMediumDistortionMap,,,,,,,
LoadCSV.h,identical,c77aa17c785fdabd6958b88e4093b1968f33d26bff296f2d61ad7def3d6f43f7,c77aa17c785fdabd6958b88e4093b1968f33d26bff296f2d61ad7def3d6f43f7,,,"LoadCSV
iException",,,,,,,
LommelSeeliger.h,identical,110d9cde726c74e390b2f096fa34c4d31cce126fceabf6df4ddd4bff35eaf5dc,110d9cde726c74e390b2f096fa34c4d31cce126fceabf6df4ddd4bff35eaf5dc,,,"LommelSeeliger
Pvl",,,,,,,
Longitude.h,identical,510c435c2a6bbe2c27577204c6b05da70f29ab47d96a0f1220cec7dc52067ba6,510c435c2a6bbe2c27577204c6b05da70f29ab47d96a0f1220cec7dc52067ba6,,,"Longitude
PvlGroup",,,"Direction
Domain",,,,
LowPassFilter.h,identical,0e80e5e03b9ef3c2bef47204420c2e11d3519f8a06a67fb8f9f1e8f8dab7666d,0e80e5e03b9ef3c2bef47204420c2e11d3519f8a06a67fb8f9f1e8f8dab7666d,,,LowPassFilter,,,,,,,
LroNarrowAngleCamera.h,identical,a85d882e7567c4e84846e42552ffeb30ced8016cf9b23bfc0f3d312cf0ac12fb,a85d882e7567c4e84846e42552ffeb30ced8016cf9b23bfc0f3d312cf0ac12fb,,,LroNarrowAngleCamera,,,,,,,
LroNarrowAngleDistortionMap.h,identical,02e834566c6966848d75057699177c70131ac1b38fdea3904d062d0b8008b11a,02e834566c6966848d75057699177c70131ac1b38fdea3904d062d0b8008b11a,,,LroNarrowAngleDistortionMap,,,,,,,
LroWideAngleCamera.h,identical,52ae75549dcb8bab5e6bf0eecc4842ed746d6a5df3fe7b342e83c9dbd7940e91,52ae75549dcb8bab5e6bf0eecc4842ed746d6a5df3fe7b342e83c9dbd7940e91,,,LroWideAngleCamera,,,,,,,
LroWideAngleCameraDistortionMap.h,identical,a23a6a0333596e02119847d6084a03aefa2261f230bfd35670f4d8298e5e97c1,a23a6a0333596e02119847d6084a03aefa2261f230bfd35670f4d8298e5e97c1,,,LroWideAngleCameraDistortionMap,,,,,,,
LroWideAngleCameraFocalPlaneMap.h,identical,3a426fb0054b73ff2a8035960c40090b8ef74e91f82058b4747c53061637855b,3a426fb0054b73ff2a8035960c40090b8ef74e91f82058b4747c53061637855b,,,"LroWideAngleCameraFocalPlaneMap
TranslationParameters",,,,,,,
LunarAzimuthalEqualArea.h,identical,19e07dad8e47f6f7c6e480d5564235f1f84d17ab24e029b4312d7be7b7b3c308,19e07dad8e47f6f7c6e480d5564235f1f84d17ab24e029b4312d7be7b7b3c308,,,"LunarAzimuthalEqualArea
Pvl
PvlGroup",,,,,,,
LunarLambert.h,identical,fb58015f1b97d4ca36c81cdcadc1a2854568c87c6d00fe79ea8e1c4a5518cb7a,fb58015f1b97d4ca36c81cdcadc1a2854568c87c6d00fe79ea8e1c4a5518cb7a,,,"LunarLambert
Pvl",,,,,,,
LunarLambertEmpirical.h,identical,36498d3dde26f668d3291569ffd48be6b3a3f839e43c2b0be2d2939ee66b7185,36498d3dde26f668d3291569ffd48be6b3a3f839e43c2b0be2d2939ee66b7185,,,"LunarLambertEmpirical
Pvl",,,,,,,
LunarLambertMcEwen.h,identical,6954188ccec37e7cc9d9f4f35d6fc37dfe389e8287779187ad25106584f58104,6954188ccec37e7cc9d9f4f35d6fc37dfe389e8287779187ad25106584f58104,,,"LunarLambertMcEwen
Pvl",,,,,,,
LwirCamera.h,identical,0d351a089c06e1ad5abde2cf2a5148c7e50b09e0c0d7d1110684187d12af0803,0d351a089c06e1ad5abde2cf2a5148c7e50b09e0c0d7d1110684187d12af0803,,,LwirCamera,,,,,,,
MSDAlgorithm.h,identical,ba8c524171650af8125f734f51cf3c7b2146da4a8038b04d271ede9d4428bf09,ba8c524171650af8125f734f51cf3c7b2146da4a8038b04d271ede9d4428bf09,,,MSDAlgorithm,,,,,,,
MSERAlgorithm.h,identical,5cc558d5d982f12a7cb64ee23e52ce0924edd407656cd58acba0d90c693cc362,5cc558d5d982f12a7cb64ee23e52ce0924edd407656cd58acba0d90c693cc362,,,MSERAlgorithm,,,,,,,
MSERExtractor.h,identical,4aa1d92e33dc9b33f39a8e52abd9ec3b088fd8aabd3db68d2d375da997722988,4aa1d92e33dc9b33f39a8e52abd9ec3b088fd8aabd3db68d2d375da997722988,,,MSERExtractor,,,,,,,
MainWindow.h,identical,18ac5b64561765291459c35029b1c059c477ef21726c1c143119bdb521043855,18ac5b64561765291459c35029b1c059c477ef21726c1c143119bdb521043855,,,MainWindow,,,,,,,
ManualStretchType.h,identical,5bf12b46592fdb89758b3902c930d4a3f4d9a7694c88383bae35153123afdf23,5bf12b46592fdb89758b3902c930d4a3f4d9a7694c88383bae35153123afdf23,,,"CubeStretch
Histogram
ManualStretchType
QColor
QLabel
QLineEdit
QPushButton
QSlider
QString
Stretch",,,,,,,
MapPointCollector.h,identical,23e269d6a9c4ac4e3f35f1e7c4f232ad7807215fa26a5d220edebf8f5c8bc610,23e269d6a9c4ac4e3f35f1e7c4f232ad7807215fa26a5d220edebf8f5c8bc610,,,MapPointCollector,,,SearchType,,,,
MarciCamera.h,identical,74a2abe01d65174369f285ec4f38563105a5ce58573a89e0b57352c16c4a36ee,74a2abe01d65174369f285ec4f38563105a5ce58573a89e0b57352c16c4a36ee,,,MarciCamera,,,,,,,
MarciDistortionMap.h,identical,a07251b84e0ae7b307f8f69563b5b43146f2ccd4b0b3c43b28af19a2e267cff9,a07251b84e0ae7b307f8f69563b5b43146f2ccd4b0b3c43b28af19a2e267cff9,,,MarciDistortionMap,,,,,,,
Mariner10Camera.h,identical,763c24d78244a00bb7fc12989cee853ce569f844d5cb353db22df2b7faed3c7d,763c24d78244a00bb7fc12989cee853ce569f844d5cb353db22df2b7faed3c7d,,,Mariner10Camera,,,,,,,
MatchImage.h,identical,57ed859de162f1833734d656f278f83fc6b66157fb00218435ddf7e27b7e2ee2,57ed859de162f1833734d656f278f83fc6b66157fb00218435ddf7e27b7e2ee2,,,"ImageData
MatchImage",,,,,,,
MatchMaker.h,identical,1df18d075fb906a6e2a31bc05fc18359ac7ab6e742ad294ea6bbd4df3ea04dee,1df18d075fb906a6e2a31bc05fc18359ac7ab6e742ad294ea6bbd4df3ea04dee,,,"ControlMeasure
ControlNet
ControlPoint
MatchMaker
SurfacePoint",,,GeometrySourceFlag,,,,
MatchPair.h,identical,7c1b98f8be60ff4dc4db9d9b074d483abaa054ad8074715d23436f052cff629d,7c1b98f8be60ff4dc4db9d9b074d483abaa054ad8074715d23436f052cff629d,,,"MatchData
MatchPair",,,,,,,
MatchTool.h,identical,ed0b916db2026a98b3065c57e992d7dbd944a8c16c580f39b40dd0cb75a9e67d,ed0b916db2026a98b3065c57e992d7dbd944a8c16c580f39b40dd0cb75a9e67d,,,"ControlMeasure
ControlNet
ControlPointEdit
Cube
CubeViewport
MainWindow
MatchHoldPointDialog
MatchTool
MatchToolNewPointDialog
MdiCubeViewport
QAction
QBoxLayout
QCheckBox
QComboBox
QGroupBox
QLabel
QMainWindow
QObject
QPainter
QPoint
QPushButton
QSplitter
QStackedWidget
QString
QTableWidget
QTextEdit
QWidget
SerialNumberList
Stretch
ToolPad
UniversalGroundMap",,,MeasureColumns,,,,
MatchToolDeletePointDialog.h,identical,6300fa565b0e40e71902b0dcd67313ac18ad9dc2360989d2f4de475b63b42d6c,6300fa565b0e40e71902b0dcd67313ac18ad9dc2360989d2f4de475b63b42d6c,,,MatchToolDeletePointDialog,,,,,,,
MatchToolNewPointDialog.h,changed_declarations,7f636c56744ab2e85962c0769f9119500003217ee868f72c98c507669812eca8,8e2b830b284fa063b8f8b52abbdc0b9bc1ce3e1c315f31d2c62ef292ee821a08,,QStringList,"ControlNet
MatchToolNewPointDialog
QLabel
QLineEdit
QListWidget
QPushButton
QString",,,,,,,
MatcherAlgorithms.h,identical,252e7ed9934cc6985eff1d9272338b6d14f88b3048ec0d80b382cf172bd1b8de,252e7ed9934cc6985eff1d9272338b6d14f88b3048ec0d80b382cf172bd1b8de,,,MatcherAlgorithms,,,,,,,
MatcherSolution.h,identical,6c180343c11dc2c21b620ffc2daa884b65fde2b175691d044d08782345482e71,6c180343c11dc2c21b620ffc2daa884b65fde2b175691d044d08782345482e71,,,MatcherSolution,,,,,,,
Matrix.h,identical,767cf0e241289fa45ba10e9f3ae6257deafe02266dece8c8cde85259a5593e94,767cf0e241289fa45ba10e9f3ae6257deafe02266dece8c8cde85259a5593e94,,,Matrix,,,,,,,
MatrixGraphicsScene.h,identical,f1930f202d105cf141c59a0a4d8634ab14a6f59163d5ba565d2338445bc5f277,f1930f202d105cf141c59a0a4d8634ab14a6f59163d5ba565d2338445bc5f277,,,"MatrixGraphicsScene
MatrixSceneWidget",,,,,,,
MatrixGraphicsView.h,identical,279e0114dbd104681c9634520068842f56c0edecff51f58e6eb27a58ff68e900,279e0114dbd104681c9634520068842f56c0edecff51f58e6eb27a58ff68e900,,,MatrixGraphicsView,,,,,,,
MatrixOptions.h,identical,5ba10a75965b0d17ab920c833abe221aa94271b45eac46ff9eb2876a912883d8,5ba10a75965b0d17ab920c833abe221aa94271b45eac46ff9eb2876a912883d8,,,"CorrelationMatrix
MatrixOptions
MatrixSceneWidget",,,FocusOption,,,,
MatrixOptionsDialog.h,identical,41fb2ccd8906eba64469c6434b07b0d07bea102bbab4ed30376e4784b8a5b71f,41fb2ccd8906eba64469c6434b07b0d07bea102bbab4ed30376e4784b8a5b71f,,,"MatrixOptionsDialog
QCheckBox
QComboBox
QLabel
QLineEdit
QRadioButton
QSlider",,,,,,,
MatrixSceneWidget.h,identical,5da3eb1dbb012bcd4d3a84d32c9c779d368fb98cf80fd5d43db7eeb9b01ac0ed,5da3eb1dbb012bcd4d3a84d32c9c779d368fb98cf80fd5d43db7eeb9b01ac0ed,,,"CorrelationMatrix
Directory
DisplayProperties
FileName
MatrixDisplayTool
MatrixGraphicsView
MatrixOptions
MatrixSceneWidget
ProgressBar
Project
PvlGroup
PvlObject
QGraphicsPolygonItem
QGraphicsRectItem
QGraphicsScene
QGraphicsSceneContextMenuEvent
QList
QMenu
QProgressBar
QRubberBand
QStatusBar
QToolBar
QToolButton
ToolPad",,,,,,,
MatrixViewWorkOrder.h,identical,416bdf2f133dc2c59ee783fc7739e8bf348c33718242bb4286bd3c49ac629663,416bdf2f133dc2c59ee783fc7739e8bf348c33718242bb4286bd3c49ac629663,,,"CorrelationMatrix
MatrixViewWorkOrder",,,,,,,
MaximumCorrelation.h,identical,e1d956b25ca17fb93443cfd0a170c52eb116b81d44463a26e7cd3ef03e5401c8,e1d956b25ca17fb93443cfd0a170c52eb116b81d44463a26e7cd3ef03e5401c8,,,"Chip
MaximumCorrelation
Pvl",,,,,,,
MaximumLikelihoodWFunctions.h,identical,54495f05f01959b4c117aee820eddf125ac424631a1f11211685b7565022bcd0,54495f05f01959b4c117aee820eddf125ac424631a1f11211685b7565022bcd0,,,MaximumLikelihoodWFunctions,,,Model,,,,
MdiCubeViewport.h,identical,35704bc0dac4e6131b881c6e411baa40e63f5877a7a2d9f345fdb0f72ffbd993,35704bc0dac4e6131b881c6e411baa40e63f5877a7a2d9f345fdb0f72ffbd993,,,"Cube
MdiCubeViewport
QList
QPaintEvent
Tool
ViewportBuffer",,,,,,,
MdisCalUtils.h,changed_declarations,43c5af44c36baafc1a517d11d320946e318e2f5ee503b314915a75ad9f934c3d,b8e09ae04a68eb9673f5f1cb9484012d2d617fc8ea91984bd4e9c1a159e00dc8,,,,,,,"QString mess=""Number values("" + QString::number(csv.columns())+ "")in file "" + ename + "" less than number requested("" + QString::number(nvalues)+ "")!"";
QString mess=""Number values("" + QString::number(row.dim1())+ "")in file "" + fname + "" less than number requested("" + QString::number(nvalues)+ "")!"";
QString mess=""Number values("" + QString::number(row.dim1()- 1)+ "")in file "" + fname + "" less than number requested("" + QString::number(nvalues)+ "")!"";
SpiceQL::translateNameToCode(target.toLatin1().data(),""mdis"",useWeb);
auto [obsStartTime,k1]=SpiceQL::strSclkToEt(-236,scStartTime.toLatin1().data(),""mdis"",useWeb);
bool useWeb=QString(Preference::Preferences().findGroup(""SpiceQL"")[""UseSpiceQL""]).toUpper()==""TRUE"";
std::copy(sunLt[0].begin(),sunLt[0].begin()+3,sunv);
tie(obsStartTime,kernels)=SpiceQL::strSclkToEt(-236,scStartTime.toLatin1().data(),""mdis"",useWeb);","Isis::FileName leapseconds(""$base/kernels/lsk/naif????.tls"");
Isis::FileName pck(""$base/kernels/spk/de???.bsp"");
Isis::FileName sclk(""$messenger/kernels/sclk/messenger_????.tsc"");
QString leapsecondsName(leapseconds.expanded());
QString mess=""Number values("" + QString(csv.columns())+ "")in file "" + ename + "" less than number requested("" + QString(nvalues)+ "")!"";
QString mess=""Number values("" + QString(row.dim1())+ "")in file "" + fname + "" less than number requested("" + QString(nvalues)+ "")!"";
QString mess=""Number values("" + QString(row.dim1()- 1)+ "")in file "" + fname + "" less than number requested("" + QString(nvalues)+ "")!"";
QString pckName(pck.expanded());
QString sclkName(sclk.expanded());
bodn2c_c(target.toLatin1().data(),&tcode,&found);
furnsh_c(leapsecondsName.toLatin1().data());
furnsh_c(pckName.toLatin1().data());
furnsh_c(sclkName.toLatin1().data());
leapseconds=leapseconds.highestVersion();
loadNaifTiming();
pck=pck.highestVersion();
sclk=sclk.highestVersion();
scs2e_c(-236,scStartTime.toLatin1().data(),&obsStartTime);
spkpos_c(target.toLatin1().data(),obsStartTime,""J2000"",""LT+S"",""sun"",sunv,&lt);",,
MdisCamera.h,identical,54c5a5458368d9c556d394a77f416502957f3ceeb0071d839a120f8e2d97ceb7,54c5a5458368d9c556d394a77f416502957f3ceeb0071d839a120f8e2d97ceb7,,,MdisCamera,,,,,,,
MdisEdrKeys.h,identical,1fe67bfb34fcb68962d59aca0ab9c6aebb1eacddc7ed93566fef3a3f35c4819f,1fe67bfb34fcb68962d59aca0ab9c6aebb1eacddc7ed93566fef3a3f35c4819f,,,MdisEdrKeys,,,,,,,
MdisGeometry.h,identical,90d19357f8f1ff9f4967ff3d60990bbaa22fec75db00282403b4dbad83b90e55,90d19357f8f1ff9f4967ff3d60990bbaa22fec75db00282403b4dbad83b90e55,,,MdisGeometry,,,,,,,
MeasureCountFilter.h,changed_declarations,212136273612063e826c993d68e4e7a8c6e8df6ed008db993185f3b0574c7dff,79cb6574ddbdb556ea4fb9917145c105d0d74d14ece4ed2d891e1cb08f3518a5,,QPair,"ControlMeasure
ControlNet
ControlPoint
MeasureCountFilter
QButtonGroup
QLineEdit
QSpinBox
QString",,,,,,,
MeasureIgnoredFilter.h,changed_declarations,c576360680dab1f4fecfbdc221c63067e55476ba76fb9bd963ff42ab97c694da,1bcba3c459fcd4de8fa502b77b13085bdaa8f9fdfc7d2e39ff51412131b42edc,,QPair,"ControlMeasure
ControlNet
ControlPoint
MeasureIgnoredFilter
QString",,,,,,,
MeasureJigsawRejectedFilter.h,changed_declarations,5c86dcf13f2bb0e6605735ed53350b8e43f480bd37e813cf57e1f27543c9b94e,8284da005a9411162d3fa962007479a165fd1e70a79b20d618567483938ef21d,,QPair,"ControlMeasure
ControlNet
ControlPoint
MeasureJigsawRejectedFilter
QString",,,,,,,
MeasureLeafItem.h,identical,5ec21fd21c9b95e2f63126028548f8821f6e81684df4271d93c04f8dcccd6886,5ec21fd21c9b95e2f63126028548f8821f6e81684df4271d93c04f8dcccd6886,,,"ControlMeasure
MeasureLeafItem",,,,,,,
MeasurePoint.h,identical,78bc57f0cea24b1ece0d25afc8f6e855411b5699f81d95f08f752cd3c537ee69,78bc57f0cea24b1ece0d25afc8f6e855411b5699f81d95f08f752cd3c537ee69,,,"ControlMeasureData
MeasurePoint",,,,,,,
MeasureTableDelegate.h,identical,ba00c4d381d52816d97453418d03839ad2e18d782785f1a94f88d92fb9e00e04,ba00c4d381d52816d97453418d03839ad2e18d782785f1a94f88d92fb9e00e04,,,"AbstractTreeItem
MeasureTableDelegate
QString
QWidget
TableColumn",,,,,,,
MeasureTableModel.h,changed_declarations,a005afe65309338a178384084ee678a72f64f22f5621a4064a1d943fb34ec3e2,f9c16548a63519d3fbdb38a83e7cb699ecfb1e76f10a84bd14ca9241c209ce67,,QStringList,"AbstractTreeItem
AbstractTreeModel
MeasureTableModel
QList
TableColumn
TableColumnList",,,,,,,
MeasureTool.h,identical,a4ef6e5fce2769099f85e679159a0f6f1242b3fbf42b1e1e3e82a1f309f5075b,a4ef6e5fce2769099f85e679159a0f6f1242b3fbf42b1e1e3e82a1f309f5075b,,,"MdiCubeViewport
MeasureTool
QCheckBox
QComboBox
QDialog
QLineEdit
QMenu
QString",,,"TableColumnIndex
TableColumnsMap",,,,
MeasureTypeFilter.h,changed_declarations,03ee5457905cadadcd4257163a950c638eb461c6ea7adc1b019e69d1767e9799,2d45d9474c867303ba998c8ef5ca223664aadd4944b5d1195a7833418b33289d,,QPair,"ControlMeasure
ControlNet
ControlPoint
MeasureTypeFilter
QString",,,,,,,
MeasureValidationResults.h,changed_declarations,dc4257f0a6ff585cd10ceb74a306697e1be8307b303a4f0eb0a41ee42eb75fcd,266861543d3d0091e9bd167fb6139fad609bf5fdf2498b0ac9409a34bb546efd,,QVector,"MeasureValidationResults
QString",,,Option,,,,
Mercator.h,identical,ae509cdb6219ad1e5e3d1b7d7e3948c173063cb6e69c9d0b263e4187e90d896e,ae509cdb6219ad1e5e3d1b7d7e3948c173063cb6e69c9d0b263e4187e90d896e,,,"Mercator
Pvl
PvlGroup",,,,,,,
Message.h,identical,dfe913d2f32ac2891b0cc217d1a89174320c920e14f625e6107b0ef005cfdd23,dfe913d2f32ac2891b0cc217d1a89174320c920e14f625e6107b0ef005cfdd23,,,,,,,,,,
MexHrscSrcCamera.h,identical,4d6869ebf4e79ea309355a07d884bb9ca9f299a024a5bf71e551658bbe646ce6,4d6869ebf4e79ea309355a07d884bb9ca9f299a024a5bf71e551658bbe646ce6,,,MexHrscSrcCamera,,,,,,,
MiCalibration.h,identical,8e6ff55e6cbc0cfd4efd6ad6f8ee826becf9e41e593ff5e5f16d7ef0ed849775,8e6ff55e6cbc0cfd4efd6ad6f8ee826becf9e41e593ff5e5f16d7ef0ed849775,,,MiCalibration,,,,,,,
MiniRF.h,identical,2893eaed2fed2a4d338d717f7665ab214278d373703ed34e159d7aee04cb1b2a,2893eaed2fed2a4d338d717f7665ab214278d373703ed34e159d7aee04cb1b2a,,,MiniRF,,,,,,,
MinimumDifference.h,identical,91fe3649ab035c26f640b1251c561942573ce092f4fef481695a9eeb31aa9b6e,91fe3649ab035c26f640b1251c561942573ce092f4fef481695a9eeb31aa9b6e,,,"Chip
MinimumDifference
Pvl",,,,,,,
Minnaert.h,identical,f534e9bf2b268d7867214374b594a106eb89c0edaf584d898f750feec130a90d,f534e9bf2b268d7867214374b594a106eb89c0edaf584d898f750feec130a90d,,,"Minnaert
Pvl",,,,,,,
MinnaertEmpirical.h,identical,896adfd013112e40bc9f3e02b2481028ecbd8b9ce069a537e7684d8b47d94238,896adfd013112e40bc9f3e02b2481028ecbd8b9ce069a537e7684d8b47d94238,,,"MinnaertEmpirical
Pvl",,,,,,,
Mixed.h,identical,0d9f41d47cfb8b24eebe431329a29160bd1df94bed3a2fbb644ddd70711ca082,0d9f41d47cfb8b24eebe431329a29160bd1df94bed3a2fbb644ddd70711ca082,,,"Mixed
Pvl",,,,,,,
MocLabels.h,identical,addd19d027fdf53dd5cf3636d18e959b0ff29a5132e339f801f7d9fe5d4d1ca0,addd19d027fdf53dd5cf3636d18e959b0ff29a5132e339f801f7d9fe5d4d1ca0,,,"Cube
MocLabels
Pvl
WAGO",,,,,,,
MocNarrowAngleCamera.h,identical,822756fcc397015ee923a89c337db048d72dcb05fbc360357544a5b5d02c5293,822756fcc397015ee923a89c337db048d72dcb05fbc360357544a5b5d02c5293,,,MocNarrowAngleCamera,,,,,,,
MocNarrowAngleSumming.h,identical,b7baf30389849234e035b77851d8225091e3174962f991e581f9ae9ac411a730,b7baf30389849234e035b77851d8225091e3174962f991e581f9ae9ac411a730,,,MocNarrowAngleSumming,,,,,,,
MocWideAngleCamera.h,identical,88ab1fb2a20e02e1808de30b8d4d02431be9054e9488192168fe9ccc276003d8,88ab1fb2a20e02e1808de30b8d4d02431be9054e9488192168fe9ccc276003d8,,,MocWideAngleCamera,,,,,,,
MocWideAngleDetectorMap.h,identical,093dfbb3098f0f7e301f992dce4df1bd06a99821a9c5942e8ae679f49992da94,093dfbb3098f0f7e301f992dce4df1bd06a99821a9c5942e8ae679f49992da94,,,MocWideAngleDetectorMap,,,,,,,
MocWideAngleDistortionMap.h,identical,47a4732b99f49d00980eb733f0b8fe33ea198eef5660bcf5b4d440e89cb57ffe,47a4732b99f49d00980eb733f0b8fe33ea198eef5660bcf5b4d440e89cb57ffe,,,MocWideAngleDistortionMap,,,,,,,
Module.h,identical,9a4d608a6bc8975090a700360f5d747005ed4018f389f515c6c1f2e1d44fe6d0,9a4d608a6bc8975090a700360f5d747005ed4018f389f515c6c1f2e1d44fe6d0,,,"Module
PvlGroup",,,,,,,
Mollweide.h,identical,9de59466f0cdf9b1249477447fed43b12ac3592c30993735510673ee67b7e99d,9de59466f0cdf9b1249477447fed43b12ac3592c30993735510673ee67b7e99d,,,"Mollweide
Pvl
PvlGroup",,,,,,,
MoonAlbedo.h,identical,c761bf03f21206a275da69a96e9e69181f7de276b8cb532f48d8c2b738a8246a,c761bf03f21206a275da69a96e9e69181f7de276b8cb532f48d8c2b738a8246a,,,"MoonAlbedo
Pvl",,,,,,,
MoravecOperator.h,identical,40c600bb1ac29e09f6c297260bf59d4593896e2cfe794d999a2fe6c643c3653e,40c600bb1ac29e09f6c297260bf59d4593896e2cfe794d999a2fe6c643c3653e,,,"Chip
MoravecOperator
Pvl",,,,,,,
MosaicAreaTool.h,identical,eff2964ed6502c8b45e4fd059067ce832df45f936a814b158b4833001a09dd8a,eff2964ed6502c8b45e4fd059067ce832df45f936a814b158b4833001a09dd8a,,,"Distance
MosaicAreaTool
PvlObject
QAction
QGraphicsPolygonItem
QLineEdit",,,,,,,
MosaicControlNetTool.h,identical,3fa8e5f88f16a674c1f460d12da2791cef8daa8006351dbc86cd6fd33e27fedd,3fa8e5f88f16a674c1f460d12da2791cef8daa8006351dbc86cd6fd33e27fedd,,,"ControlNet
ControlNetGraphicsItem
ControlPoint
Image
ImageList
MosaicControlNetTool
QDialog
QLabel
QPushButton",,,MovementColorSource,,,,
MosaicControlNetToolMovementConfigDialog.h,identical,529f2a47c817ed1d57a1295c3075aabbf77c2b9968aa34d59de0bad9cdccb25a,529f2a47c817ed1d57a1295c3075aabbf77c2b9968aa34d59de0bad9cdccb25a,,,"MosaicControlNetTool
MosaicControlNetToolMovementConfigDialog
QCheckBox
QComboBox
QLabel
QLineEdit
QPushButton
QSlider",,,,,,,
MosaicController.h,identical,2327719d4dd4a88fad101e520ff8f94e3efe8572ac7d9836d29572e5bd11830e,2327719d4dd4a88fad101e520ff8f94e3efe8572ac7d9836d29572e5bd11830e,,,"ControlNet
FileName
ImageReader
MosaicController
MosaicSceneWidget
ProgressBar
PvlObject
QAction
QFutureWatcher
QList
QMenu
QMutex
QProgressBar
QSettings
QStatusBar",,,,,,,
MosaicFindTool.h,identical,f542add9c68b1712eb195d55e5aaee53318aa74f5ecb96450add78fb8a099169,f542add9c68b1712eb195d55e5aaee53318aa74f5ecb96450add78fb8a099169,,,"MosaicFindTool
PvlObject
QAction
QDialog
QGraphicsEllipseItem
QLineEdit
QToolButton",,,,,,,
MosaicGraphicsScene.h,identical,65f31fefebce2f51a6650da4c67328cce96fb4b7fb1cd7cb4aa877d6ad91a276,65f31fefebce2f51a6650da4c67328cce96fb4b7fb1cd7cb4aa877d6ad91a276,,,"MosaicGraphicsScene
MosaicSceneWidget",,,,,,,
MosaicGraphicsView.h,identical,8125fa7d71926eee98ecad6b1ac02a08d766d9630f1323f7383f9d1604df1e4f,8125fa7d71926eee98ecad6b1ac02a08d766d9630f1323f7383f9d1604df1e4f,,,MosaicGraphicsView,,,,,,,
MosaicGridTool.h,identical,a4b3f200d67d86eb35a01fad8793ca3bfdc52737c3b2b53fbd3f868977d72b68,a4b3f200d67d86eb35a01fad8793ca3bfdc52737c3b2b53fbd3f868977d72b68,,,"GridGraphicsItem
MosaicGridTool
Projection
QAction
QCheckBox
QDialog
QGraphicsItem
QLabel
QPushButton
QToolButton",,,GridExtentSource,,,,
MosaicGridToolConfigDialog.h,identical,8cec732ab52839c7fa2449ec350accdb76b99950a883bdc32cc13b8f68a31a83,8cec732ab52839c7fa2449ec350accdb76b99950a883bdc32cc13b8f68a31a83,,,"MosaicGridTool
MosaicGridToolConfigDialog
QCheckBox
QComboBox
QLabel
QLineEdit
QPushButton
QSlider",,,,,,,
MosaicMainWindow.h,identical,be1c30f9607729c1848cb2129ca12f4e9818142d8094c167311645ea91ac3804,be1c30f9607729c1848cb2129ca12f4e9818142d8094c167311645ea91ac3804,,,"Cube
MosaicController
MosaicMainWindow
QProgressBar
QString
ToolPad",,,,,,,
MosaicPanTool.h,identical,59a0dc986bb3437da492ad9a25a52287cdb820cd8097e9fc574c97f35cb3f2ed,59a0dc986bb3437da492ad9a25a52287cdb820cd8097e9fc574c97f35cb3f2ed,,,MosaicPanTool,,,,,,,
MosaicSceneItem.h,identical,e1dbc40d5a673b549d693ed9293e908f907d2a55457aaa027cf15ab42bb5b998,e1dbc40d5a673b549d693ed9293e908f907d2a55457aaa027cf15ab42bb5b998,,,"Camera
Image
MosaicSceneItem
MosaicSceneWidget
MultiPolygon
Projection
PvlGroup
QGraphicsPolygonItem
Stretch
UniversalGroundMap",,,,,,,
MosaicSceneWidget.h,identical,facc2958416b456f140aa9509a8c9e330d1b0b893591fa5cff7725b00cbfe3fc,facc2958416b456f140aa9509a8c9e330d1b0b893591fa5cff7725b00cbfe3fc,,,"ControlPoint
Directory
Image
MosaicGraphicsView
MosaicSceneItem
MosaicSceneWidget
MosaicTool
ProgressBar
Projection
PvlGroup
PvlObject
QGraphicsPolygonItem
QGraphicsRectItem
QGraphicsScene
QGraphicsSceneContextMenuEvent
QList
QMenu
QProgressBar
QRubberBand
QStatusBar
QToolBar
QToolButton
ToolPad",,,,,,,
MosaicSceneWorkOrder.h,identical,b15f5ebce8d8fa59c4523a24afc92679794e16a168c8f1520d4da90247e0e155,b15f5ebce8d8fa59c4523a24afc92679794e16a168c8f1520d4da90247e0e155,,,"MosaicSceneWidget
MosaicSceneWorkOrder",,,,,,,
MosaicSelectTool.h,identical,d7b0e9c3498991c18a32527a20f762c58b50e8fd9788376073c30e7a06e56320,d7b0e9c3498991c18a32527a20f762c58b50e8fd9788376073c30e7a06e56320,,,MosaicSelectTool,,,,,,,
MosaicTool.h,identical,608b5d325dbc44899905ce0329b87f2e31e631c30be6cdc6965eca336f69de5a,608b5d325dbc44899905ce0329b87f2e31e631c30be6cdc6965eca336f69de5a,,,"MosaicSceneWidget
MosaicTool
PvlObject
QAction
QGraphicsView
QMenu
QPixmap
QPoint
QString
QToolBar
ToolPad",,,,,,,
MosaicTrackTool.h,identical,2c8beb855c2c0a27177857e6a6919264075ebc97734b0a0362fc6218c858accc,2c8beb855c2c0a27177857e6a6919264075ebc97734b0a0362fc6218c858accc,,,"MosaicTrackTool
QLabel
QStatusBar",,,,,,,
MosaicZoomTool.h,identical,994e7f4c2ac3e2ec4f29432b0130b6aba1b053ef94c98d59fcb11415bd7535b9,994e7f4c2ac3e2ec4f29432b0130b6aba1b053ef94c98d59fcb11415bd7535b9,,,"MosaicZoomTool
QAction
QDoubleSpinBox
QGraphicsSceneMouseEvent
QLineEdit
QRect",,,,,,,
MoveDownOneSceneWorkOrder.h,identical,09831bd74f263f532960c06f1f3a396f2f356d36326d94d5d1123619b832c198,09831bd74f263f532960c06f1f3a396f2f356d36326d94d5d1123619b832c198,,,"MosaicSceneWidget
MoveDownOneSceneWorkOrder",,,,,,,
MoveToBottomSceneWorkOrder.h,identical,0cb7a5da67fd21ebe4cd7e5040b75d0d4a9160fc777469a5353cd7e47d0933fa,0cb7a5da67fd21ebe4cd7e5040b75d0d4a9160fc777469a5353cd7e47d0933fa,,,"MosaicSceneWidget
MoveToBottomSceneWorkOrder",,,,,,,
MoveToTopSceneWorkOrder.h,identical,653fd7b5cd07a35ce4cdcb197caf37f1f7c6d5d319971b0e9cebbde04e8c088a,653fd7b5cd07a35ce4cdcb197caf37f1f7c6d5d319971b0e9cebbde04e8c088a,,,"MosaicSceneWidget
MoveToTopSceneWorkOrder",,,,,,,
MoveUpOneSceneWorkOrder.h,identical,a67f803f85fc1a461f4692e2e89ef474caaab4d6beac4d181dc8e2a5b6b3cb40,a67f803f85fc1a461f4692e2e89ef474caaab4d6beac4d181dc8e2a5b6b3cb40,,,"MosaicSceneWidget
MoveUpOneSceneWorkOrder",,,,,,,
MsiCamera.h,identical,240970e33e0c3d4a2f63f1e083881bad4bb0afa6ab11b074776679039479afd6,240970e33e0c3d4a2f63f1e083881bad4bb0afa6ab11b074776679039479afd6,,,MsiCamera,,,,,,,
MultivariateStatistics.h,identical,eeda3c440b910c53ed61c48da14dc2353e844500dfea7f849551a9ea860249c3,eeda3c440b910c53ed61c48da14dc2353e844500dfea7f849551a9ea860249c3,,,MultivariateStatistics,,,,,,,
NaifDskApi.h,identical,f1f89678c7d4bcddbea4adfd7638d59a22cd664379e1f8451188dfbaffc74014,f1f89678c7d4bcddbea4adfd7638d59a22cd664379e1f8451188dfbaffc74014,,,,,,,,,,
NaifDskPlateModel.h,identical,1c1e772fb6be93054794ff553183fb721110a73c973797154d0808420e921f97,1c1e772fb6be93054794ff553183fb721110a73c973797154d0808420e921f97,,,"Intercept
Latitude
Longitude
NaifDskDescriptor
NaifDskPlateModel
SurfacePoint",,,ErrAction,,,,
NaifDskShape.h,changed_declarations,4334666ba09c15f3365ddb93b7d724cf0e14062b782c36c2dc76ffbd8a51c3cd,502a731e22c9477ff0800d6b381c4ac060f3cb8facf5ee95af82d2fe26f4238e,,,"Intercept
NaifDskShape",,,,,"QVector<double>ellipsoidNormal();
void calculateDefaultNormal();
void calculateSurfaceNormal();",,
NaifStatus.h,identical,9b4b7400bb9a289df1e8e2a8193163e4ed78de6de89dff7454124a5b5e16a825,9b4b7400bb9a289df1e8e2a8193163e4ed78de6de89dff7454124a5b5e16a825,,,NaifStatus,,,,,,,
NewControlPointDialog.h,changed_declarations,3859699ed16bbf6635b2e3bdab0b828a08a1fa8a68a8277e0da1880736654455,bc73f6a2d91bff74053abae0c117c0fb9b44f6524c34f1c21bbeff5ca35261ae,,QStringList,"ControlNet
NewControlPointDialog
QComboBox
QHBoxLayout
QLabel
QLineEdit
QListWidget
QPushButton
QRadioButton
QString
SerialNumberList",,,,,,,
NewGroundSourceLocationDialog.h,identical,42f42acaf72ddeb435f5efcf258bf9cc2fe963f6558096a60d7483ad765a3aab,42f42acaf72ddeb435f5efcf258bf9cc2fe963f6558096a60d7483ad765a3aab,,,NewGroundSourceLocationDialog,,,,,,,
NewHorizonsLeisaCamera.h,identical,db74fb967a98b4573c15c27597a87aeb0c2953b795788592179087bd8f647592,db74fb967a98b4573c15c27597a87aeb0c2953b795788592179087bd8f647592,,,NewHorizonsLeisaCamera,,,,,,,
NewHorizonsLorriCamera.h,identical,a920c26d73364bf052bb272017711b4e65ced16cc5df526324ab2967cfb0f44d,a920c26d73364bf052bb272017711b4e65ced16cc5df526324ab2967cfb0f44d,,,NewHorizonsLorriCamera,,,,,,,
NewHorizonsLorriDistortionMap.h,identical,7b8f9ffc30c0e6400e1f32a835b54ec7170d02dd2c32b81e317913036979e6c2,7b8f9ffc30c0e6400e1f32a835b54ec7170d02dd2c32b81e317913036979e6c2,,,NewHorizonsLorriDistortionMap,,,,,,,
NewHorizonsMvicFrameCamera.h,identical,11288d9141f96f47e2da393ee55d77b16daff04b8ddd441936b4cb2d6bc9af3c,11288d9141f96f47e2da393ee55d77b16daff04b8ddd441936b4cb2d6bc9af3c,,,NewHorizonsMvicFrameCamera,,,,,,,
NewHorizonsMvicFrameCameraDistortionMap.h,identical,1e4daded382ff8b8d729c0610620ccace344bee0f673f3840c6f75694303c11c,1e4daded382ff8b8d729c0610620ccace344bee0f673f3840c6f75694303c11c,,,NewHorizonsMvicFrameCameraDistortionMap,,,,,,,
NewHorizonsMvicTdiCamera.h,identical,7dc317b6293f5bdbc4f580d44928bfd894c4a430290a75c89dc2f02f7b17d5b9,7dc317b6293f5bdbc4f580d44928bfd894c4a430290a75c89dc2f02f7b17d5b9,,,NewHorizonsMvicTdiCamera,,,,,,,
NewHorizonsMvicTdiCameraDistortionMap.h,identical,bf8c133ceb9d7a118ae365282726ab870d09443c523d6544e7c2775e300bf482,bf8c133ceb9d7a118ae365282726ab870d09443c523d6544e7c2775e300bf482,,,NewHorizonsMvicTdiCameraDistortionMap,,,,,,,
NirCamera.h,identical,c70f66b369ed9629d357bdea26e46815994b494cc65db3b11c86bb682f06df2d,c70f66b369ed9629d357bdea26e46815994b494cc65db3b11c86bb682f06df2d,,,NirCamera,,,,,,,
NirsDetectorMap.h,identical,8f837f96bead65b891748f3dd6b20952b53acfb4e17ca38b1cb0a69efdc7642b,8f837f96bead65b891748f3dd6b20952b53acfb4e17ca38b1cb0a69efdc7642b,,,NirsDetectorMap,,,,,,,
NirsImportFits.h,changed_declarations,13ca274b95101d6cdf2f5c510ae40613bac63c0d038fe3f84c8a7c6db69ad11c,c12e85e1258ad3764105635bc840be32d54a7b4013f117cb717a08bee3b29216,,,NirsImportFits,,,,"PvlGroup label()const;
PvlGroup parseLabel(std::ifstream&in,const QString&fitLabelName);","PvlObject label()const;
PvlObject parseLabel(std::ifstream&in,const QString&fitLabelName);",,
NoNormalization.h,identical,38f866c4552b072ac61b624d89b229139564eb356774dd28c17414cbfa17177d,38f866c4552b072ac61b624d89b229139564eb356774dd28c17414cbfa17177d,,,"NoNormalization
Pvl",,,,,,,
NoOperator.h,identical,2ee206fcfe9fdf3608eec881db6537a253108a0ece954e0e3313135db8dd3359,2ee206fcfe9fdf3608eec881db6537a253108a0ece954e0e3313135db8dd3359,,,"Chip
NoOperator
Pvl",,,,,,,
NomenclatureToolConfigDialog.h,identical,a85a4d788209a67d8018c6a0e4fe9af4f13af9637d293f3adffb3caf90444431,a85a4d788209a67d8018c6a0e4fe9af4f13af9637d293f3adffb3caf90444431,,,"FeatureNomenclatureTool
NomenclatureToolConfigDialog
QCheckBox
QComboBox
QPushButton",,,,,,,
NonLinearLSQ.h,identical,4fd95f1f7386f7bc7edcd620b54d426d78773d3052c1fe6812a95b1b0b34f91d,4fd95f1f7386f7bc7edcd620b54d426d78773d3052c1fe6812a95b1b0b34f91d,,,"NonLinearLSQ
_nlsqPointer",,,,,,,
NormModel.h,identical,3ba6842bc3d174ff871ff046ecae35fec227ca910f1160c01c740a04ef6cd0b3,3ba6842bc3d174ff871ff046ecae35fec227ca910f1160c01c740a04ef6cd0b3,,,NormModel,,,,,,,
NormModelFactory.h,identical,e7fe23a54f9eb2c5e958ec776419fdffbc1766164e8a294cc2e6581672445932,e7fe23a54f9eb2c5e958ec776419fdffbc1766164e8a294cc2e6581672445932,,,"AtmosModel
NormModel
NormModelFactory
PhotoModel
Pvl",,,,,,,
NthOrderPolynomial.h,identical,54acb3bffc7fd3097ccf62b8dac69822bbb9f1fa16d48d9ca93ace7f9c24c63d,54acb3bffc7fd3097ccf62b8dac69822bbb9f1fa16d48d9ca93ace7f9c24c63d,,,NthOrderPolynomial,,,,,,,
NumericalApproximation.h,identical,fbe94dc1e60ac286445aeedba22772e8c9a72281c4ff0b91c34ab92f3dfcb335,fbe94dc1e60ac286445aeedba22772e8c9a72281c4ff0b91c34ab92f3dfcb335,,,NumericalApproximation,,,"ExtrapType
InterpType",,,,
NumericalAtmosApprox.h,identical,a66ccec6315a38d2a72df85fd35cb4d5c8eb1232d855b7362542ac37b006d6a7,a66ccec6315a38d2a72df85fd35cb4d5c8eb1232d855b7362542ac37b006d6a7,,,"AtmosModel
NumericalAtmosApprox",,,IntegFunc,,,,
NumericalSortStrategy.h,identical,274afe7d503fb0885f7c52b9c98b7128c12da590486079901422dd102c9ca649,274afe7d503fb0885f7c52b9c98b7128c12da590486079901422dd102c9ca649,,,"NumericalSortStrategy
PvlObject
SortAscending
SortDescending",,,,,,,
ORBAlgorithm.h,identical,7d4625d54ada34046dbf2a1666b2c63d21387cb3501dbce1d054dd845d16dd08,7d4625d54ada34046dbf2a1666b2c63d21387cb3501dbce1d054dd845d16dd08,,,ORBAlgorithm,,,,,,,
ObliqueCylindrical.h,identical,7775f030d127032dc0324e5753618508288f82e63438947b526b4f9cfdc13a9b,7775f030d127032dc0324e5753618508288f82e63438947b526b4f9cfdc13a9b,,,"ObliqueCylindrical
Pvl
PvlGroup",,,,,,,
ObservationNumber.h,identical,47d61bd65b138ce102e71a0efa9d340c13a9e2baeb0b0bafdfac3353cf9b9567,47d61bd65b138ce102e71a0efa9d340c13a9e2baeb0b0bafdfac3353cf9b9567,,,"Cube
ObservationNumber
Pvl
PvlGroup",,,,,,,
ObservationNumberList.h,identical,a7c90f09ed6620234c7c8181ec820f40db4040eaa92778f433023b4231479407,a7c90f09ed6620234c7c8181ec820f40db4040eaa92778f433023b4231479407,,,"ObservationNumberList
ObservationSet",,,,,,,
OpenProjectWorkOrder.h,identical,2c9b5cd781ac98d1b83419be6abb82da71799962fbf05973956ebf3c9546224e,2c9b5cd781ac98d1b83419be6abb82da71799962fbf05973956ebf3c9546224e,,,"OpenProjectWorkOrder
QString",,,,,,,
OriginalLabel.h,identical,08d4206f9b4f815369ff6d22544bf0f4104d7f2d83784db17f52682f9915c66a,08d4206f9b4f815369ff6d22544bf0f4104d7f2d83784db17f52682f9915c66a,,,OriginalLabel,,,,,,,
OriginalXmlLabel.h,identical,4b8fa5aa51b62bdd71788f3bdc1e057272f2568d98481c8e8e1264f92b3cef92,4b8fa5aa51b62bdd71788f3bdc1e057272f2568d98481c8e8e1264f92b3cef92,,,OriginalXmlLabel,,,,,,,
Orthographic.h,identical,207c822da327c0df657ef9383126bfb36f235d7cafb46ff2b947c271bc4822d2,207c822da327c0df657ef9383126bfb36f235d7cafb46ff2b947c271bc4822d2,,,"Orthographic
Pvl
PvlGroup",,,,,,,
OsirisRexDistortionMap.h,changed_declarations,0adffcc58ef2d2e352e675bd2200bfda3a989c96d400caec8ec18074413935b6,e397490f4cbbf3ab19e85df24e01517198fb544f5cab561b65c39ec5ece97f0f,,,OsirisRexDistortionMap,,,,"virtual bool SetDistortion(int naifIkCode,QString filter=""UNKNOWN"");","virtual void SetDistortion(int naifIkCode,QString filterName);",,
OsirisRexOcamsCamera.h,changed_declarations,733f127005aabc1bf7603267dbea137f92f16e04fa5932b659d615186acf13d8,feb641b0a98ac1f6425f933dd38a4ed2529ab27659c9bf3f01e5d78177839bd5,,,OsirisRexOcamsCamera,,,,"int getFunctionalIkCode(const int naifIkCode,const int polyfocusCode,const QString&filter)const;",,,
OsirisRexOcamsDistortionMap.h,identical,64e02bb1a7cae0f9da6c45a81d8aca254dfadea3a99e50a7b4cee717ddea6fe8,64e02bb1a7cae0f9da6c45a81d8aca254dfadea3a99e50a7b4cee717ddea6fe8,,,OsirisRexOcamsDistortionMap,,,,,,,
OsirisRexOcamsOpenCVDistortionMap.h,added,,c7d221db65db338a0192d02bf6e87ced20895d271f2edb9ae7f994f2d9ce2f7a,OsirisRexOcamsOpenCVDistortionMap,,,,,,"OsirisRexOcamsOpenCVDistortionMap(Camera*parent,int naifIkCode,int functionIkCode,const QString&filtername,const double zdir=1.0);
bool load_model(Camera*camera,const int naifIKcode=0,const QString&suffix="""");
bool load_polycam_model(Camera*camera,const int naifIKcode,const int focusIkCode);
virtual bool SetFocalPlane(const double dx,const double dy);
virtual bool SetUndistortedFocalPlane(const double ux,const double uy);
void SetCameraTemperature(const double temp);
void apply_distortion(const double xp,const double yp,double*xpp,double*ypp)const;
void distortion_to_image_frame(const double xpp,const double ypp,double*u,double*v,double*dx,double*dy)const;
void distortion_to_pointing_frame(const double xp,const double yp,double*x,double*y,double*ux,double*uy)const;
void image_to_distortion_frame(const double dx,const double dy,double*u,double*v,double*xpp,double*ypp)const;
void pointing_to_distortion_frame(const double ux,const double uy,double*x,double*y,double*xp,double*yp)const;",,,
OsirisRexTagcamsCamera.h,identical,ca8ccceaa80dc9672982e9cc363efefb6442fef70a14888356cfb2cda0a1f97e,ca8ccceaa80dc9672982e9cc363efefb6442fef70a14888356cfb2cda0a1f97e,,,OsirisRexTagcamsCamera,,,,,,,
OsirisRexTagcamsDistortionMap.h,identical,921f51c3a15234b9da14eae9cddc4fcb327be8532a21ad3a5ae686511c68c9d8,921f51c3a15234b9da14eae9cddc4fcb327be8532a21ad3a5ae686511c68c9d8,,,OsirisRexTagcamsDistortionMap,,,,,,,
OverlapNormalization.h,identical,4523139e3c6dba60704030469f6acdcfac2f9967941cd3f2b7922341bb2da789,4523139e3c6dba60704030469f6acdcfac2f9967941cd3f2b7922341bb2da789,,,"BasisFunction
Overlap
OverlapNormalization",,,"AddStatus
SolutionType",,,,
OverlapStatistics.h,identical,cf253c945c05c5a4477d08247709f5f7b6461de4bd64e1091cfc80d8f7460312,cf253c945c05c5a4477d08247709f5f7b6461de4bd64e1091cfc80d8f7460312,,,"OverlapStatistics
PvlObject",,,,,,,
PaletteWindow.h,identical,08aea9c87cab158aa17b49445cb9364ecbc9569fc21c07d2fc7fdfa0cd12f322,08aea9c87cab158aa17b49445cb9364ecbc9569fc21c07d2fc7fdfa0cd12f322,,,PaletteWindow,,,,,,,
PanTool.h,identical,d37617cde4bbbf77b5a5fda82c7a308cefcabab2b20f2c694e5976e31d9deaa0,d37617cde4bbbf77b5a5fda82c7a308cefcabab2b20f2c694e5976e31d9deaa0,,,"PanTool
QComboBox
QLineEdit",,,,,,,
PdsColumn.h,identical,73a34ac08eb3e1b2b8315e7018af814be32358e5eb430006f248f9023b8d2af0,73a34ac08eb3e1b2b8315e7018af814be32358e5eb430006f248f9023b8d2af0,,,"PdsColumn
PvlContainer
PvlObject
QString",,,,,,,
PdsTableCreatorStrategy.h,identical,33e74b149ce9e315eb75b10b94cd6514a812a9e54b0dfde8a0e3a6cdb6955508,33e74b149ce9e315eb75b10b94cd6514a812a9e54b0dfde8a0e3a6cdb6955508,,,"PdsTableCreatorStrategy
PvlObject",,,,,,,
PdsTableFormatStrategy.h,identical,d03ff941d914bd1e96c36c51e884c241e2807845449e4aa410cfb42a715e7490,d03ff941d914bd1e96c36c51e884c241e2807845449e4aa410cfb42a715e7490,,,"PdsTableFormatStrategy
PvlObject",,,,,,,
PdsTableReaderStrategy.h,identical,555f2566095b4f3c4e9e69f9c37268931267adce696dba916fdab7ac821e2433,555f2566095b4f3c4e9e69f9c37268931267adce696dba916fdab7ac821e2433,,,"PdsTableReaderStrategy
PvlObject",,,,,,,
PhotoModel.h,identical,136f81d3a80531c5f28a3a78bad4062dd72d33db51b35e9b14cc8e1b7a449d90,136f81d3a80531c5f28a3a78bad4062dd72d33db51b35e9b14cc8e1b7a449d90,,,PhotoModel,,,,,,,
PhotoModelFactory.h,identical,1d96c54df2c415280aebc2f5e771966463c18d80c6a57fbe476caffc910b25b1,1d96c54df2c415280aebc2f5e771966463c18d80c6a57fbe476caffc910b25b1,,,"PhotoModel
PhotoModelFactory
Pvl",,,,,,,
PhotometricFunction.h,identical,ad1b9f3fc07f53c94bd18735554ed4bca672418483ae5a91569cd96f18821b59,ad1b9f3fc07f53c94bd18735554ed4bca672418483ae5a91569cd96f18821b59,,,"Camera
PhotometricFunction
PvlObject",,,,,,,
Photometry.h,identical,385267e61e1ac2e836e20bd3fe94ebd041e14a50b4e9321e0cc1aa4f2d9900e9,385267e61e1ac2e836e20bd3fe94ebd041e14a50b4e9321e0cc1aa4f2d9900e9,,,"AtmosModel
NormModel
PhotoModel
Photometry
Pvl",,,,,,,
Pipeline.h,identical,1309fb6ffc5e5a8398aa056a781dc8a4b7db80c1ddfb7893c0cc7c83c67440a3,1309fb6ffc5e5a8398aa056a781dc8a4b7db80c1ddfb7893c0cc7c83c67440a3,,,"FileName
Pipeline",,,,,,,
PipelineApplication.h,identical,66df0197cf72ce5e079835b9440a7beb89930617e204b87f6112ee9d53cb6b88,66df0197cf72ce5e079835b9440a7beb89930617e204b87f6112ee9d53cb6b88,,,"Pipeline
PipelineApplication
PipelineParameter",,,"CustomParameterValue
NameModifierType",,,,
Pixel.h,identical,ef18f42212e997c3faaf34d19c409a4be2db0342c07e2ec4bf775ffa33989051,ef18f42212e997c3faaf34d19c409a4be2db0342c07e2ec4bf775ffa33989051,,,Pixel,,,,,,,
PixelFOV.h,identical,d83434f3fef6c37eb20e6d3278157071406a5c26237e9b65190497abfea5ea43,d83434f3fef6c37eb20e6d3278157071406a5c26237e9b65190497abfea5ea43,,,"Camera
PixelFOV",,,,,,,
PixelOffset.h,identical,f991100b51925881821195c62d50632a9c144927996e30aa6dcc71e7df3b8b5a,f991100b51925881821195c62d50632a9c144927996e30aa6dcc71e7df3b8b5a,,,PixelOffset,,,,,,,
PixelType.h,changed_non_declaration,3145b15d20059cb9aca02655f5bd59caafbf7a9129063f1ace065e6f1ca604f2,a79d2199146b3f5b0f65e39af906dcc263916f58350f3dc15c99f0244e41b370,,,,,,PixelType,,,,
Planar.h,identical,651721c9d8c68d8f200728e8a0594505b0ff80ff0b7439b95ca2c8ec07ef0ee2,651721c9d8c68d8f200728e8a0594505b0ff80ff0b7439b95ca2c8ec07ef0ee2,,,"Planar
Pvl
PvlGroup",,,,,,,
PlaneShape.h,identical,0446fb3ee2d325555870527dd1c3bea8bb92acbfc9fb2719b4b47553a81a3a15,0446fb3ee2d325555870527dd1c3bea8bb92acbfc9fb2719b4b47553a81a3a15,,,PlaneShape,,,,,,,
PlotCurve.h,identical,1fa6e8e8346e6b62e9cc9c29b581a9397a31678ccb2ef307fb911e0de5b2f177,1fa6e8e8346e6b62e9cc9c29b581a9397a31678ccb2ef307fb911e0de5b2f177,,,PlotCurve,,,Units,,,,
PlotWindow.h,changed_declarations,337a16d7bb9f5ad0e30dd298b64c8a454385d785b34825d8d819a8572bbb4cae,275883a4a8010be19749c71448b1843ce073a535a53f80513b8d74d0182c8392,,QPair,"CubePlotCurve
MdiCubeViewport
PlotWindow
PvlKeyword
QCheckBox
QComboBox
QDockWidget
QLineEdit
QListWidgetItem
QwtLegend
QwtPlot
QwtPlotGrid
QwtPlotSpectrogram
QwtPlotZoomer
TableMainWindow",,,MenuOptions,,,,
PlotWindowBestFitDialog.h,identical,97f50471b97614b6154b65ab353fcbfd3920380c0d01e84f998f318d5e095448,97f50471b97614b6154b65ab353fcbfd3920380c0d01e84f998f318d5e095448,,,"PlotWindowBestFitDialog
QCheckBox
QComboBox
QLabel
QLineEdit
QPushButton
QWidget
QwtPlotSpectrogram",,,,,,,
Plugin.h,identical,1045a43ba962daf053941af78734993a6b046968bced8ad830bfd71934db487c,1045a43ba962daf053941af78734993a6b046968bced8ad830bfd71934db487c,,,Plugin,,,,,,,
PointCloud.h,identical,4c0c8ecfec1a4154c38b97f999753c7c2fe5148eae965398eef2b7c83bbfb1d4,4c0c8ecfec1a4154c38b97f999753c7c2fe5148eae965398eef2b7c83bbfb1d4,,,"Dist2d
PointCloud",,,,,,,
PointCloudSearchResult.h,changed_declarations,4d8aa73d82e9ad6bec4d2c27e80a8f2474c5ff2f6291d7f4b3b2298fe61c5ceb,a12ddf0487b57aa61998ee3f29be9a2db16482a0da576db329f37aea1ff553e7,,,"PointCloud
PointCloudSearchResult",,,SearchType,"m_matches.push_back(qMakePair<T,double>(T(p),std::sqrt(distances[i])));
m_matches.push_back(qMakePair<T,double>(T(p),std::sqrt(matches[i].second)));","m_matches.push_back(qMakePair<T,double>(p,std::sqrt(distances[i])));
m_matches.push_back(qMakePair<T,double>(p,std::sqrt(matches[i].second)));",,
PointCloudTree.h,changed_non_declaration,91b9c196dec0a5028b47123b8bea02a6039fa82b721021c710aa6d131bdc250e,b7a0678b9b309447c1d434d9aeeefa97ae49f422d760003db2b3548c851c4f97,,,PointCloudTree,,,,,,,
PointEditLockedFilter.h,changed_declarations,2199e3675a2a8d8459b3b722f1fec3c4ce2003b4ae3f192ea7f5970c00e42496,6c3c15f6ff1479d89ecb96cc95b26d865d2f3eee842acb4d3e77f275d8da34f6,,QPair,"ControlMeasure
ControlNet
ControlPoint
PointEditLockedFilter
QString",,,,,,,
PointIdFilter.h,changed_declarations,daacc749e7e2bba97b5aa93a9f38bf3b72777b5e231a1cedec4b543c04a57bc3,235a89d5c8fb029efa761c472e0a4cffb4218d1d0e6dbe63aae4cb8ec74438be,,QPair,"ControlMeasure
ControlNet
ControlPoint
PointIdFilter
QString",,,,,,,
PointIgnoredFilter.h,changed_declarations,8d7eeaa05ca2848065e810ab931fc934a0cdacff2fa45e6e55f6505bc1d5053a,570754a96eea5070f0f559ead5259484c1c7b0d367c77dca088d0d176be8a6f8,,QPair,"ControlMeasure
ControlNet
ControlPoint
PointIgnoredFilter
QString",,,,,,,
PointJigsawRejectedFilter.h,changed_declarations,921facdec589eada174f9cde7c5e49f273d0db0724ad6b6b84954c8e0a3e5067,ddf4d04ca03c14c79e69b0cff9180d79b5a78cebb0879493549ebccd155ccc5e,,QPair,"ControlMeasure
ControlNet
ControlPoint
PointJigsawRejectedFilter
QString",,,,,,,
PointLeafItem.h,identical,d2b0628127e96c3d0e711fdafef8020115243c2c0d76c5e6947a91846be898c7,d2b0628127e96c3d0e711fdafef8020115243c2c0d76c5e6947a91846be898c7,,,"ControlPoint
PointLeafItem",,,,,,,
PointMeasureFilterSelector.h,identical,ffc203b0e4c92dd76e2bf40ca471c05e34c4ab54f49ccdc8d92589a97b1faa7c,ffc203b0e4c92dd76e2bf40ca471c05e34c4ab54f49ccdc8d92589a97b1faa7c,,,"AbstractFilter
PointMeasureFilterSelector",,,,,,,
PointMeasureTreeModel.h,identical,5cb0ff2f722fab5664d6d597c0f95aac78c33d47870da761ed74d7a5e5ac2ece,5cb0ff2f722fab5664d6d597c0f95aac78c33d47870da761ed74d7a5e5ac2ece,,,"ControlNet
ControlPoint
CreateRootItemFunctor
PointMeasureTreeModel
PointParentItem
QFutureWatcher
QString
RootItem
TreeView",,,,,,,
PointParentItem.h,identical,0b364f0b77559ba729feadfe7e345a0d5a614944fe2020c116c78e0d5ac14a30,0b364f0b77559ba729feadfe7e345a0d5a614944fe2020c116c78e0d5ac14a30,,,"ControlPoint
PointParentItem
QVariant",,,,,,,
PointPerspective.h,identical,ad9970db1f41add5de0a612c95d7933f58b95d1aa2cd3fc07da5e007ac05a064,ad9970db1f41add5de0a612c95d7933f58b95d1aa2cd3fc07da5e007ac05a064,,,"PointPerspective
Pvl
PvlGroup",,,,,,,
PointPlot.h,identical,a341d214facfcdc930287eb1cfe9f40684bca8b8ebe87b347a2c0a63cb607e6b,a341d214facfcdc930287eb1cfe9f40684bca8b8ebe87b347a2c0a63cb607e6b,,,PointPlot,,,,,,,
PointTableDelegate.h,identical,3aea854233e3d9989d7f30b3c3126e14b32438b92bb56e4927131e734611c141,3aea854233e3d9989d7f30b3c3126e14b32438b92bb56e4927131e734611c141,,,"AbstractTreeItem
PointTableDelegate
QString
QWidget",,,,,,,
PointTableModel.h,changed_declarations,e7cbe9cd48ab6d9ccc0ce7de87942e6c8392f68ebbfa1b14f74ee1c369ae3dbd,560780df9d5c62290d7f5e5597c14ba6d4804f063d8ed22299e9178c4befb67e,,QStringList,"AbstractTreeItem
AbstractTreeModel
PointTableModel
QList",,,,,,,
PointTypeFilter.h,changed_declarations,bbe3a9d0ed117e42a8eef90dd4bf83d71cfe4b5f17a98f15586449863c288566,38d55ebfd50021b2658928bb31218e15bdd69e65283541eb347e196a00daf80e,,QPair,"ControlMeasure
ControlNet
ControlPoint
PointTypeFilter
QString",,,,,,,
PolarStereographic.h,identical,702162a9d3ba669754e8b8ce0857f077264a4e46c42f5c762d9709a63cb0cfd1,702162a9d3ba669754e8b8ce0857f077264a4e46c42f5c762d9709a63cb0cfd1,,,"PolarStereographic
Pvl
PvlGroup",,,,,,,
PolygonSeeder.h,identical,e59a57fe13bdef8b7971f876c4bb095bbed1d7481113f350a8b59cc1410a1227,e59a57fe13bdef8b7971f876c4bb095bbed1d7481113f350a8b59cc1410a1227,,,"PolygonSeeder
PolygonTools
Pvl
PvlGroup",,,,,,,
PolygonSeederFactory.h,identical,d1d673ee899d1ec89bc976dd00f9df9b6501d7f8875a47a7cf1eb7d71b5f2c0a,d1d673ee899d1ec89bc976dd00f9df9b6501d7f8875a47a7cf1eb7d71b5f2c0a,,,"PolygonSeeder
PolygonSeederFactory
Pvl",,,,,,,
PolygonTools.h,identical,49c454499667ecfd3d068ab9f4d4a73ed5978af17de6eb33312641ca24436729,49c454499667ecfd3d068ab9f4d4a73ed5978af17de6eb33312641ca24436729,,,"PolygonTools
TProjection
UniversalGroundMap",,,,,,,
PolynomialBivariate.h,identical,75f121843d27e43540fdaed4b7ad9b9a1ccf20a909541b4a332233c2eeef0763,75f121843d27e43540fdaed4b7ad9b9a1ccf20a909541b4a332233c2eeef0763,,,PolynomialBivariate,,,,,,,
PolynomialUnivariate.h,identical,f2632e4ce924f153ebce089d215e47eac6c7b2b447e93ad699e670b780ad55c6,f2632e4ce924f153ebce089d215e47eac6c7b2b447e93ad699e670b780ad55c6,,,PolynomialUnivariate,,,,,,,
Portal.h,identical,de95d12a1f1db6b7aee553e06cae747742a3d8c77e0bc32bc7659130867320d6,de95d12a1f1db6b7aee553e06cae747742a3d8c77e0bc32bc7659130867320d6,,,Portal,,,,,,,
Preference.h,changed_declarations,f00c4133bd6689cbacaff586c6a5f661008d62dff419b3e17c89abcb7cf9ad8f,f393da312bce08459374fe3a630db6432c5bc567eccfba6cbbe351308e553c14,,,"Application
Preference",,,,"bool checkIfPrefEquals(const QString&group,const QString&key,const QString&val,const bool defaultReturn=true);
bool getShowDeprecatedPref();
bool getStackTracePref();",,,
PrincipalComponentAnalysis.h,identical,8addaf3c7db9b1a0cb12c31f4ad04163f08fc0ab1b0ef7d25c736301baae78f8,8addaf3c7db9b1a0cb12c31f4ad04163f08fc0ab1b0ef7d25c736301baae78f8,,,PrincipalComponentAnalysis,,,,,,,
Process.h,identical,b342fef0b796647c01fbf62b306a00a4234dcc5b0a9764d804bf458ed9a4d792,b342fef0b796647c01fbf62b306a00a4234dcc5b0a9764d804bf458ed9a4d792,,,"Process
QList
QSet
UserInterface",,,,,,,
ProcessByBoxcar.h,identical,1fa36cb07ad19b3eb64b0cdafb99a7700b920ed5155668135cfdabf31e4b9d90,1fa36cb07ad19b3eb64b0cdafb99a7700b920ed5155668135cfdabf31e4b9d90,,,ProcessByBoxcar,,,,,,,
ProcessByBrick.h,changed_declarations,1ecd0e1d6e8fde8f6334e37c9910be754fe4b95426ca7e7494a7690e078e6af0,35ddb2f81ee2ce1898b9f393e35b3cf2b970bc43bb85340d546ee4f1a4f2c98d,,,"ProcessByBrick
ProcessCubeFunctor
ProcessCubeInPlaceFunctor
ProcessCubesFunctor
ProcessIterator",,,"IOCubes
ProcessingDirection","QFuture<void*>result=QtConcurrent::mapped(begin,end,wrapperFunctor);
void BlockingReportProgress(QFuture<void*>&future);","QFuture<void>result=QtConcurrent::mapped(begin,end,wrapperFunctor);
void BlockingReportProgress(QFuture<void>&future);",,
ProcessByLine.h,identical,c02b9c7b27e641728ed32b61978482982067f46f81a489b2ec0418004ba5a8fa,c02b9c7b27e641728ed32b61978482982067f46f81a489b2ec0418004ba5a8fa,,,"Cube
CubeAttributeInput
ProcessByLine",,,,,,,
ProcessByQuickFilter.h,identical,39544b3123d3303c44db1ff7a074fdf333fe897f2928ed449a8ea237ff05e296,39544b3123d3303c44db1ff7a074fdf333fe897f2928ed449a8ea237ff05e296,,,ProcessByQuickFilter,,,,,,,
ProcessBySample.h,identical,0b6a1e8800d303e574546e10a24a01d7876eeee698d6c0085a86f32036cf6c4e,0b6a1e8800d303e574546e10a24a01d7876eeee698d6c0085a86f32036cf6c4e,,,ProcessBySample,,,,,,,
ProcessBySpectra.h,identical,84e7c7fc42940a2f358174fb30bb9327b3b130ca98165395d1b305f8cbff7c39,84e7c7fc42940a2f358174fb30bb9327b3b130ca98165395d1b305f8cbff7c39,,,ProcessBySpectra,,,,,,,
ProcessByTile.h,identical,86e79dd68e7d64e636f0fe67979d575292aeaea6278214cc002a3304901926f2,86e79dd68e7d64e636f0fe67979d575292aeaea6278214cc002a3304901926f2,,,ProcessByTile,,,,,,,
ProcessExport.h,changed_non_declaration,33fd63d28d402c6ed1392238badbed1041d9f0b73c72396db403c1c229b04544,277d00c5a82e6008c5dcb421dd47b2d15af0c2f0c70d02f80519bcfc8b49eba5,,,ProcessExport,,,ExportFormat,,,,
ProcessExportMiniRFLroPds.h,identical,78301817bffc04f242081693b80217ced34e9775c008f4d58bb0b78766139007,78301817bffc04f242081693b80217ced34e9775c008f4d58bb0b78766139007,,,"ProcessExportMiniRFLroPds
PvlFormatPds",,,,,,,
ProcessExportPds.h,identical,4635f60e159611285306c24d45bcb9eb15c6c128230eb82a3d44b074acf93bf4,4635f60e159611285306c24d45bcb9eb15c6c128230eb82a3d44b074acf93bf4,,,"ProcessExportPds
PvlFormatPds
QString
Table",,,"PdsExportType
PdsFileType
PdsResolution",,,,
ProcessExportPds4.h,identical,661c0a5122937a356c4c99bd4d9c4e44eb740f45185a3133d8d7456ba9ab197a,661c0a5122937a356c4c99bd4d9c4e44eb740f45185a3133d8d7456ba9ab197a,,,ProcessExportPds4,,,ImageType,,,,
ProcessGroundPolygons.h,identical,b0e888a00c83b7fed5789af7e98020bd8748e583422fa1ea517a70cb69740d6b,b0e888a00c83b7fed5789af7e98020bd8748e583422fa1ea517a70cb69740d6b,,,ProcessGroundPolygons,,,,,,,
ProcessImport.h,identical,385ce79de6d1793154450070f207c193e47d1dbda30e6c5345c7654fbbbb36ae,385ce79de6d1793154450070f207c193e47d1dbda30e6c5345c7654fbbbb36ae,,,ProcessImport,,,"Interleave
VAXDataType
VAXSpecialPixel",,,,
ProcessImportFits.h,identical,fce5ebd77338fee16b7b4fd9930899e71ecd78ff7f599764ffa0adcd4e477ede,fce5ebd77338fee16b7b4fd9930899e71ecd78ff7f599764ffa0adcd4e477ede,,,"ProcessImportFits
QList",,,,,,,
ProcessImportPds.h,identical,2d7e80ad8d9c00908d2f4c0a8346e1c9c82d995a2bb6b972dd8daf428dad84eb,2d7e80ad8d9c00908d2f4c0a8346e1c9c82d995a2bb6b972dd8daf428dad84eb,,,"ProcessImportPds
PvlToPvlTranslationManager
Table",,,"EncodingType
PdsFileType
Source",,,,
ProcessImportVicar.h,identical,9be5a9b1c9304dec1e72cb84a22dfa1fab15728da0fca8a827a63562c60988ac,9be5a9b1c9304dec1e72cb84a22dfa1fab15728da0fca8a827a63562c60988ac,,,ProcessImportVicar,,,,,,,
ProcessMapMosaic.h,identical,e02fa58ecf1f550d831faefe2af07c49e88cb13256b0e37ff6ad32cc7c6b9d6c,e02fa58ecf1f550d831faefe2af07c49e88cb13256b0e37ff6ad32cc7c6b9d6c,,,ProcessMapMosaic,,,,,,,
ProcessMosaic.h,identical,258dc4d1ca2e544d772066339adf971ee52ba5f9d045ae4e24e3201e5e55d3df,258dc4d1ca2e544d772066339adf971ee52ba5f9d045ae4e24e3201e5e55d3df,,,"Portal
ProcessMosaic",,,ImageOverlay,,,,
ProcessPolygons.h,identical,5a91bf84c3d89758193faac3ce15fbaa4fe4e342d15bee0468a0b7c2c825fbcb,5a91bf84c3d89758193faac3ce15fbaa4fe4e342d15bee0468a0b7c2c825fbcb,,,ProcessPolygons,,,,,,,
ProcessRubberSheet.h,identical,aae80aa8e10d96a82ffea6b20e8e98a3514ea86b49177227fdad50cb9534c8e0,aae80aa8e10d96a82ffea6b20e8e98a3514ea86b49177227fdad50cb9534c8e0,,,"Brick
ProcessRubberSheet
Quad",,,,,,,
ProfileDialog.h,identical,74eab00879c313a2fa5ff577208d3e42ec7c4148076e236fd59f03e1f0f0679b,74eab00879c313a2fa5ff577208d3e42ec7c4148076e236fd59f03e1f0f0679b,,,ProfileDialog,,,,,,,
ProgramAnalyzer.h,identical,84ad5cc7d90312c1a30b8d4b17c9e540050a0ccb691cd3c849dedc137f40faaa,84ad5cc7d90312c1a30b8d4b17c9e540050a0ccb691cd3c849dedc137f40faaa,,,"ProgramAnalyzer
ProgramData
RunTimeStats",,,Status,,,,
ProgramLauncher.h,identical,20403ff5abfab48349bb0bbdd60a98d2849fe240b61ddc29d77311f385084f13,20403ff5abfab48349bb0bbdd60a98d2849fe240b61ddc29d77311f385084f13,,,"IException
ProgramLauncher
QString",,,,,,,
Progress.h,identical,e8bc47be3473cf26cfbed3ee422dd69b60dbec0de43019d92d4a083d7631d6d0,e8bc47be3473cf26cfbed3ee422dd69b60dbec0de43019d92d4a083d7631d6d0,,,Progress,,,,,,,
ProgressBar.h,identical,add1f5a7e3f55a39288db01219e05c9462caca909c456867d9259ad65bc77417,add1f5a7e3f55a39288db01219e05c9462caca909c456867d9259ad65bc77417,,,ProgressBar,,,,,,,
ProgressWidget.h,identical,624f5e686ea4718839b92c71ccd2bbff8d9d407d11c3bc77f90e6f7b244e6867,624f5e686ea4718839b92c71ccd2bbff8d9d407d11c3bc77f90e6f7b244e6867,,,ProgressWidget,,,,,,,
Project.h,identical,c5f5a0ea0e0f5b9de47982133a6af611c03a742cbb809b2138824b3707ed3957,c5f5a0ea0e0f5b9de47982133a6af611c03a742cbb809b2138824b3707ed3957,,,"BundleSettings
BundleSolutionInfo
Control
ControlList
CorrelationMatrix
FileName
ImageReader
ProgressBar
Project
QMutex
QProgressBar
QXmlStreamReader
QXmlStreamWriter
Shape
ShapeReader
Template
TemplateList
WorkOrder",,,,,,,
ProjectItem.h,identical,070257a3454c32399b4fe5ae9a44bd4f7e9eab67165a2ba061399dc58ae53943,070257a3454c32399b4fe5ae9a44bd4f7e9eab67165a2ba061399dc58ae53943,,,"BundleResults
BundleSolutionInfo
Control
ControlList
CorrelationMatrix
FileItem
GuiCameraList
Image
ImageList
Project
ProjectItem
ProjectItemModel
QVariant
Shape
ShapeList
TargetBodyList
Template
TemplateList",,,,,,,
ProjectItemModel.h,changed_declarations,d442602a5f216e507c87296999953e18bd6b99700f00f60370cd0fc8127f7cab,511374c8da019e9f64f7d185f8b8ea0076efca8c6552d1700b362247a2a2e18b,,QStringList,"BundleSolutionInfo
Control
ControlList
FileName
GuiCameraList
ImageList
Project
ProjectItem
ProjectItemModel
QItemSelection
QItemSelectionModel
QMimeData
QModelIndex
QString
QVariant
ShapeList
TargetBodyList
TemplateList",,,,,,,
ProjectItemProxyModel.h,identical,ca52cde5bbab543cec602dc95b77ab204a72c4c71ae5447077ef73f7d6e40bf0,ca52cde5bbab543cec602dc95b77ab204a72c4c71ae5447077ef73f7d6e40bf0,,,"ProjectItemProxyModel
QItemSelection
QList
QMimeData
QModelIndex
QStandardItem",,,,,,,
ProjectItemTreeView.h,identical,859277a82737f57978e012d1d7502b9d3038a082b4ea2f94460f1a7f39fd5128,859277a82737f57978e012d1d7502b9d3038a082b4ea2f94460f1a7f39fd5128,,,"ProjectItem
ProjectItemModel
ProjectItemTreeView
QEvent
QTreeView
QWidget",,,,,,,
ProjectItemViewMenu.h,identical,d727a09bb63e98be9a672876b7db2546bfff3be0856a404588beb81d1c6dd737,d727a09bb63e98be9a672876b7db2546bfff3be0856a404588beb81d1c6dd737,,,ProjectItemViewMenu,,,,,,,
Projection.h,changed_non_declaration,ebd562924454892cabfa902e3647c92dc0e7948511aaff1c2f0b4359f209976c,f9522e429420f3b951c996205728656c944dab68d0cece40cdbafe03ae62944e,,,"Displacement
Projection
Pvl
WorldMapper",,,ProjectionType,,,,
ProjectionConfigDialog.h,identical,29c19704a8692a025bafa675df78645332e47a8a67b4d3f412b76f50cf983a80,29c19704a8692a025bafa675df78645332e47a8a67b4d3f412b76f50cf983a80,,,"MosaicSceneWidget
Projection
ProjectionConfigDialog
Pvl
QLabel
QPushButton
QTextEdit",,,,,,,
ProjectionFactory.h,identical,5ee17f389442f88e33d6c370d1df849619e3604c7c5429e0a292660609c5af12,5ee17f389442f88e33d6c370d1df849619e3604c7c5429e0a292660609c5af12,,,"Camera
Cube
PFPixelMapper
Projection
ProjectionFactory
RingPlaneProjection",,,,,,,
PushFrameCamera.h,identical,7376ba011ee9141fc423141a1024f2679f4dc410fc06a211dbb376e83a5f51b9,7376ba011ee9141fc423141a1024f2679f4dc410fc06a211dbb376e83a5f51b9,,,"PushFrameCamera
PushFrameCameraDetectorMap
PushFrameCameraGroundMap",,,,,,,
PushFrameCameraCcdLayout.h,identical,932b341caf02e24ef505c8b6b6046f7bce2d139c7124e74503dfbf3af1744a4a,932b341caf02e24ef505c8b6b6046f7bce2d139c7124e74503dfbf3af1744a4a,,,"FrameletInfo
PushFrameCameraCcdLayout",,,,,,,
PushFrameCameraDetectorMap.h,identical,1b7120786f331b119dabb23ea3ace853326c90c2078d78493c22ce9dbf3246e1,1b7120786f331b119dabb23ea3ace853326c90c2078d78493c22ce9dbf3246e1,,,PushFrameCameraDetectorMap,,,,,,,
PushFrameCameraGroundMap.h,identical,810f27eebd6f7f9ec37dd93d7976463047be536095bb2396e76d44944e451d7a,810f27eebd6f7f9ec37dd93d7976463047be536095bb2396e76d44944e451d7a,,,PushFrameCameraGroundMap,,,,,,,
Pvl.h,changed_declarations,ac711657a36aed480a8934d10d4e70abaa45c8e71fb236a0b49e29a332ab7fe8,40f83a68bfc933ecc9b08c369ed05be00bb575237c02e1fdad877ac8a811cc3d,,,Pvl,,,,"nlohmann::ordered_json toJson();
static Isis::PvlObject&readObject(Isis::PvlObject&pvlobj,nlohmann::ordered_json jdata);
void readGdal(const QString&file);",,,
PvlContainer.h,changed_declarations,13a370561d37c0128219214b89cdd3cef1964640544f968b6ba5294d9796c6b7,25d753b7b1c2e2d3d3c4fb934804866b1407f5376b74760e425dd6b276a64536,,QList,PvlContainer,,,InsertMode,PvlContainer()=default;,,,
PvlEditDialog.h,identical,cf5397e2a7c12eab1febd6561d843bc63055d5e3f958da2c31bd5e8b38d5ecd0,cf5397e2a7c12eab1febd6561d843bc63055d5e3f958da2c31bd5e8b38d5ecd0,,,"PvlEditDialog
QLabel
QLineEdit
QListWidget
QPushButton
QTextEdit",,,,,,,
PvlFlatMap.h,identical,f509d0e131daaa557cda691769b91eeb3fa1fcf6ad3c896ffb7ca0f465c65ba3,f509d0e131daaa557cda691769b91eeb3fa1fcf6ad3c896ffb7ca0f465c65ba3,,,"FileName
PvlConstraints
PvlContainer
PvlFlatMap
PvlGroup
PvlObject",,,,,,,
PvlFormat.h,changed_declarations,f22ce6b5324433b30fb9432ffd92e64d8969816d30f304aef3fa6e17d233deb4,c969303279bba23a2e9f11371793229b534e7b1c604bcade505e0153d8173a8d,,,PvlFormat,,,KeywordType,"t=t.remove(QRegularExpression(""[\""'\\s_-]"")).toUpper();","t=t.remove(QRegExp(""[\\w_-\""'"")).toUpper();",,
PvlFormatPds.h,identical,e9f9ce71ddcfc0051c4ee91ee8b18aa4d69826f5f55647e45f4e3043b39fc45e,e9f9ce71ddcfc0051c4ee91ee8b18aa4d69826f5f55647e45f4e3043b39fc45e,,,PvlFormatPds,,,,,,,
PvlGroup.h,identical,78eb232d085e290afbde9eff3daeb86f2e63e66ecd91c438f1243098ba0fdf9f,78eb232d085e290afbde9eff3daeb86f2e63e66ecd91c438f1243098ba0fdf9f,,,PvlGroup,,,,,,,
PvlKeyword.h,changed_declarations,848811d1a82684b084ef4d4bf8e86126bfb756c818d989be37d82481f1174c97,02c8299121cee7ad0c555f0824a3727dcef20295756cc4b34cd980b750f669dd,,,"PvlFormat
PvlKeyword
PvlSequence",,,,"nlohmann::json toJson();
void addJsonArrayValue(nlohmann::json jsonobj);
void addJsonValue(nlohmann::json jsonobj);
void setJsonArrayValue(nlohmann::json jsonobj);
void setJsonValue(nlohmann::json jsonobj);","void addJsonValue(nlohmann::json jsonobj,QString unit="""");
void setJsonValue(nlohmann::json jsonobj,QString unit="""");",,
PvlObject.h,changed_declarations,c984003fd146af51d17f33e25241fa93d91b463861eb3acfb9abbc72e66fdd23,d9725ef701da9f378332b4c9634a4f498b7d00e13506ac514bd4422527662ddb,,,"PvlObject
QList",,,FindOptions,"PvlObject obj(object);
m_objects.last().setFileName(fileName());",m_objects[m_objects.size()-1].setFileName(fileName());,,
PvlReaderStrategy.h,identical,a7d99794e52f81b4c56f7e57f487334aedf0eeca6bd15cdc4553c7601f0dbf4b,a7d99794e52f81b4c56f7e57f487334aedf0eeca6bd15cdc4553c7601f0dbf4b,,,"PvlObject
PvlReaderStrategy",,,,,,,
PvlSequence.h,identical,8a6948328ff2e3ac05086c51a7c053bc3ea3ed57384bf505b445ae5bcef59132,8a6948328ff2e3ac05086c51a7c053bc3ea3ed57384bf505b445ae5bcef59132,,,PvlSequence,,,,,,,
PvlToJSON.h,identical,176a9636c7cab760781c833906ebfdf732b47a194d05f375fc41f471d1a04d35,176a9636c7cab760781c833906ebfdf732b47a194d05f375fc41f471d1a04d35,,,"Pvl
PvlContainer
PvlGroup
PvlKeyword
PvlObject",,,,,,,
PvlToPvlTranslationManager.h,changed_non_declaration,c4e2795790cfb8976ceeada2ca75112854f31519e023374125d276716da54bcb,51f6c190ab240bafba3ed526cac698a1364a2cb0d78474f863d3ad045c6a4580,,,"Pvl
PvlContainer
PvlKeyword
PvlToPvlTranslationManager",,,,,,,
PvlToXmlTranslationManager.h,changed_non_declaration,b5e5a24273b1267ee3ffcb12d40c4639188cc94549082e7ce188aae14804672b,6e5778de2bef4baf53a56a18bc9966ed22bc03a0f2ae40248bc2b76fc76eeb06,,,"Pvl
PvlContainer
PvlKeyword
PvlToXmlTranslationManager
QDomElement
QString",,,,,,,
PvlToken.h,identical,12da10e0161754affe8e7df21a25d2302af795e52391e141e2ff012105ef3f80,12da10e0161754affe8e7df21a25d2302af795e52391e141e2ff012105ef3f80,,,PvlToken,,,,,,,
PvlTokenizer.h,identical,a018e4aea1c610f0033e6427d908ce3a8388248d812b8dc70ba58eb65deb8617,a018e4aea1c610f0033e6427d908ce3a8388248d812b8dc70ba58eb65deb8617,,,PvlTokenizer,,,,,,,
PvlTranslationTable.h,identical,34a3c9e277e07c62a5e6a135cacf50edb9cfb113d337da13281f9a500efcbaab,34a3c9e277e07c62a5e6a135cacf50edb9cfb113d337da13281f9a500efcbaab,,,PvlTranslationTable,,,,,,,
QDebugLogger.h,identical,380bfa55ed6681640c1e8efea49e5af8a7f4f2eb009e0bb2468fe54d8951b84c,380bfa55ed6681640c1e8efea49e5af8a7f4f2eb009e0bb2468fe54d8951b84c,,,"QDebugLogger
QLogger",,,,,,,
QHistogram.h,identical,3aa3a398606a17d295adea9f0fad31a3eb73e8869f14011f9542fa6465e0276e,3aa3a398606a17d295adea9f0fad31a3eb73e8869f14011f9542fa6465e0276e,,,QHistogram,,,,,,,
QIsisApplication.h,identical,48f63de25b9a647ab0aefce6de4fc47116abe814f92288817b798d511eb9c41c,48f63de25b9a647ab0aefce6de4fc47116abe814f92288817b798d511eb9c41c,,,QIsisApplication,,,,,,,
QStretch.h,identical,4f267dcaf9958bb96ce99582a94dfc04b489e9947106b8cc2497b7921c428a4e,4f267dcaf9958bb96ce99582a94dfc04b489e9947106b8cc2497b7921c428a4e,,,"QStretch
StretchTool",,,,,,,
QnetCubeDistanceFilter.h,identical,0fc23f940815318347a49f4b78f2e6c4f03e7c4f4b5a79ac27cb4805b08b0189,0fc23f940815318347a49f4b78f2e6c4f03e7c4f4b5a79ac27cb4805b08b0189,,,"QLineEdit
QRadioButton
QnetCubeDistanceFilter
SerialNumberList",,,,,,,
QnetCubeNameFilter.h,identical,c2635b10c7e94bc52be30f9100da0b16196e8d00aa6ced4102fb10a094e891e3,c2635b10c7e94bc52be30f9100da0b16196e8d00aa6ced4102fb10a094e891e3,,,"QLineEdit
QnetCubeNameFilter",,,,,,,
QnetCubePointsFilter.h,identical,5daf2f08da5ead46d48feb88287f09b840b3eb33e2009d81c7e4e26e36f8da5c,5daf2f08da5ead46d48feb88287f09b840b3eb33e2009d81c7e4e26e36f8da5c,,,"QLineEdit
QRadioButton
QnetCubePointsFilter",,,,,,,
QnetDeletePointDialog.h,identical,efec15f81fdc8803987fb15ef452a3dcbe8a3d233d3c98927eb85bd3a9308b6e,efec15f81fdc8803987fb15ef452a3dcbe8a3d233d3c98927eb85bd3a9308b6e,,,QnetDeletePointDialog,,,,,,,
QnetFileTool.h,identical,163087aee8c696775e51fe80c14ee18bef654270bf55d031cf60a31b52b8bc1b,163087aee8c696775e51fe80c14ee18bef654270bf55d031cf60a31b52b8bc1b,,,"ControlNet
ControlPoint
QString
QWidget
QnetFileTool
QnetTool
SerialNumberList",,,,,,,
QnetFilter.h,identical,a0b2af3bc3b96f05eb369d706f4c5cc120a9d29c4353a4fd497acbd2fa6f7ae6,a0b2af3bc3b96f05eb369d706f4c5cc120a9d29c4353a4fd497acbd2fa6f7ae6,,,"ControlNet
QnetFilter
QnetNavTool
SerialNumberList",,,,,,,
QnetFixedPointDialog.h,changed_declarations,c8278f707958c4097b6dbe7cdd417ce177f7b8490b0e8ec2a63ea35c8ec59693,ba23484a6f30de0ca88216687e5f003a11becd60c54f3a002b24ef00dfb307b5,,QStringList,"ControlPoint
QLabel
QLineEdit
QListWidget
QPushButton
QRadioButton
QString
QnetFixedPointDialog
QnetTool",,,,,,,
QnetNavTool.h,identical,e8db1f47717fc33e29db779c075d4bf405996271a5bff1e610cc859a5ccfdd4d,e8db1f47717fc33e29db779c075d4bf405996271a5bff1e610cc859a5ccfdd4d,,,"ControlMeasure
ControlNet
ControlPoint
QComboBox
QDialog
QLabel
QListWidget
QListWidgetItem
QPushButton
QStackedWidget
QString
QVBoxLayout
QWidget
QnetNavTool
QnetSetAprioriDialog
QnetTool
SerialNumberList",,,"CubeFilterIndex
FilterIndex
PointFilterIndex",,,,
QnetNewMeasureDialog.h,changed_declarations,0cc304a93c46ab4d76473392e6644fb52b737869963a8518f04f9604e7dab869,43813df986824677fcc2079c5fd0ce5206f0ee7ce74aac329cb900f1e2968cd8,,QStringList,"ControlPoint
QListWidget
QPushButton
QString
QnetNewMeasureDialog
QnetTool",,,,,,,
QnetPointCubeNameFilter.h,identical,37442f71b85de2919e179901e1f60a98d26168829f51201c7ff1c1f13936b0b3,37442f71b85de2919e179901e1f60a98d26168829f51201c7ff1c1f13936b0b3,,,"QListWidget
QnetPointCubeNameFilter",,,,,,,
QnetPointDistanceFilter.h,identical,74c711fcbb9e322627eff41a4907916587b748908a5a2ad58cb2b09e7ff9640e,74c711fcbb9e322627eff41a4907916587b748908a5a2ad58cb2b09e7ff9640e,,,"QLineEdit
QnetPointDistanceFilter",,,,,,,
QnetPointGoodnessFilter.h,identical,676af92b321498e9d8132a5530fc3d8c8f8f6cabb8a73c351ff61981ef723cf2,676af92b321498e9d8132a5530fc3d8c8f8f6cabb8a73c351ff61981ef723cf2,,,"QCheckBox
QLineEdit
QnetPointGoodnessFilter",,,,,,,
QnetPointIdFilter.h,identical,ea786381bb2bdae0d6d4951169e7c968a367215c5b90d6abbddc724c5f375e57,ea786381bb2bdae0d6d4951169e7c968a367215c5b90d6abbddc724c5f375e57,,,"QLineEdit
QnetPointIdFilter",,,,,,,
QnetPointImagesFilter.h,identical,ce1842fdf8fc294f6fa822d5597e3c552ee3f18d9e60b4ea5d11d171d42aa553,ce1842fdf8fc294f6fa822d5597e3c552ee3f18d9e60b4ea5d11d171d42aa553,,,"QLineEdit
QRadioButton
QnetPointImagesFilter",,,,,,,
QnetPointJigsawErrorFilter.h,identical,08ff132bc43ab2dc3ea71d1217f979d462198200fff74b7c98c9638b1797dc2a,08ff132bc43ab2dc3ea71d1217f979d462198200fff74b7c98c9638b1797dc2a,,,"QCheckBox
QLineEdit
QnetPointJigsawErrorFilter",,,,,,,
QnetPointMeasureFilter.h,identical,d666385559e8879ab87033f6e2f57e95a1f6bb26e6bbec7daa47bfc04f1ff19e,d666385559e8879ab87033f6e2f57e95a1f6bb26e6bbec7daa47bfc04f1ff19e,,,"QCheckBox
QGroupBox
QRadioButton
QnetPointMeasureFilter",,,,,,,
QnetPointRangeFilter.h,identical,1b55e837abc7279599ba46f48953bfd1fd8c70da15f9a24eabda93719370af74,1b55e837abc7279599ba46f48953bfd1fd8c70da15f9a24eabda93719370af74,,,"QLineEdit
QnetPointRangeFilter",,,,,,,
QnetPointRegistrationErrorFilter.h,identical,e7745b05b21601dbcea510c245e4dc14945c62d6fb00a4d378e719507f8cc0bd,e7745b05b21601dbcea510c245e4dc14945c62d6fb00a4d378e719507f8cc0bd,,,"ControlPoint
QCheckBox
QLineEdit
QnetPointRegistrationErrorFilter",,,,,,,
QnetPointTypeFilter.h,identical,48293e4c2676044902b6280b75266e5987a616b06cfda71b5517871938042e10,48293e4c2676044902b6280b75266e5987a616b06cfda71b5517871938042e10,,,"QCheckBox
QGroupBox
QRadioButton
QnetPointTypeFilter",,,,,,,
QnetSetAprioriDialog.h,changed_declarations,56b60662bf8387e0b544f815c8fe440a1d6c1d9d4826c3c5a700e312be4433e8,0db5a7fee76bcddb4680be979358a1c5888edbada00510d1a4dffe0a2db89850,,QStringList,"QDialog
QGridLayout
QGroupBox
QLabel
QLineEdit
QListWidget
QListWidgetItem
QPushButton
QStackedWidget
QString
QVBoxLayout
QnetSetAprioriDialog
QnetTool",,,Source,,,,
QnetTool.h,identical,5a51e6f9b4e8c957578d988faa9ccdb8d3835a833a6a7406aa75f3cc774c3056,5a51e6f9b4e8c957578d988faa9ccdb8d3835a833a6a7406aa75f3cc774c3056,,,"ControlMeasure
ControlNet
ControlPointEdit
Cube
CubeViewport
MainWindow
MdiCubeViewport
QAction
QBoxLayout
QCheckBox
QComboBox
QGroupBox
QLabel
QMainWindow
QObject
QPainter
QPoint
QPushButton
QSplitter
QStackedWidget
QString
QTableWidget
QTextEdit
QWidget
QnetHoldPointDialog
QnetTool
SerialNumberList
Stretch
ToolPad
UniversalGroundMap",,,MeasureColumns,,,,
QtExporter.h,identical,54afa8d4a5d571731e974630c747e87dfb30f92e1a245c8a81464301dffa78f6,54afa8d4a5d571731e974630c747e87dfb30f92e1a245c8a81464301dffa78f6,,,"QImage
QtExporter",,,,,,,
QtImporter.h,identical,c3667ef4ec8f94ccaf508d623bd3027921c39e438c9bab077b57fc35c27212a3,c3667ef4ec8f94ccaf508d623bd3027921c39e438c9bab077b57fc35c27212a3,,,"QImage
QtImporter",,,,,,,
QtieFileTool.h,identical,b19e669dc2e10c43bb11c1d427dac3f91d75a7544a113b28e03dc3eeb961878b,b19e669dc2e10c43bb11c1d427dac3f91d75a7544a113b28e03dc3eeb961878b,,,"ControlNet
Cube
QtieFileTool
UniversalGroundMap",,,,,,,
QtieTool.h,identical,20e876583fecb10aa525510ec4d400fd36a1f4d17942f4fe28a712a9a87f19ee,20e876583fecb10aa525510ec4d400fd36a1f4d17942f4fe28a712a9a87f19ee,,,"MdiCubeViewport
QLineEdit
QMainWindow
QtieTool",,,CubeIndex,,,,
Quaternion.h,identical,4908937a36a214ef3be34ee51f60d3594eeb475865d93dfa9fe7a63badbbd3c4,4908937a36a214ef3be34ee51f60d3594eeb475865d93dfa9fe7a63badbbd3c4,,,Quaternion,,,,,,,
QuickFilter.h,identical,db9bba80c8e9d05120f0920bf7f9dcc4521e5b1dd3344f9a316f4012b58912af,db9bba80c8e9d05120f0920bf7f9dcc4521e5b1dd3344f9a316f4012b58912af,,,QuickFilter,,,,,,,
RadarCamera.h,identical,2213ecb251113dd305b07a9e0423f2a28437b9912807959dd648bdccee61dd0b,2213ecb251113dd305b07a9e0423f2a28437b9912807959dd648bdccee61dd0b,,,RadarCamera,,,,,,,
RadarGroundMap.h,identical,e73280e90a312793ec7ec2d01a3d4945acbf85f697b440f8178bba87ed348900,e73280e90a312793ec7ec2d01a3d4945acbf85f697b440f8178bba87ed348900,,,RadarGroundMap,,,LookDirection,,,,
RadarGroundRangeMap.h,identical,445f189232adb15d3c7d35ec742b94c2d84caf0eb1f7da19f085f2adb024de90,445f189232adb15d3c7d35ec742b94c2d84caf0eb1f7da19f085f2adb024de90,,,RadarGroundRangeMap,,,LookDirection,,,,
RadarPulseMap.h,identical,7f9ab471b756db9a485ad0b9d62a06a8e3aa4952034d9360a611b5b1313dae71,7f9ab471b756db9a485ad0b9d62a06a8e3aa4952034d9360a611b5b1313dae71,,,RadarPulseMap,,,,,,,
RadarSkyMap.h,identical,2228c8bf200676b14a60cb5d422e5ffcc24d515d2f66683a4b925819e345c5d9,2228c8bf200676b14a60cb5d422e5ffcc24d515d2f66683a4b925819e345c5d9,,,RadarSkyMap,,,,,,,
RadarSlantRangeMap.h,identical,efe15f8f142c09e9d9c57eeababe2e4da375ca2c5933865aa93bb4854be435a3,efe15f8f142c09e9d9c57eeababe2e4da375ca2c5933865aa93bb4854be435a3,,,RadarSlantRangeMap,,,,,,,
RadialDistortionMap.h,identical,126f3c98bfa8466190a38a52ef4ef5e54a26a5e4a89794a9baa1103669ed6f24,126f3c98bfa8466190a38a52ef4ef5e54a26a5e4a89794a9baa1103669ed6f24,,,RadialDistortionMap,,,,,,,
Ransac.h,identical,526e711fba52edcce2a5563b2aee7012aa1a1756342c26f4b564edd463a469e7,526e711fba52edcce2a5563b2aee7012aa1a1756342c26f4b564edd463a469e7,,,,,,,,,,
RawCubeChunk.h,identical,817806f4e24e4ff71677dae450036991f88bd152c5422d884bde21c228edd67a,817806f4e24e4ff71677dae450036991f88bd152c5422d884bde21c228edd67a,,,"Area3D
QByteArray
RawCubeChunk",,,,,,,
Reduce.h,identical,e4ac6cd73af7392f45817fa618c2bbacfc85f46e0c7af451590a970d0b53a06f,e4ac6cd73af7392f45817fa618c2bbacfc85f46e0c7af451590a970d0b53a06f,,,"Average
Nearest
Reduce",,,,,,,
RegionalCachingAlgorithm.h,identical,775945d14000e644fde67e03b0335a90d33b92d100b145564e8fc787a4cb2672,775945d14000e644fde67e03b0335a90d33b92d100b145564e8fc787a4cb2672,,,RegionalCachingAlgorithm,,,,,,,
RemoveImagesWorkOrder.h,identical,739aaeb16ae10bd216c0e6f74d15039f58ef1cdea7311fcc817876b96934fcc1,739aaeb16ae10bd216c0e6f74d15039f58ef1cdea7311fcc817876b96934fcc1,,,"ImageList
Project
RemoveImagesWorkOrder",,,,,,,
RenameProjectWorkOrder.h,identical,2d9283e1a94a1d705c2239700113f8d1b71f9807b6e3532140a858860255be19,2d9283e1a94a1d705c2239700113f8d1b71f9807b6e3532140a858860255be19,,,RenameProjectWorkOrder,,,,,,,
ReseauDistortionMap.h,identical,e6fad58b3afef6d1c75d59cc4137f235aa733ebca27e299044826e2fad14f04a,e6fad58b3afef6d1c75d59cc4137f235aa733ebca27e299044826e2fad14f04a,,,ReseauDistortionMap,,,,,,,
ResidualMagnitudeFilter.h,changed_declarations,0aefb285723909ebfb7345ad0ee995e80ec11edc37058fba57c8999f204dd709,af7d15dfdf13fd7f8cd74ed1899c71b81e659392268f9b0f3397eec8add634fa,,QPair,"ControlMeasure
ControlNet
ControlPoint
QString
ResidualMagnitudeFilter",,,,,,,
Resource.h,identical,4553d92a81c2832a91b017ffe4e6a85491d04de4b6239fe2912b121a6927ded4,4553d92a81c2832a91b017ffe4e6a85491d04de4b6239fe2912b121a6927ded4,,,"PvlContainer
PvlKeyword
PvlObject
Resource
ResourceData",,,,,,,
ResourceManagerStrategy.h,identical,9d45d1cdad6ea1e643b902dbebf537d62ad3f598921311372a3e16cef739c3ae,9d45d1cdad6ea1e643b902dbebf537d62ad3f598921311372a3e16cef739c3ae,,,"PvlObject
ResourceManagerStrategy",,,,,,,
RestfulSpice.h,added,,7aa401005ce4629c9ca15005f1985f997d8ff05da039b8ef3c46aef7ad775e7a,,,,,,,,,,
RingCylindrical.h,identical,488a1bd33fe8e8fe751ff0003a57db00522ff1485772163fbe7f7b9520a319a7,488a1bd33fe8e8fe751ff0003a57db00522ff1485772163fbe7f7b9520a319a7,,,"Pvl
PvlGroup
RingCylindrical",,,,,,,
RingPlaneProjection.h,identical,c81e606bf2cfa87d22d2ade79d804000e5a6c7fd4af1bb96f81bf680a1b970e0,c81e606bf2cfa87d22d2ade79d804000e5a6c7fd4af1bb96f81bf680a1b970e0,,,"Displacement
Pvl
RingPlaneProjection
WorldMapper",,,RingLongitudeDirection,,,,
Robinson.h,identical,a6e1b123e3727769b0e715b8b57c1af5af978ac35133e8b646faf2cac1891763,a6e1b123e3727769b0e715b8b57c1af5af978ac35133e8b646faf2cac1891763,,,"Pvl
PvlGroup
Robinson",,,,,,,
RobustMatcher.h,identical,eac2954cbbd0364fcc624fa0344f15e272d79e986ad8ec575b92f7388f3960d8,eac2954cbbd0364fcc624fa0344f15e272d79e986ad8ec575b92f7388f3960d8,,,"QDebug
RobustMatcher",,,,,,,
RollingShutterCamera.h,identical,d1a08ae34defbaa77cbd7087eb30ed8ff5195b6e7f2df6dcf164d1f159afee68,d1a08ae34defbaa77cbd7087eb30ed8ff5195b6e7f2df6dcf164d1f159afee68,,,"Cube
RollingShutterCamera
RollingShutterCameraDetectorMap",,,,,,,
RollingShutterCameraDetectorMap.h,identical,20e222b5ebefe1f377eb6986221747a8f53245ebf5dd9e3c1ea134b0f198cd99,20e222b5ebefe1f377eb6986221747a8f53245ebf5dd9e3c1ea134b0f198cd99,,,"Camera
RollingShutterCameraDetectorMap",,,,,,,
RootItem.h,changed_declarations,739b62399815e9707daf80be15787a9676d57f8e8907c597f0ff3b52f932f16b,ac4442e94cc393219b04061fe0fb14bff81b751dac774e349d016a1f80b5a31a,,,"ControlPoint
QString
RootItem",,,,RootItem();,Q_OBJECT public:RootItem();,,
RosettaOsirisCamera.h,identical,0051c4927d5ebe37add391ca4a92a5331749bfe0c0eda182693e298062b64160,0051c4927d5ebe37add391ca4a92a5331749bfe0c0eda182693e298062b64160,,,RosettaOsirisCamera,,,,,,,
RosettaOsirisCameraDistortionMap.h,identical,047d23a84c8d1046e8ca1cb961bd4096df64928672eb15bc72c5f404dd002bac,047d23a84c8d1046e8ca1cb961bd4096df64928672eb15bc72c5f404dd002bac,,,RosettaOsirisCameraDistortionMap,,,,,,,
RosettaVirtisCamera.h,identical,803963d82fd5a48c33c05b0fe265b763fb4b0d91d48e921019a7c5f9ddde2614,803963d82fd5a48c33c05b0fe265b763fb4b0d91d48e921019a7c5f9ddde2614,,,"RosettaVirtisCamera
ScanMirrorInfo",,,,,,,
RubberBandComboBox.h,identical,a4c0aca05d745cab9243d46f4a626171ac75e6cfdf464e2100ee0503372fa192,a4c0aca05d745cab9243d46f4a626171ac75e6cfdf464e2100ee0503372fa192,,,RubberBandComboBox,,,RubberBandOptions,,,,
RubberBandTool.h,identical,c8c931699051078c834382751ce77762fa2ebc9c34e39b94019a8d78c8f16fb9,c8c931699051078c834382751ce77762fa2ebc9c34e39b94019a8d78c8f16fb9,,,"Angle
Geometry
MdiCubeViewport
QList
QPoint
QRect
RubberBandTool",,,RubberBandMode,,,,
RunCommandStrategy.h,identical,878839edd427420f616d243cea807dbdaf9f3a8e2c6d6d23eb3150b0ad728e69,878839edd427420f616d243cea807dbdaf9f3a8e2c6d6d23eb3150b0ad728e69,,,"Command
PvlObject
RunCommandStrategy",,,,,,,
SIFTAlgorithm.h,identical,db2586c35214c12c9cd68c4d00bb89ade036285205a8363dd67057d720479972,db2586c35214c12c9cd68c4d00bb89ade036285205a8363dd67057d720479972,,,SIFTAlgorithm,,,,,,,
SURFAlgorithm.h,identical,1262351548bab76a43b40eadb59f5a2fea94bcc54fbe7607e7c70b8884d8ed73,1262351548bab76a43b40eadb59f5a2fea94bcc54fbe7607e7c70b8884d8ed73,,,SURFAlgorithm,,,,,,,
SampleFilter.h,changed_declarations,12d17b012423fa67b17a5238cd7e042e78dcb8d250b366f83f514478a9c5298d,de5122966a692e9705570460a06b4d870abe3344b3d6da6ae8e2a4ace7b13d0c,,QPair,"ControlMeasure
ControlNet
ControlPoint
QString
SampleFilter",,,,,,,
SampleManager.h,identical,d57a67c7bdf8557a7124939169fceaf27816afafed6b519a5027065adc8d050a,d57a67c7bdf8557a7124939169fceaf27816afafed6b519a5027065adc8d050a,,,SampleManager,,,,,,,
SampleResidualFilter.h,changed_declarations,d3cd2f6d97857b2dd85d782aeb757430a599b1bc7aef439d38b6d14007137f8d,dde3ccd462f498d4ce681d7d11de44da5b46add245495d352f89e0e3197dc1d7,,QPair,"ControlMeasure
ControlNet
ControlPoint
QString
SampleResidualFilter",,,,,,,
SampleShiftFilter.h,changed_declarations,26aa87f6726cb45062ef6798f692322c272129d998652bcaef752d7ea70410d2,6ea222cc309d5285ee5d5eda057168ad5d7718bb5cb655400d572209cd714580,,QPair,"ControlMeasure
ControlNet
ControlPoint
QString
SampleShiftFilter",,,,,,,
SaveAsDialog.h,identical,49ec8698ef36c66ea54cb03b7a8b947403f30b48f510fb6f4c35150f122635b8,49ec8698ef36c66ea54cb03b7a8b947403f30b48f510fb6f4c35150f122635b8,,,SaveAsDialog,,,saveAsType,,,,
SaveProjectAsWorkOrder.h,identical,8f73bf84410cbc64b36c93d6ddea51625132fe58cc253e7a05bb8c60f77a3d05,8f73bf84410cbc64b36c93d6ddea51625132fe58cc253e7a05bb8c60f77a3d05,,,"FileName
QString
SaveProjectAsWorkOrder",,,,,,,
SaveProjectWorkOrder.h,identical,905f8fb94cccbe48b23381a2f6365ad169d4ed7dadf6eee1d5e20cb54ed2fa21,905f8fb94cccbe48b23381a2f6365ad169d4ed7dadf6eee1d5e20cb54ed2fa21,,,"FileName
QString
SaveProjectWorkOrder",,,,,,,
SawtoothStretchType.h,identical,a8c8a55557065c4dc21181707f343159642a7f673046b3dce7916d54f757fb93,a8c8a55557065c4dc21181707f343159642a7f673046b3dce7916d54f757fb93,,,"CubeStretch
Histogram
QColor
QLineEdit
QSlider
QString
SawtoothStretchType
Stretch",,,,,,,
ScalingTransform.h,identical,453418dd8f371157c98750fca2b924bfc7b028503877a6cb1b6ef02640f066ef,453418dd8f371157c98750fca2b924bfc7b028503877a6cb1b6ef02640f066ef,,,ScalingTransform,,,,,,,
ScatterPlotAlarmConfigDialog.h,identical,887ed2dbdb7a23f2994167dae3b684e7783ef0b8901f37a5bf6e7bcf353ff639,887ed2dbdb7a23f2994167dae3b684e7783ef0b8901f37a5bf6e7bcf353ff639,,,"QCheckBox
QComboBox
QLineEdit
QPushButton
QSpinBox
QWidget
ScatterPlotAlarmConfigDialog
ScatterPlotWindow",,,,,,,
ScatterPlotConfigDialog.h,changed_declarations,f4d569a0b25eab56694a423c748263460728b41c6324902760207a745a3534e0,daf6f18a198ae509e1f0d8fee00192313f8712b7157b31a406cf8a5f579bb74a,,QPair,"Cube
MdiCubeViewport
QCheckBox
QComboBox
QSpinBox
QwtInterval
ScatterPlotConfigDialog
ScatterPlotTool
Workspace",,,RangeType,,,,
ScatterPlotData.h,changed_declarations,6142098be3da88c28c646b37e6620358c5b270cf53a9a4808c6d83e7b124eb31,759eb510e8de6eade99ff1b3ec718d3bed8ab628afe45e9bf8ff07d4d69f2a1d,,"QPair
QVector","Cube
QwtInterval
ScatterPlotData",,,,,,,
ScatterPlotTool.h,changed_declarations,33408f753f239d3f29367588b9f4e9bc13367d366f5b700b9fcc8898072db756,cb226c637d06b591122443b8c86a9e60957f912d80295936205bea6344d94498,,QVector,"MdiCubeViewport
QAction
QWidget
ScatterPlotConfigDialog
ScatterPlotTool
ScatterPlotWindow",,,,,,,
ScatterPlotWindow.h,identical,f9805533d9f530d68cdffd9b1a24fe4b064a146797257bd287dcdcc39d2d33d1,f9805533d9f530d68cdffd9b1a24fe4b064a146797257bd287dcdcc39d2d33d1,,,"Cube
QwtPlotMarker
QwtPlotSpectrogram
ScatterPlotTool
ScatterPlotWindow",,,AlarmRangeUnits,,,,
ScharrTransform.h,identical,ce96430e5c6b537165bc058f3a18d6fd3e054902432c75a9c726aac1f6a96e7e,ce96430e5c6b537165bc058f3a18d6fd3e054902432c75a9c726aac1f6a96e7e,,,ScharrTransform,,,,,,,
Selection.h,identical,80089ae21380224ed54faf3adf2f4f9ebd248dccdbc07f0789a3504d6eccaf53,80089ae21380224ed54faf3adf2f4f9ebd248dccdbc07f0789a3504d6eccaf53,,,"Ellipse
Selection",,,,,,,
Sensor.h,identical,9d3f307ad232a3aeeb4ea854e36606572634ca3d2d4088b2305341fc6e503fd7,9d3f307ad232a3aeeb4ea854e36606572634ca3d2d4088b2305341fc6e503fd7,,,"Distance
EllipsoidShape
Latitude
Longitude
Sensor
ShapeModel
SurfacePoint
Target
iTime",,,,,,,
SensorGetInfoWorkOrder.h,identical,5f8a08b7b954434d7e21800608582a1a9f291a5f36e4790a335d84c57fac81f0,5f8a08b7b954434d7e21800608582a1a9f291a5f36e4790a335d84c57fac81f0,,,"GuiCamera
SensorGetInfoWorkOrder",,,,,,,
SensorInfoWidget.h,identical,46117f803da85d6b88ea49c32560ace4bfdd42d62600a8b761f152d81f9393aa,46117f803da85d6b88ea49c32560ace4bfdd42d62600a8b761f152d81f9393aa,,,"Directory
GuiCamera
SensorInfoWidget",,,,,,,
SerialNumber.h,identical,f869e97c886dc09393f16b13ee8de938b861561be8c452bd552b3dcb568b3a64,f869e97c886dc09393f16b13ee8de938b861561be8c452bd552b3dcb568b3a64,,,"Cube
Pvl
PvlGroup
SerialNumber",,,,,,,
SerialNumberList.h,identical,2ddcf98a710d57b33a8d8da4e3a5d4b03ea0019d51f8a34ae94d9bfc306a819f,2ddcf98a710d57b33a8d8da4e3a5d4b03ea0019d51f8a34ae94d9bfc306a819f,,,"Pair
Progress
SerialNumberList",,,,,,,
SessionLog.h,identical,b4b746c28d1a4d9947003c4ab73a721ba2f1b54d0c9930f9ef619ac300b0830d,b4b746c28d1a4d9947003c4ab73a721ba2f1b54d0c9930f9ef619ac300b0830d,,,SessionLog,,,,,,,
SetActiveControlWorkOrder.h,identical,ae217250e897f0b9febfedd0e0e79bf5b12159bb9e7bf88a94016da8d02c147f,ae217250e897f0b9febfedd0e0e79bf5b12159bb9e7bf88a94016da8d02c147f,,,"Control
SetActiveControlWorkOrder",,,,,,,
SetActiveImageListWorkOrder.h,identical,b261a20aee9ae044fbb8b938886f3accdc0d86b18bba31ae51e596c0e8e6aae5,b261a20aee9ae044fbb8b938886f3accdc0d86b18bba31ae51e596c0e8e6aae5,,,"ImageList
SetActiveImageListWorkOrder",,,,,,,
Shade.h,identical,451a26a8b7d10e8fabe3b1fdae1dc81b631e3c3466c59da92b0e8a86e0330b0f,451a26a8b7d10e8fabe3b1fdae1dc81b631e3c3466c59da92b0e8a86e0330b0f,,,"Pvl
Shade",,,,,,,
ShadeAtm.h,identical,e7872389f6a6544e5bb3809266fabf4d5eee7c37c781ffba1a1bfcd5cfa069b3,e7872389f6a6544e5bb3809266fabf4d5eee7c37c781ffba1a1bfcd5cfa069b3,,,"Pvl
ShadeAtm",,,,,,,
ShadowFunctor.h,changed_declarations,ddb630bcee9f50ba93de427d096538afa9a20b638f1528ac3034a0124eaaab01,3b8e07a2f78873a23dbf40cac802de9bf6eff62b816620cd4d3443377f9f8402,,QPair,"Buffer
Camera
Cube
FileName
PvlGroup
QHash
ShadowFunctor
Spice
Statistics",,,QuickSettings,,,,
Shape.h,identical,faa3f47b6d3d0892e6c111270f913741347efe9ab9b2a10128f664baa7bfb2bc,faa3f47b6d3d0892e6c111270f913741347efe9ab9b2a10128f664baa7bfb2bc,,,"Cube
FileName
Image
MultiPolygon
Project
PvlObject
QMutex
QUuid
QXmlStreamWriter
Shape
ShapeDisplayProperties",,,ShapeType,,,,
ShapeDisplayProperties.h,identical,7484d1992469e27f0d0963fb1e5e63e21d4a86c7bdfd5308d9db3ad5ed1115a2,7484d1992469e27f0d0963fb1e5e63e21d4a86c7bdfd5308d9db3ad5ed1115a2,,,"FileName
Project
Pvl
PvlObject
QAction
QXmlStreamWriter
ShapeDisplayProperties",,,Property,,,,
ShapeList.h,changed_declarations,1d1c5a43b7249807d202efd50a9a7de746e68339f32bfc4a59ac7f0140dc5759,684ce4cc15da676a3a0804010cab952afb9d2400e087a942b1f725b176fd8592,,QStringList,"CopyShapeDataFunctor
FileName
QXmlStreamWriter
ShapeList",,,,,,,
ShapeModel.h,changed_declarations,24697a31d20767e6cfcf42b975f1d020587412c9ecfb85fe42d52a8411626aeb,94f72a99a8773557fe470c9ab3f169ef8fc86aabf385c8a4e2615fd5efc842a2,,QVector,"Distance
Latitude
Longitude
Pvl
QString
ShapeModel
Spice
SurfacePoint
Target",,,,"virtual void calculateDefaultNormal();
virtual void calculateSurfaceNormal();","virtual void calculateDefaultNormal()=0;
virtual void calculateSurfaceNormal()=0;
void calculateEllipsoidalSurfaceNormal();",,
ShapeModelFactory.h,identical,655d4db9ca6747767f68477edb607c7fb7f0916262efa8e886894a8020fe2210,655d4db9ca6747767f68477edb607c7fb7f0916262efa8e886894a8020fe2210,,,"Pvl
ShapeModelFactory",,,,,,,
ShapeReader.h,changed_declarations,4c748784a4cc4b702c0f4641e6357d2557a340e1964d545cf982a300f8118fa2,75fea4767022dc461dfd725a424f04eefc19035f71ae2208be9eafb1dc319cad,,QStringList,"PvlObject
QFutureWatcher
QMutex
QProgressBar
QVariant
ShapeReader
VariantToShapeFunctor",,,,,,,
SidebarStrategy.h,identical,0d5ea3b1519c17e0ed901af3a7b25c11ca65a7127924daae45343c66eecc2f66,0d5ea3b1519c17e0ed901af3a7b25c11ca65a7127924daae45343c66eecc2f66,,,"PvlObject
SidebarStrategy",,,,,,,
SimpleCylindrical.h,identical,920222ed3d4393fb1a1688ced9fd5c78958ac275ffa378a830e3938833b7aab9,920222ed3d4393fb1a1688ced9fd5c78958ac275ffa378a830e3938833b7aab9,,,"Pvl
PvlGroup
SimpleCylindrical",,,,,,,
Sinusoidal.h,identical,dd83c70411e5ddf0900485b283d03503b34c3275c32ccf4cf74cbc3fb8036686,dd83c70411e5ddf0900485b283d03503b34c3275c32ccf4cf74cbc3fb8036686,,,"Pvl
PvlGroup
Sinusoidal",,,,,,,
SlitherTransform.h,identical,49a8cea0489306b33b1db0e2e6d2bb80702b7c1e5128a4be8b0a1fab68e4bb81,49a8cea0489306b33b1db0e2e6d2bb80702b7c1e5128a4be8b0a1fab68e4bb81,,,SlitherTransform,,,,,,,
SmtkMatcher.h,identical,f8487336bb803cabf0b86f5a76143a17baa9b6c738f2160f67e564b7a65ccb20,f8487336bb803cabf0b86f5a76143a17baa9b6c738f2160f67e564b7a65ccb20,,,SmtkMatcher,,,,,,,
SmtkPoint.h,identical,629b012e03a3e388df7b504755a61d9d180228149c83818d5aaeb54ef2ab4f1f,629b012e03a3e388df7b504755a61d9d180228149c83818d5aaeb54ef2ab4f1f,,,"PointGeometry
SmtkPoint",,,,,,,
SmtkStack.h,identical,944bf0a48a1a75881bbfe1b5e6f56df70cae6ba633bd4b308de8f8363225f3d9,944bf0a48a1a75881bbfe1b5e6f56df70cae6ba633bd4b308de8f8363225f3d9,,,,,,,,,,
SobelTransform.h,identical,7dcd3b8f4b0c1213f3688e5fc28ef23a71741fb0498189f94a67e81a289d2506,7dcd3b8f4b0c1213f3688e5fc28ef23a71741fb0498189f94a67e81a289d2506,,,SobelTransform,,,,,,,
SocketThread.h,identical,9d64a0dc15ca5f124b63e4c1f61cf9e5aa181142bc5aa29e688363fc9ac9e48f,9d64a0dc15ca5f124b63e4c1f61cf9e5aa181142bc5aa29e688363fc9ac9e48f,,,SocketThread,,,,,,,
SortFilterProxyModel.h,identical,9c9ce27bffeb2ceb0e4223b53a92b9fbcf5141a420fa6ca92f8fe534221539ff,9c9ce27bffeb2ceb0e4223b53a92b9fbcf5141a420fa6ca92f8fe534221539ff,,,"ProjectItem
ProjectItemModel
QAbstractProxyModel
QObject
QStandardItem
QVariant
SortFilterProxyModel",,,,,,,
SpacecraftPosition.h,identical,54ef3d0fe6894899b1dc070bcf0c653dd16a716e4a4747b042064012bac64a23,54ef3d0fe6894899b1dc070bcf0c653dd16a716e4a4747b042064012bac64a23,,,SpacecraftPosition,,,,,,,
SparseBlockMatrix.h,identical,45a44af1e6d9d2b69c471d2d9882a0256ff6dd05cb0a9a43c25897c570a9b2e3,45a44af1e6d9d2b69c471d2d9882a0256ff6dd05cb0a9a43c25897c570a9b2e3,,,"QDebug
SparseBlockColumnMatrix
SparseBlockMatrix
SparseBlockRowMatrix",,,,,,,
SpatialPlotTool.h,changed_declarations,785ed8b1102591af2f680005d534cb3a20bcff6fb91bdaa2f93054e19ce58974,dda59f64ce6d0cdc1e8e107831909bbe9a0c0a70c5bae76e38b01cfd4b9772d3,,QVector,"CubePlotCurve
PlotWindow
QAction
QComboBox
QMainWindow
RubberBandComboBox
SpatialPlotTool
SurfacePoint
UniversalGroundMap",,,,,,,
SpecialPixel.h,changed_declarations,828f0822287bec1a1b5b281a7803a49426148b7a79cd30e9ae3c78dfd994389b,91207e402da876fbdec8596899d7c687e74d5acdc1815adf922604d52527f2dd,,,,,,,"const int HIGH_INSTR_SATI4=((int)(-2147483645));
const int HIGH_REPR_SATI4=((int)(-2147483644));
const int LOW_INSTR_SATI4=((int)(-2147483646));
const int LOW_REPR_SATI4=((int)(-2147483647));
const int NULLI4=((int)(-2147483648));
const int VALID_MAXI4=((int)2147483647);
const int VALID_MINI4=((int)(-2147483632));
const signed char HIGH_INSTR_SATS1=((signed char)-127);
const signed char HIGH_REPR_SATS1=((signed char)-127);
const signed char LOW_INSTR_SATS1=((signed char)-128);
const signed char LOW_REPR_SATS1=((signed char)-128);
const signed char NULLS1=((signed char)-128);
const signed char VALID_MAXS1=((signed char)127);
const signed char VALID_MINS1=((signed char)-126);",,,
SpecialPixelTool.h,identical,b321c85d69a6ae419275fdc28f8e66bc78d5c4253c0f8c9183122ec6565aa24d,b321c85d69a6ae419275fdc28f8e66bc78d5c4253c0f8c9183122ec6565aa24d,,,"QDialog
QSettings
QToolButton
SpecialPixelTool
Workspace",,,,,,,
Spectel.h,identical,aa04f3747a10b58eb85889d5940abb90ea029e6c7ae5b66612ea258b008a887e,aa04f3747a10b58eb85889d5940abb90ea029e6c7ae5b66612ea258b008a887e,,,Spectel,,,,,,,
SpectralDefinition.h,identical,70d30234f7d8a3f2e65cfa87f296f33b6ff15ea92fa40d2d92f4e376756a5bb9,70d30234f7d8a3f2e65cfa87f296f33b6ff15ea92fa40d2d92f4e376756a5bb9,,,"Spectel
SpectralDefinition
WavelengthsAndWidths",,,,,,,
SpectralDefinition1D.h,identical,de78476ccf1de04f5abb75f279438f6cfe3c47135145e3afb65cec138e27bb05,de78476ccf1de04f5abb75f279438f6cfe3c47135145e3afb65cec138e27bb05,,,"QList
SpectralDefinition1D",,,,,,,
SpectralDefinition2D.h,identical,21cc7f9d0b785b48e7c863b51f4222d8008600fbf77f0c8b5f0e51219a3b11a9,21cc7f9d0b785b48e7c863b51f4222d8008600fbf77f0c8b5f0e51219a3b11a9,,,"QList
Spectel
SpectralDefinition2D",,,,,,,
SpectralDefinitionFactory.h,identical,f7522a1d53aa1cec1189fb89e0a0f9eeee138df21862f8cb1ff4e299dadb296a,f7522a1d53aa1cec1189fb89e0a0f9eeee138df21862f8cb1ff4e299dadb296a,,,SpectralDefinitionFactory,,,,,,,
SpectralPlotTool.h,identical,9942d5d52cf073fcba7e40e00c830f2f786ade2037cd439fb358a4cbd1053c58,9942d5d52cf073fcba7e40e00c830f2f786ade2037cd439fb358a4cbd1053c58,,,"CubePlotCurve
Envelope
PlotWindow
Polygon
QMainWindow
RubberBandComboBox
SpectralPlotTool
Statistics",,,,,,,
SpectralPlotWindow.h,identical,bea49c0f6308f26b57f81b93033272573032a9d955b02bd019842f81da2290e2,bea49c0f6308f26b57f81b93033272573032a9d955b02bd019842f81da2290e2,,,"PvlGroup
SpectralPlotWindow",,,,,,,
SpectralResampleFunctor.h,identical,afeaca17cbc735570b7d80e7a70fcc15ba7758bc147781e2d9721fdb76de4b2f,afeaca17cbc735570b7d80e7a70fcc15ba7758bc147781e2d9721fdb76de4b2f,,,"Buffer
Camera
QString
SpectralDefinition
SpectralResampleFunctor",,,,,,,
Spice.h,changed_declarations,11558910d5b1ea85d75fcde5927eded844dce291637491a49817eb99fbe40cf1,df1b805f9b9414befb657bf9dd6e6e892360a8c177d83b29632b244db8cb8943,,,"Cube
Distance
EllipsoidShape
Longitude
Spice
Target
iTime",,,SpiceValueType,"Spice(Cube&cube,Pvl&lab,nlohmann::json isd);
void init(Cube&cube,Pvl&pvl,bool noTables);
void isdInit(Cube&cube,Pvl&pvl,nlohmann::json isd);","Spice(Pvl&lab,nlohmann::json);
void init(Pvl&pvl,bool noTables,nlohmann::json isd=NULL);",,
SpiceClient.h,changed_declarations,edb23ff7ca9e2dd4a4243a92db30141bd0faca586bbb4e3db10ece11115a6fc1,8c947ebd0012fe55229dd6291f48c17887038f57064c90e44e16c7f70ead1ae0,,QSslError,"Pvl
PvlGroup
PvlObject
QAuthenticator
QDomElement
QList
QNetworkAccessManager
QNetworkProxy
QNetworkReply
QNetworkRequest
QString
SpiceClient
Table",,,,,,,
SpiceClientStarter.h,identical,dc23518aef217244fa88866da4942f025f525de1e9d17e6b2ae4713c8f8a0203,dc23518aef217244fa88866da4942f025f525de1e9d17e6b2ae4713c8f8a0203,,,"SpiceClient
SpiceClientStarter",,,,,,,
SpiceDbGen.h,identical,b7233b3253f11f40c7e7a24c41ccb29e6b650428a5a5737d8ade0036ac5f40c3,b7233b3253f11f40c7e7a24c41ccb29e6b650428a5a5737d8ade0036ac5f40c3,,,SpiceDbGen,,,,,,,
SpiceKernel.h,identical,da4777f4165efbc2e266f973f21c2590704361395aa0ebba4ca606cd64329223,da4777f4165efbc2e266f973f21c2590704361395aa0ebba4ca606cd64329223,,,SpiceKernel,,,,,,,
SpiceManager.h,identical,00ce0445d8061da7e72000897d49623712695539b6ab1d074df654b6de6c2aa3,00ce0445d8061da7e72000897d49623712695539b6ab1d074df654b6de6c2aa3,,,SpiceManager,,,,,,,
SpicePosition.h,identical,ddae9ce6fc20abf2545d1dfe4910ea3d65bfd1b84b6ebbfe7a50de3fb08f373a,ddae9ce6fc20abf2545d1dfe4910ea3d65bfd1b84b6ebbfe7a50de3fb08f373a,,,"IsisIlluminator_Velocity_Test
NumericalApproximation
SpicePosition",,,"OverrideType
PartialType
Source",,,,
SpiceRotation.h,changed_non_declaration,d76777d84abf9793a46e4ae8774e95c908a0a0f81ed6726d533d0b21856c2f67,a1c8ec51a527879e5810557a6f77486c91c49e7d5e9aec3366f62ed878f43267,,,SpiceRotation,,,"DownsizeStatus
FrameType
PartialType
Source",,,,
SpkKernelWriter.h,changed_declarations,531db471241865fc1b2af56688aaeb90cb119c4ebe80ce843aabb735302b41d7,0bc597ddb654eb4a10dd4f02ce6f54ff36cb0f62f9d5a5ed3e0f9c08e533222c,,,"SpkKernelWriter
WriteSpk13
WriteSpk9",,,,"QString mess=""SPK kernel type "" + QString::number(spktype)+ "" not valid/supported - must 9 or 13"";","QString mess=""SPK kernel type "" + QString(spktype)+ "" not valid/supported - must 9 or 13"";",,
SpkSegment.h,identical,122cfa54368119021641e85e84d86fca1927665d011d1d64399ee05b68abc185,122cfa54368119021641e85e84d86fca1927665d011d1d64399ee05b68abc185,,,"Camera
Cube
PvlObject
SpkSegment
Table",,,,,,,
SpkSpiceSegment.h,identical,dd7b8eb2b8b32068be54d2e3cd8efce587dbcebea603747603adab1d8e61d6c7,dd7b8eb2b8b32068be54d2e3cd8efce587dbcebea603747603adab1d8e61d6c7,,,SpkSpiceSegment,,,,,,,
SplineFill.h,identical,d7aa28ea91b2884207db58aa28aaa64a73b60ef5b5b9a29c8b9d3b6e9485d2eb,d7aa28ea91b2884207db58aa28aaa64a73b60ef5b5b9a29c8b9d3b6e9485d2eb,,,SplineFill,,,,,,,
SqlQuery.h,identical,3889d596972952796097578ccb0fb969d90ebf47d040e91a46599044dd0cad69,3889d596972952796097578ccb0fb969d90ebf47d040e91a46599044dd0cad69,,,"SqlQuery
SqlRecord",,,,,,,
SqlRecord.h,identical,383d79581a56a1f20967b8df04bfe70804391f91c852c7a290e0a286059f547f,383d79581a56a1f20967b8df04bfe70804391f91c852c7a290e0a286059f547f,,,"QString
SqlQuery
SqlRecord",,,,,,,
SsiCamera.h,identical,ce9bda5dabfb1a40a5db0d25f1091a98046bc89ec8c6b59059ce68b980b1df71,ce9bda5dabfb1a40a5db0d25f1091a98046bc89ec8c6b59059ce68b980b1df71,,,SsiCamera,,,,,,,
StandardDeviationOperator.h,identical,dda3e3aac588dba06c5c85dc2b8c9fb25da05ebcdea5c40d02774e9143f95ed6,dda3e3aac588dba06c5c85dc2b8c9fb25da05ebcdea5c40d02774e9143f95ed6,,,"Chip
Pvl
StandardDeviationOperator",,,,,,,
StarAlgorithm.h,identical,96b0ddb41b2ce6b21e4dcb7aad542a7a1b17a849c1b9a8006b32362eb5b357ad,96b0ddb41b2ce6b21e4dcb7aad542a7a1b17a849c1b9a8006b32362eb5b357ad,,,StarAlgorithm,,,,,,,
StatCumProbDistDynCalc.h,identical,0ee44f14e9cad93f75469c7a7efb31ee30efdf8b5e1e9ba676c51108d437c100,0ee44f14e9cad93f75469c7a7efb31ee30efdf8b5e1e9ba676c51108d437c100,,,"Project
QDataStream
QUuid
QXmlStreamReader
QXmlStreamWriter
StatCumProbDistDynCalc",,,,,,,
Statistics.h,identical,dcc91f79bdc2033a2e1dccf1c6765a70dfe6008b4f20628d14b71077389a5f38,dcc91f79bdc2033a2e1dccf1c6765a70dfe6008b4f20628d14b71077389a5f38,,,"Project
QDataStream
QUuid
QXmlStreamReader
QXmlStreamWriter
Statistics",,,,,,,
StatisticsTool.h,identical,714fd24dcd6f7e6b92379b20ae9f81e1b3c98fb2d4906f86141cfea9cd8c650f,714fd24dcd6f7e6b92379b20ae9f81e1b3c98fb2d4906f86141cfea9cd8c650f,,,"QCheckBox
QGroupBox
QLabel
QLineEdit
QScrollArea
StatisticsTool
VisualDisplay",,,,,,,
Stereo.h,identical,f64cfadd87a8dcefab9dff62b683358d6582c1173091243e3d410d6fdb0db38b,f64cfadd87a8dcefab9dff62b683358d6582c1173091243e3d410d6fdb0db38b,,,Stereo,,,,,,,
StereoPairStrategy.h,identical,64779e77cdb092165f2263e60c27e13b744fd78acad3c53dedef034392c6a05c,64779e77cdb092165f2263e60c27e13b744fd78acad3c53dedef034392c6a05c,,,"PvlKeyword
PvlObject
StereoPairStrategy",,,,,,,
StereoTool.h,identical,8b3b7d8d073774d64891b6ee21ba930fb67a7983049b4e6c0d984d43ba91245c,8b3b7d8d073774d64891b6ee21ba930fb67a7983049b4e6c0d984d43ba91245c,,,"ControlMeasure
ControlNet
ControlPoint
ControlPointEdit
Cube
CubeViewport
MdiCubeViewport
ProfileDialog
QAction
QCheckBox
QComboBox
QLabel
QLineEdit
QMainWindow
SerialNumberList
StereoTool
Stretch
UniversalGroundMap",,,CubeIndex,,,,
Strategy.h,changed_declarations,1140922fa92b9cc59bb9457d22c2a7b17dd32b35a0be122d76f969390952a696,69e43e0bcd738afd72a8f47c8ff171da6950202cd5468f1bd31cd06d1724c493,,QStringList,"GisGeometry
Progress
Strategy",,,,,,,
StrategyFactory.h,identical,ef785538ea24a3d5fb32c2ebfaf83a1a9b72817e63893ff762eef6465f369639,ef785538ea24a3d5fb32c2ebfaf83a1a9b72817e63893ff762eef6465f369639,,,"PvlObject
QString
StrategyFactory",,,,,,,
StreamExporter.h,identical,07d3a24f23064d1ada086f5d9008d7974ea346b2b036d1e578732ad67f2ffc23,07d3a24f23064d1ada086f5d9008d7974ea346b2b036d1e578732ad67f2ffc23,,,StreamExporter,,,,,,,
Stretch.h,identical,b0be254de690581645b7067ac40ddd9315b10304cd3f72687619557812084420,b0be254de690581645b7067ac40ddd9315b10304cd3f72687619557812084420,,,Stretch,,,,,,,
StretchTool.h,identical,38ff65f0ce6879dfb8058979edf313b87d87a9df479968f00467c2a710d9d782,38ff65f0ce6879dfb8058979edf313b87d87a9df479968f00467c2a710d9d782,,,"AdvancedStretchDialog
Cube
CubeViewport
Histogram
QComboBox
QLineEdit
QPushButton
QRect
QToolButton
Statistics
Stretch
StretchTool
ViewportBuffer",,,StretchBand,,,,
StretchType.h,identical,f2a1a0e6056961dee5683f142e861606328fd4cd3ef4931edc35b3bbeeff8b86,f2a1a0e6056961dee5683f142e861606328fd4cd3ef4931edc35b3bbeeff8b86,,,"Cube
CubeStretch
Histogram
HistogramWidget
QGridLayout
QTableWidget
Stretch
StretchType",,,,,,,
StripPolygonSeeder.h,identical,b3322222e55ce40c200bc987c76e22dc0ba127f0a28dd749b93f60f228ccdcc9,b3322222e55ce40c200bc987c76e22dc0ba127f0a28dd749b93f60f228ccdcc9,,,"Pvl
StripPolygonSeeder",,,,,,,
SubArea.h,identical,438378f86332724523ad4cb2059389651b4d5994e5c0aaaf954494dc3672dad5,438378f86332724523ad4cb2059389651b4d5994e5c0aaaf954494dc3672dad5,,,SubArea,,,,,,,
SubTreeProxyModel.h,identical,830041e7329d9d55f743a383ffe1052f75f90f14ef545d7e3e3b04cb6fc46c34,830041e7329d9d55f743a383ffe1052f75f90f14ef545d7e3e3b04cb6fc46c34,,,"QAbstractProxyModel
QObject
QStandardItem
QVariant
SubTreeProxyModel",,,,,,,
SumFile.h,identical,9e8e80384bd9ee99b1a355fa28f417d8b51e8be053500a54aed66d974d1875ab,9e8e80384bd9ee99b1a355fa28f417d8b51e8be053500a54aed66d974d1875ab,,,"SortEtAscending
SumFile",,,,,,,
SumFinder.h,identical,3ace14d96969454920a6667316f84cc954187de98611ad63de3bb955567852f4,3ace14d96969454920a6667316f84cc954187de98611ad63de3bb955567852f4,,,SumFinder,,,"Options
TimeStamp",,,,
SunShadowTool.h,identical,af319a242a01b488cfa2a7446b21f3fccbf22dd66312da38c96fdba9c9a39f07,af319a242a01b488cfa2a7446b21f3fccbf22dd66312da38c96fdba9c9a39f07,,,"Angle
Distance
MdiCubeViewport
QCheckBox
QComboBox
QDialog
QLineEdit
QMenu
QString
SunShadowTool
SurfacePoint",,,TableColumnIndex,,,,
SurfaceModel.h,identical,e575dd92e174523ba7539fd6b65bc4f97e746914a313d6191b2d348b97271cd7,e575dd92e174523ba7539fd6b65bc4f97e746914a313d6191b2d348b97271cd7,,,SurfaceModel,,,,,,,
SurfacePoint.h,identical,b55e76951ed331751918b932d39e7904f3cbe7f9cc1e7d6a05c75a0e8a861d71,b55e76951ed331751918b932d39e7904f3cbe7f9cc1e7d6a05c75a0e8a861d71,,,"Latitude
Longitude
SurfacePoint",,,"CoordIndex
CoordUnits
CoordinateType",,,,
TProjection.h,changed_non_declaration,a04003624d3ae08dec44cb3a3dcec3a15191715e7d3f75a71eab7259a6b8747c,90a2b8487ce58566a57e0f1ee700927c4aaed239b3b6f00a0a7bb985bcb58e13,,,"Displacement
Pvl
TProjection
WorldMapper",,,"LatitudeType
LongitudeDirection",,,,
Tab.h,identical,3dd390e25c9bbb2c36cdc8f253f59b94de624ee05e3d2982247cac25c3656007,3dd390e25c9bbb2c36cdc8f253f59b94de624ee05e3d2982247cac25c3656007,,,"QWidget
Tab",,,,,,,
TabBar.h,changed_declarations,d2fb9949782adfa94d7cf91c8098de682f29cda38a7c1d83487931379a18d414,d5f311b32eaa232476760489e3e1f35bdf72c6210fb27104a65bb45466f9ea0b,,QVector,"QWidget
Tab
TabBar",,,,,,,
Table.h,changed_declarations,e088cf88d16362bb28dcd0064ad15e93cc11e3e8cefb1784753ac8a155ae0ad4,c91d4e8b467c977182f3b78888f3a706dfe25d70e4a1773823d63ba5f2355896,,,"Blob
Table",,,Association,,Table();,,
TableColumn.h,identical,ebdbb2d7ffe9b677255f584698f9eed959c7c65fe2a5350fe337ef184a2aeff0,ebdbb2d7ffe9b677255f584698f9eed959c7c65fe2a5350fe337ef184a2aeff0,,,"QString
TableColumn",,,,,,,
TableColumnList.h,changed_declarations,82fbbfe0ef06ca4df7f644e5b22518a53d18dcab03022d797d60239b1c2d1ce5,c02cfb324911eb5ba9a9a5eae9eca0154a4d333858e5579a63a9a8d30b7bea57,,QPair,"TableColumn
TableColumnList",,,,,,,
TableField.h,identical,75606c39937315a40b1a7401b6987e93d1dfb67f53ecc7b577a5eb5634752101,75606c39937315a40b1a7401b6987e93d1dfb67f53ecc7b577a5eb5634752101,,,"PvlGroup
TableField",,,Type,,,,
TableMainWindow.h,identical,47e36ab73d7a9afb57e19e796ba5d21703ac07f6d98dd335abb8076782668ba4,47e36ab73d7a9afb57e19e796ba5d21703ac07f6d98dd335abb8076782668ba4,,,"QTableWidget
TableMainWindow",,,,,,,
TableRecord.h,identical,00b264a82a7cc24ba63f05eeb63ca98c6c6623f828135b6ea6be3513a273fade,00b264a82a7cc24ba63f05eeb63ca98c6c6623f828135b6ea6be3513a273fade,,,TableRecord,,,,,,,
TableView.h,identical,78c9423b5c6d1ff7f1946a8ad6442611c2c4f5ce2497c023ddefc52d6fe27920,78c9423b5c6d1ff7f1946a8ad6442611c2c4f5ce2497c023ddefc52d6fe27920,,,"AbstractTableModel
AbstractTreeItem
ControlPoint
QLabel
QList
QString
TableColumnList
TableView
TableViewContent
TableViewHeader",,,,,,,
TableViewContent.h,identical,bcdd8c8c06fd79b640d05f015fbf70a5b09886d7ce559de1a2739ecc3df4727f,bcdd8c8c06fd79b640d05f015fbf70a5b09886d7ce559de1a2739ecc3df4727f,,,"AbstractTableModel
AbstractTreeItem
ControlPoint
QAction
QEvent
QKeyEvent
QList
QMenu
QMouseEvent
QPoint
QResizeEvent
TableColumn
TableColumnList
TableView
TableViewContent",,,,,,,
TableViewHeader.h,changed_declarations,92cf62888c0cfc830cc670a147500b9e2a172de06e0aa79bbbe75bea2f99cec0,220d6266a8f534f7d030ed62779cd3018b2d690a8a440d50cf1c74dccba47ae8,,QStringList,"AbstractTableModel
QList
QMouseEvent
QPaintEvent
QPainter
QSize
TableColumnList
TableViewHeader",,,,,,,
Target.h,identical,9085636968feca03543c3cfdfa4346c3cdfb8e2ca130dda780e4addbaaf0250f,9085636968feca03543c3cfdfa4346c3cdfb8e2ca130dda780e4addbaaf0250f,,,"Angle
Distance
Pvl
PvlGroup
QString
ShapeModel
Spice
Target",,,,,,,
TargetBody.h,changed_declarations,eeedc6c48a89032ec15cd845d75819337fcc8bc3cc1e686c39b6a2ff986a37dd,565670443b7684d82aca9e940712a7fcc9b28fc5ea0072ceeeeb1b2cb98cd0d1,,QDataStream,"FileName
Project
PvlObject
QUuid
QXmlStreamWriter
TargetBody
TargetBodyDisplayProperties",,,,,"QDataStream&operator<<(QDataStream&stream,const TargetBody&TargetBody);
QDataStream&operator>>(QDataStream&stream,TargetBody&TargetBody);",,
TargetBodyDisplayProperties.h,identical,7c978a67284371f626b7a6cab47a41ad9c181acbc4656563648988e976c5eba4,7c978a67284371f626b7a6cab47a41ad9c181acbc4656563648988e976c5eba4,,,"FileName
Project
Pvl
PvlObject
QAction
QXmlStreamWriter
TargetBodyDisplayProperties",,,Property,,,,
TargetBodyList.h,changed_declarations,329de4fd0e4e9c124573b7eebe1d22ad26a8b39790e4fdf7bba941bdf57f46d9,3953fee049c97329608f0d0da76a38e5185a51a71eb5713a53b8a9c1d28f5363,,QStringList,"FileName
QXmlStreamWriter
TargetBodyList",,,,,,,
TargetGetInfoWorkOrder.h,identical,a27fda7f6c458505ebe071873142771e706e528b414ed91b7b5b0a8991edddae,a27fda7f6c458505ebe071873142771e706e528b414ed91b7b5b0a8991edddae,,,"TargetBody
TargetGetInfoWorkOrder",,,,,,,
TargetInfoWidget.h,identical,edaf14d16a178227f6349b699b33201685a378c9b17a0acad0d143c9c4fe29d6,edaf14d16a178227f6349b699b33201685a378c9b17a0acad0d143c9c4fe29d6,,,"Directory
TargetBody
TargetInfoWidget",,,,,,,
TaylorCameraDistortionMap.h,identical,73d4c83ae5bef9ade98e9696cc4626d0070404d5b1cceaa9b9716ab8a909a843,73d4c83ae5bef9ade98e9696cc4626d0070404d5b1cceaa9b9716ab8a909a843,,,TaylorCameraDistortionMap,,,,,,,
Template.h,identical,e4b5d4ab3b2ae66692ebb9f0e1db1e781f7d37d258f8e4f48b46aca2c7470acb,e4b5d4ab3b2ae66692ebb9f0e1db1e781f7d37d258f8e4f48b46aca2c7470acb,,,"FileName
Project
Template",,,,,,,
TemplateEditViewWorkOrder.h,identical,5283e647afdca4c8179efda3d55d1838d946fd9c9816d6facf1fbe168361273c,5283e647afdca4c8179efda3d55d1838d946fd9c9816d6facf1fbe168361273c,,,"ProjectItem
Template
TemplateEditViewWorkOrder",,,,,,,
TemplateEditorWidget.h,identical,30c42749c56b279b7f95e01f251a6f649ee2b18403359ffddd3f259e9f2dda81,30c42749c56b279b7f95e01f251a6f649ee2b18403359ffddd3f259e9f2dda81,,,"Directory
Template
TemplateEditorWidget",,,,,,,
TemplateList.h,identical,48bcbd60e96d3076f25ccb45be89615a590f61e49abdf262762b6019b734b411,48bcbd60e96d3076f25ccb45be89615a590f61e49abdf262762b6019b734b411,,,TemplateList,,,,,,,
TextFile.h,identical,266af5da5399bde35ac71fe2af560d887d2a2ef913b5c840f86547a8d46c07cc,266af5da5399bde35ac71fe2af560d887d2a2ef913b5c840f86547a8d46c07cc,,,TextFile,,,,,,,
TgoCassisCamera.h,identical,813d1b0f8fef6931459611e24bdb67fca34a6d3c23586a69b4d13dd8ed6a983d,813d1b0f8fef6931459611e24bdb67fca34a6d3c23586a69b4d13dd8ed6a983d,,,TgoCassisCamera,,,,,,,
TgoCassisDistortionMap.h,identical,a8825c8d8d04e4d66db6f64444181a1252f24402f553e1b879c76980efcee7c9,a8825c8d8d04e4d66db6f64444181a1252f24402f553e1b879c76980efcee7c9,,,TgoCassisDistortionMap,,,,,,,
ThemisIrCamera.h,identical,3d89e2c304ad026b71567c36a5c8fd4a4490b615f8c7b8480173822d6ccd5df1,3d89e2c304ad026b71567c36a5c8fd4a4490b615f8c7b8480173822d6ccd5df1,,,"ThemisIrCamera
ThemisIrDistortionMap",,,,,,,
ThemisIrDistortionMap.h,identical,67016ea1c73532dc883a3f8ccbac38645061006f0d9ee735cbdb2ff40edcdd90,67016ea1c73532dc883a3f8ccbac38645061006f0d9ee735cbdb2ff40edcdd90,,,ThemisIrDistortionMap,,,,,,,
ThemisVisCamera.h,identical,cd1a4fef29ff170a4a94ca0e7df240baba868b13ae0230c0cb1f37d91ff56e8e,cd1a4fef29ff170a4a94ca0e7df240baba868b13ae0230c0cb1f37d91ff56e8e,,,ThemisVisCamera,,,,,,,
ThemisVisDistortionMap.h,identical,23f4eb89c6d3d2fd91a4d4278c02647214af968ad470806006a8487b22efb284,23f4eb89c6d3d2fd91a4d4278c02647214af968ad470806006a8487b22efb284,,,ThemisVisDistortionMap,,,,,,,
TiffExporter.h,identical,b4559f8033549dd64a30386a4ef2d8225a8a32a1001c6be8698b650988702db0,b4559f8033549dd64a30386a4ef2d8225a8a32a1001c6be8698b650988702db0,,,TiffExporter,,,,,,,
TiffImporter.h,identical,e4e71e2b9472a821b32aa3c94709b17384dece4acf4544d2064ae6092b44f9de,e4e71e2b9472a821b32aa3c94709b17384dece4acf4544d2064ae6092b44f9de,,,"Pvl
TiffImporter",,,,,,,
TileManager.h,identical,35ebf492965be50cefba9c9301d0a5dd88b087ab1a23f44006e9c5700dcec594,35ebf492965be50cefba9c9301d0a5dd88b087ab1a23f44006e9c5700dcec594,,,TileManager,,,,,,,
Tool.h,changed_declarations,8a72fe97d475c5434ea76e72994f03cb7fc9722219fe28f4f75f565bc9f17051,2ff10bc4bf31aa8bc18a734780994b393a33f6afd794a3698f545b49e8cf7f22,,QVector,"CubeViewport
MdiCubeViewport
QAction
QMenu
QPainter
QStackedWidget
QToolBar
RubberBandTool
Tool
ToolList
ToolPad
ViewportMainWindow
Workspace",,,,,,,
ToolList.h,identical,96f59181c621c1a91c4febe67d0f0d67da1d7293ed9a448b4ac3c8a783b8903b,96f59181c621c1a91c4febe67d0f0d67da1d7293ed9a448b4ac3c8a783b8903b,,,"QStackedWidget
QToolBar
RubberBandTool
Tool
ToolList",,,,,,,
ToolPad.h,identical,9f521fb09848e9ce231fc30829b6ec975ec35912e4f2dc00c8b37a8e51a081ea,9f521fb09848e9ce231fc30829b6ec975ec35912e4f2dc00c8b37a8e51a081ea,,,ToolPad,,,,,,,
Topo.h,identical,cfc1e49c3275beb00b649815b81e97c2da7eadefa580e931c433a60691b89035,cfc1e49c3275beb00b649815b81e97c2da7eadefa580e931c433a60691b89035,,,"Pvl
Topo",,,,,,,
TopoAtm.h,identical,bebb8cce6705862575efb78163a4268685d97ca38fff9663d1816086c200a79f,bebb8cce6705862575efb78163a4268685d97ca38fff9663d1816086c200a79f,,,"Pvl
TopoAtm",,,,,,,
TrackTool.h,identical,f958b2ca03a6f5a3280bdb7235f8ff8883af065fa04acde1bae2f86ac43d65db,f958b2ca03a6f5a3280bdb7235f8ff8883af065fa04acde1bae2f86ac43d65db,,,"MdiCubeViewport
QLabel
QStatusBar
TrackTool
ViewportBuffer
WarningWidget",,,,,,,
TrackingTable.h,identical,217f9b5ee80888310a132655b571635d58208be4f342750ea877f83485244880,217f9b5ee80888310a132655b571635d58208be4f342750ea877f83485244880,,,TrackingTable,,,,,,,
Trans2d3p.h,identical,e36e4b41de1336b8ff227dc2d544532e093968ae27080e3ebf52d54c55615420,e36e4b41de1336b8ff227dc2d544532e093968ae27080e3ebf52d54c55615420,,,Trans2d3p,,,,,,,
Transform.h,identical,f12611a7528b6e56c045cd1cad03f31bf7104a8be7f2c9519a3594636712d889,f12611a7528b6e56c045cd1cad03f31bf7104a8be7f2c9519a3594636712d889,,,Transform,,,,,,,
Transformer.h,identical,2cf19cf072f141923321d3d260090e926fb47429568807b20f8bd3452e3c8c1c,2cf19cf072f141923321d3d260090e926fb47429568807b20f8bd3452e3c8c1c,,,Transformer,,,,,,,
TransverseMercator.h,identical,c26be8070ba3255bf112c5dc20907f2f73884165facbb933bdbd7bdf8992663f,c26be8070ba3255bf112c5dc20907f2f73884165facbb933bdbd7bdf8992663f,,,"Pvl
PvlGroup
TransverseMercator",,,,,,,
TreeView.h,identical,4e775c2db2c36dc330528a5640f31205aecc291cfb311cdb35394def0cc4c31a,4e775c2db2c36dc330528a5640f31205aecc291cfb311cdb35394def0cc4c31a,,,"AbstractTreeItem
AbstractTreeModel
QList
TreeView
TreeViewContent
TreeViewHeader",,,,,,,
TreeViewContent.h,identical,51c5dab63cd479b4d7f3ef7075973785d1de275e949fde0868d9a5e8643d73f5,51c5dab63cd479b4d7f3ef7075973785d1de275e949fde0868d9a5e8643d73f5,,,"AbstractTreeItem
AbstractTreeModel
QEvent
QKeyEvent
QList
QMouseEvent
QPoint
QResizeEvent
TreeView
TreeViewContent",,,,,,,
TreeViewHeader.h,identical,5e9f02e776728407b543a45f05dcc8bf825069c0710591ec717ce042a7af3fad,5e9f02e776728407b543a45f05dcc8bf825069c0710591ec717ce042a7af3fad,,,"QMouseEvent
QPaintEvent
QPainter
QSize
QString
TreeViewContent
TreeViewHeader",,,,,,,
TriangularPlate.h,identical,1fa4ae904bd78a628de3d73f823afed666885e18cc4344e2d2ecf07be16eb308,1fa4ae904bd78a628de3d73f823afed666885e18cc4344e2d2ecf07be16eb308,,,"Angle
Distance
Intercept
Latitude
Longitude
SurfacePoint
TriangularPlate",,,,,,,
UniqueIOCachingAlgorithm.h,identical,d6f59ede59118c707a5f7392fa1c181760241dc1c62a54fc77c33236d461e1ec,d6f59ede59118c707a5f7392fa1c181760241dc1c62a54fc77c33236d461e1ec,,,"QList
QQueue
UniqueIOCachingAlgorithm",,,,,,,
UniversalGroundMap.h,changed_declarations,e537ca0d3154b24c0cf18882265fcbe5669ea126c514b6aac669faccd4ad31f0,6e8873e25cc6dcbe4c29a721d5408e6ccf19915d9edebaca28c9f7f0319fa0ae,,,"Camera
Cube
Latitude
Longitude
Projection
Pvl
SurfacePoint
UniversalGroundMap",,,CameraPriority,"double LocalRadius()const;
void setPriority(int priority);",,,
UpturnedEllipsoidTransverseAzimuthal.h,identical,efe2ad8133b37fbed69f26b60d3d4012c1412ac0539a2a07f1a7767061bf7cd3,efe2ad8133b37fbed69f26b60d3d4012c1412ac0539a2a07f1a7767061bf7cd3,,,"Pvl
PvlGroup
UpturnedEllipsoidTransverseAzimuthal",,,,,,,
UserInterface.h,changed_non_declaration,05490117906d8bac2cb19f5b4e01a7b78d0658e12aa45b590a996bd84aa47c14,62e5b714055c63b0d1a6cf690f05fdda855db5fe2e0aed76e436b42b6e41c2dc,,,"Gui
UserInterface",,,,,,,
UvvisCamera.h,identical,513e691b5bb84b7e22115a0d9522571fa3c6e9e09e5d21cd2440fb337341efb2,513e691b5bb84b7e22115a0d9522571fa3c6e9e09e5d21cd2440fb337341efb2,,,UvvisCamera,,,,,,,
VariableLineScanCameraDetectorMap.h,identical,5eeac40014150e982c2a08c4d24440592a8caac9af7540608687b6e6b5e0aef8,5eeac40014150e982c2a08c4d24440592a8caac9af7540608687b6e6b5e0aef8,,,"LineRateChange
VariableLineScanCameraDetectorMap",,,,,,,
VecFilter.h,identical,002e96b563ef0c7a5387c017c06925cdd109c8a63aa04415920dfa18e845ed76,002e96b563ef0c7a5387c017c06925cdd109c8a63aa04415920dfa18e845ed76,,,VecFilter,,,,,,,
ViewControlNet3DWorkOrder.h,identical,7172d666eb53a1c2edf6ac41aad993021b959b0fa95f6eeae8af19b70e177efe,7172d666eb53a1c2edf6ac41aad993021b959b0fa95f6eeae8af19b70e177efe,,,ViewControlNet3DWorkOrder,,,,,,,
ViewSubWindow.h,identical,99e2a129a2ed107120ab7d65dc75571069535a35491ba65dfdaac7f766000974,99e2a129a2ed107120ab7d65dc75571069535a35491ba65dfdaac7f766000974,,,ViewSubWindow,,,,,,,
ViewportBuffer.h,identical,50fc682c2858c981a6e761753cde42b54cfa9e18e8561636f494a6b42c5182ce,50fc682c2858c981a6e761753cde42b54cfa9e18e8561636f494a6b42c5182ce,,,"Brick
CubeDataThread
CubeViewport
QQueue
QRect
ViewportBuffer
ViewportBufferAction
ViewportBufferFill
ViewportBufferStretch
ViewportBufferTransform",,,sampLineRectPosition,,,,
ViewportBufferAction.h,identical,bb88b0237ee6b016769bd27a817c689642a754b5b91627f6674b6f0766145911,bb88b0237ee6b016769bd27a817c689642a754b5b91627f6674b6f0766145911,,,ViewportBufferAction,,,ActionType,,,,
ViewportBufferFill.h,identical,46be6f21e91450b8bf4dad4f59f02bc9fab13c90504309ee94577f075663c737,46be6f21e91450b8bf4dad4f59f02bc9fab13c90504309ee94577f075663c737,,,"QPoint
QRect
ViewportBufferFill",,,,,,,
ViewportBufferStretch.h,identical,2d306484b929ffacb94ba4278eb2da7a1d31b4205dedd70b3cf92fbf1f110bd9,2d306484b929ffacb94ba4278eb2da7a1d31b4205dedd70b3cf92fbf1f110bd9,,,"QRect
ViewportBufferStretch",,,,,,,
ViewportBufferTransform.h,identical,ebf792fbe6118bc26d223101e427b10420d54afd69dd86374ee7b33895b05428,ebf792fbe6118bc26d223101e427b10420d54afd69dd86374ee7b33895b05428,,,ViewportBufferTransform,,,,,,,
ViewportMainWindow.h,identical,a82b3097f92ccc11942ae295b4e3a9eeb43ec43cea6a10228f8e19a861004e35,a82b3097f92ccc11942ae295b4e3a9eeb43ec43cea6a10228f8e19a861004e35,,,"Preference
ToolPad
TrackTool
ViewportMainWindow
Workspace",,,,,,,
ViewportMdiSubWindow.h,identical,122cb070e92ad155896d0ffefb1f77dcf1ed57c634be7191ddfdff0b8fceb68f,122cb070e92ad155896d0ffefb1f77dcf1ed57c634be7191ddfdff0b8fceb68f,,,"Cube
CubeViewport
MdiCubeViewport
ViewportMdiSubWindow",,,,,,,
VikingCamera.h,identical,64f861872273db27b885d52998b679b93e161c6b28c79b288ea6d8d61a409baf,64f861872273db27b885d52998b679b93e161c6b28c79b288ea6d8d61a409baf,,,VikingCamera,,,,,,,
VimsCamera.h,identical,72d2e703dbf1b06a1aae8a6af833364acd838a155d3f51b144835345cdccda8e,72d2e703dbf1b06a1aae8a6af833364acd838a155d3f51b144835345cdccda8e,,,"Pvl
VimsCamera",,,,,,,
VimsGroundMap.h,identical,65dbb09ca5e2b790fabc2f3aa15834cbe9196c2a4f569d6173e794d984b94667,65dbb09ca5e2b790fabc2f3aa15834cbe9196c2a4f569d6173e794d984b94667,,,"Distance
Latitude
Longitude
VimsGroundMap",,,,,,,
VimsSkyMap.h,identical,56e2f20d56dd32be832ce0bbbcc177d46cd18bb11488237a73bebbd195598bd0,56e2f20d56dd32be832ce0bbbcc177d46cd18bb11488237a73bebbd195598bd0,,,VimsSkyMap,,,,,,,
VirtisHK.h,identical,b0c3b84ae3b0ad8b57ff5390456c5958ec597a639005cf8d760ba0349c8c7c8b,b0c3b84ae3b0ad8b57ff5390456c5958ec597a639005cf8d760ba0349c8c7c8b,,,VirtisHK,,,,,,,
VoyagerCamera.h,identical,70d4fd29aa018d6ac74c72c84b91ac6a495f4e62cf08f9a8623666a885249d61,70d4fd29aa018d6ac74c72c84b91ac6a495f4e62cf08f9a8623666a885249d61,,,VoyagerCamera,,,,,,,
WarningTreeWidget.h,identical,475c498aaa8cdb75dfc80fa75d9d283caf64c6c1acb6d4ebc734c04620d6862b,475c498aaa8cdb75dfc80fa75d9d283caf64c6c1acb6d4ebc734c04620d6862b,,,WarningTreeWidget,,,,,,,
WarningWidget.h,identical,0d832b1ba323405c86e325b70742166f118c50d34a540db47c623e6c44897928,0d832b1ba323405c86e325b70742166f118c50d34a540db47c623e6c44897928,,,WarningWidget,,,,,,,
WarpTransform.h,identical,10b0c63707ff886119997f77b7f50a2fd8a915b29b3e378a31663190d5d6e0ba,10b0c63707ff886119997f77b7f50a2fd8a915b29b3e378a31663190d5d6e0ba,,,WarpTransform,,,,,,,
WindowTool.h,identical,7dc025f7fc33dd61b0056a7f40585f3011b4ef6bda1e19b85287dfda9f3999fa,7dc025f7fc33dd61b0056a7f40585f3011b4ef6bda1e19b85287dfda9f3999fa,,,"MdiCubeViewport
QAction
QMdiArea
WindowTool",,,,,,,
WorkOrder.h,identical,0b9c08b356518093113f87be5e786575349c67fbd09de6c0372a77a8a5652457,0b9c08b356518093113f87be5e786575349c67fbd09de6c0372a77a8a5652457,,,"Control
ControlList
Directory
ImageList
ProgressBar
Project
ProjectItem
QFutureWatcher
QMutex
QXmlStreamWriter
ShapeList
Template
WorkOrder",,,"Context
QueuedWorkOrderAction
WorkOrderStatus",,,,
WorkOrderFactory.h,identical,5f973c45c0901aa46246d06147cf3cb7a6b28175333f39066b7bf4213bbf912b,5f973c45c0901aa46246d06147cf3cb7a6b28175333f39066b7bf4213bbf912b,,,"Project
QString
WorkOrder
WorkOrderFactory",,,,,,,
Workspace.h,changed_declarations,b5cb811b1aa91b0131bc2d8796524b900296c1ccd04ce1063d5061f5a1b3c260,21864b5d94cc114530583b65d26d0f75f9f9c106e34fe16d39671705b812d61d,,QVector,"Cube
Image
ImageList
MdiCubeViewport
ToolList
Workspace",,,,,,,
WorldMapper.h,identical,ac86a28fa91b84d02422179c31819944e586935184a5fccdd2d62b3fb3c73fdc,ac86a28fa91b84d02422179c31819944e586935184a5fccdd2d62b3fb3c73fdc,,,WorldMapper,,,,,,,
WriteTabular.h,identical,c53a85427278d47f6b4df977eb3c01e89f2169e28f81a22e306a35c18fac95bf,c53a85427278d47f6b4df977eb3c01e89f2169e28f81a22e306a35c18fac95bf,,,WriteTabular,,,,,,,
XmlToJson.h,identical,337ddc2440f734d1198158f68f301b22954c26525fc765e89514539876f03871,337ddc2440f734d1198158f68f301b22954c26525fc765e89514539876f03871,,,,,,,,,,
XmlToPvlTranslationManager.h,changed_non_declaration,951552cc50a8e681c6d890e5d03411011524e71cfc5774525640395da7112d97,1f62a90c2036c2c4a79a6f4b869bb6207ae08bb1d1feb8d9604f6c841587fb57,,,"Pvl
PvlContainer
PvlKeyword
XmlToPvlTranslationManager",,,,,,,
ZeroBufferFit.h,identical,daeef371a0dedb86cead085f3f26ba5319650c79957ffd89998c7378ed8b7925,daeef371a0dedb86cead085f3f26ba5319650c79957ffd89998c7378ed8b7925,,,ZeroBufferFit,,,,,,,
ZeroBufferSmooth.h,identical,30614f6c8d99ff559807bdd497b6787beae76b31f56c099477efc24ecb47efd0,30614f6c8d99ff559807bdd497b6787beae76b31f56c099477efc24ecb47efd0,,,ZeroBufferSmooth,,,,,,,
ZeroDark.h,identical,5c85ecafd5d97e9ac16b948069358e5cb97432636ff8bd6ae56575fa58c6ba28,5c85ecafd5d97e9ac16b948069358e5cb97432636ff8bd6ae56575fa58c6ba28,,,ZeroDark,,,,,,,
ZeroDarkRate.h,identical,48b825f294b07144a886ecf3676401eb5ce94db985bfcb41baf766160f75c5f3,48b825f294b07144a886ecf3676401eb5ce94db985bfcb41baf766160f75c5f3,,,ZeroDarkRate,,,,,,,
ZeroReverse.h,identical,886ae6a29c49dc1d40c9d49dc00bd4607d9c2f996e933ebb40f0ad62193cfabb,886ae6a29c49dc1d40c9d49dc00bd4607d9c2f996e933ebb40f0ad62193cfabb,,,ZeroReverse,,,,,,,
ZoomTool.h,identical,9abb374ef0cc2a9f33b7f3411d5dd748174e584072ac808bc6ef8644e22c988b,9abb374ef0cc2a9f33b7f3411d5dd748174e584072ac808bc6ef8644e22c988b,,,"QAction
QLineEdit
ZoomTool",,,,,,,
algebra.h,identical,384d9fb6a0dc8f92580c978af828572db1f4ae0860aaab17a723cf6a663ac43d,384d9fb6a0dc8f92580c978af828572db1f4ae0860aaab17a723cf6a663ac43d,,,,,,,,,,
apollocal.h,identical,e5ca57ad91df31d1ef54bbb9a95be5f4bee734934ec78f29e7c41958b9e399fd,e5ca57ad91df31d1ef54bbb9a95be5f4bee734934ec78f29e7c41958b9e399fd,,,,,,,,,,
apollofindrx.h,identical,06be893ee812f49911bd74364cc6caca96271817e3d92e1529e5c09790973cbe,06be893ee812f49911bd74364cc6caca96271817e3d92e1529e5c09790973cbe,,,,,,,,,,
apollopanstitcher.h,identical,fe1b2d09df80e590e092efc69406d849f054685075879ce6ad6b2e6b368ce4a9,fe1b2d09df80e590e092efc69406d849f054685075879ce6ad6b2e6b368ce4a9,,,,,,,,,,
apolloremrx.h,identical,0f9d360f4f4d37d2ff870170ba535e659a2ba7fe401be7dae2db64a324d4868c,0f9d360f4f4d37d2ff870170ba535e659a2ba7fe401be7dae2db64a324d4868c,,,,,,,,,,
array.h,identical,d8463fabca14c8cee3e9f88f2510e9403ea32db4f690fdb08719401c2c89cc43,d8463fabca14c8cee3e9f88f2510e9403ea32db4f690fdb08719401c2c89cc43,,,,,,,,,,
automos.h,identical,5f026762fb48b499953365d587cd57a9336796b6fc866e09ac7bda2f80f3caf7,5f026762fb48b499953365d587cd57a9336796b6fc866e09ac7bda2f80f3caf7,,,,,,,,,,
autoseed.h,identical,5c683f9c14088d867a9a72d4eafba5d2e080162e2e5278aa7d83417d2d860bb0,5c683f9c14088d867a9a72d4eafba5d2e080162e2e5278aa7d83417d2d860bb0,,,,,,SeedDomain,,,,
bandnorm.h,identical,222ab94e24bb4fc1b72ede6d9d7d3eace66333d1244e863254f38eb980b18149,222ab94e24bb4fc1b72ede6d9d7d3eace66333d1244e863254f38eb980b18149,,,,,,,,,,
bandtrim.h,identical,18abd77b103da8552f1d82c3d6d51969b41e6e8a22108b828f0cd559d94010d5,18abd77b103da8552f1d82c3d6d51969b41e6e8a22108b828f0cd559d94010d5,,,,,,,,,,
bitsOut.h,identical,332079030a2855366f6e1aa98605b924dee2881f7b4123423ffb1b95c7f90790,332079030a2855366f6e1aa98605b924dee2881f7b4123423ffb1b95c7f90790,,,bitStruct,,,,,,,
cam2cam.h,changed_declarations,933687debb14615c8fa77c7bf181ff603e9f725369a673a9b8667729000ae637,86d2da4ef1887b4b7cbcf7616aad6af4337ac323e7eecf22c2cc50d85c4e9d76,,,cam2camXform,,,,"Distance rad=p_outcam->LocalRadius();
double dec=p_outcam->Declination();
double lat=p_outcam->UniversalLatitude();
double lon=p_outcam->UniversalLongitude();
double ra=p_outcam->RightAscension();
inLine=p_incam->Line();
inSample=p_incam->Sample();","bool Xform(double&inSample,double&inLine,const double outSample,const double outLine);
cam2camXform(const int inputSamples,const int inputLines,Isis::Camera*incam,const int outputSamples,const int outputLines,Isis::Camera*outcam);
int OutputLines()const;
int OutputSamples()const;",,
cam2map.h,identical,a71f091a606c19f75f5aa298f50a1f771a80c3c3204ea17488464857147a263a,a71f091a606c19f75f5aa298f50a1f771a80c3c3204ea17488464857147a263a,,,"cam2mapForward
cam2mapReverse",,,,,,,
camdev.h,identical,4992ae730d1ea4947d237539e4f8ee97db7400f8474b2c782058fbb762fb8ffe,4992ae730d1ea4947d237539e4f8ee97db7400f8474b2c782058fbb762fb8ffe,,,,,,,,,,
caminfo.h,identical,cd87d156cd6da48527b68e62d9d22a4f8db3bcfc3a6cabd16d26704624184329,cd87d156cd6da48527b68e62d9d22a4f8db3bcfc3a6cabd16d26704624184329,,,,,,,,,,
campt.h,identical,4107d9f851e8dcb132db5036bc1d135dbeeb28a451634dc2ebed9d0663fb5c7f,4107d9f851e8dcb132db5036bc1d135dbeeb28a451634dc2ebed9d0663fb5c7f,,,,,,,,,,
camrange.h,identical,b334aee95b12baf8e45988e1ee5866df6b4dad6aa11f7e78d07b08d6933d571f,b334aee95b12baf8e45988e1ee5866df6b4dad6aa11f7e78d07b08d6933d571f,,,,,,,,,,
camstats.h,identical,2d60d9edd98161a4992a4dbc7db6a8707012a0030b227a1e78050ee71fbcd1bd,2d60d9edd98161a4992a4dbc7db6a8707012a0030b227a1e78050ee71fbcd1bd,,,,,,,,,,
chan1m32isis.h,identical,fa5dfa248de656058838e852e2572b81e84af4caf8992dd9830f35e4d66e3aca,fa5dfa248de656058838e852e2572b81e84af4caf8992dd9830f35e4d66e3aca,,,,,,,,,,
cholesky.hpp,identical,db8161c5d8ca58f8714e5bffe1116a1b19c9741b1171c708d83dd9b053eaddab,db8161c5d8ca58f8714e5bffe1116a1b19c9741b1171c708d83dd9b053eaddab,,,,,,,,,,
ciss2isis.h,identical,cd11d91a09b1262b04c1f4d08cc86b4284f1c99565c2513c6ecc83c83855a4ac,cd11d91a09b1262b04c1f4d08cc86b4284f1c99565c2513c6ecc83c83855a4ac,,,,,,,,,,
ckwriter.h,identical,31243f0d2c8df716f9967580fe1c2ef195e9f01d77308a9ed44868d5ea1771d9,31243f0d2c8df716f9967580fe1c2ef195e9f01d77308a9ed44868d5ea1771d9,,,,,,,,,,
cnetbin2pvl.h,identical,d6638dc474dcb626ef92c84d729e82f3be7d27743d0daf70105d617548f468ce,d6638dc474dcb626ef92c84d729e82f3be7d27743d0daf70105d617548f468ce,,,,,,,,,,
cnetcheck.h,identical,d1858b68324f6939a1cbb318e99e0cd7c5da53b2bd738df6fbf1d7d4629eecd4,d1858b68324f6939a1cbb318e99e0cd7c5da53b2bd738df6fbf1d7d4629eecd4,,,,,,,,,,
cnetcombinept.h,identical,610510ef6b14474b8d01696d8f0492a746a3fefd871ad106780ff624d222d26a,610510ef6b14474b8d01696d8f0492a746a3fefd871ad106780ff624d222d26a,,,,,,,,,,
cnetdiff.h,identical,4eb415e89fbb6d45c9afe574599493d51af9da73365fb3d156aecb3f625ec9bb,4eb415e89fbb6d45c9afe574599493d51af9da73365fb3d156aecb3f625ec9bb,,,,,,,,,,
cnetedit.h,identical,f5dd4f1d133af817d0144bb0ac4a540e69871ec377f54c8253f0ebdc5ec43495,f5dd4f1d133af817d0144bb0ac4a540e69871ec377f54c8253f0ebdc5ec43495,,,"ControlNet
ControlPointList
SerialNumberList",,,,,,,
cnetextract.h,identical,a171c1c7455dee7fca7449f9b6144b63cca33be2411b2d02a89b6a089abdff68,a171c1c7455dee7fca7449f9b6144b63cca33be2411b2d02a89b6a089abdff68,,,,,,,,,,
cnetpvl2bin.h,identical,3b3e7aa18b22c7aecf533ada73c981f0d801600379cfa2b65f22f72516fcad9d,3b3e7aa18b22c7aecf533ada73c981f0d801600379cfa2b65f22f72516fcad9d,,,,,,,,,,
cnetstats.h,identical,c5a9b2abcafdfbf9b23e623bdb5f68f914a76e696b2c1c57bb9fe8231e484ecf,c5a9b2abcafdfbf9b23e623bdb5f68f914a76e696b2c1c57bb9fe8231e484ecf,,,,,,,,,,
cnetthinner.h,identical,a82be36ed0b593920caae369f7bb76280be90dd423b6091083e201b57fe2b9bd,a82be36ed0b593920caae369f7bb76280be90dd423b6091083e201b57fe2b9bd,,,,,,,,,,
cnetwinnow.h,identical,4dc772aa09f9cebf5ea7cc164bba8653be0b61908747102276af2d62bccc3ed3,4dc772aa09f9cebf5ea7cc164bba8653be0b61908747102276af2d62bccc3ed3,,,,,,,,,,
crism2isis.h,identical,21fb2564e396e65b7feac4eeb623cce0b01a7b35a9fb5528e9f3761fac49fbe2,21fb2564e396e65b7feac4eeb623cce0b01a7b35a9fb5528e9f3761fac49fbe2,,,,,,,,,,
crop.h,identical,bb102fc8fd6ab91a5c720a7fdf51576de37ceb0fff2bdef91d69ae8edde2eeef,bb102fc8fd6ab91a5c720a7fdf51576de37ceb0fff2bdef91d69ae8edde2eeef,,,,,,,,,,
csminit.h,identical,2c717e44b675e2391adbb257e2ba373ebaf98a36f336a6d398780ba42a3018c0,2c717e44b675e2391adbb257e2ba373ebaf98a36f336a6d398780ba42a3018c0,,,,,,,,,,
csv2table.h,added,,64e717a019eaf636564f41f2040f6df7fba3afdafc95bcf5678ba39103ab7a18,,,,,,,"extern void csv2table(UserInterface&ui,Pvl*log=nullptr);",,,
ctxcal.h,identical,de2a3460ef4fd98e0b790072140836e01f3f66ee247f94d39089cb6419ea650f,de2a3460ef4fd98e0b790072140836e01f3f66ee247f94d39089cb6419ea650f,,,,,,,,,,
cubeatt.h,identical,194feeb800cbe5dde9362d5f38e4f5cb32cd964b946676cfd72580552bac0cca,194feeb800cbe5dde9362d5f38e4f5cb32cd964b946676cfd72580552bac0cca,,,,,,,,,,
cubeit.h,identical,3a7c0ba4f4f0570be220a27726bad37f07184a9515405353c21a81a6a5c2f10d,3a7c0ba4f4f0570be220a27726bad37f07184a9515405353c21a81a6a5c2f10d,,,,,,,,,,
dawnfc2isis.h,identical,a541b11834d57da606b8f51e434991a619dbabfda7d484b55de0d55bf33a29c8,a541b11834d57da606b8f51e434991a619dbabfda7d484b55de0d55bf33a29c8,,,,,,,,,,
decompNONE.h,identical,2eac8f2262dc23f8c39daafa6b25490ac4483d5780d9c7e28c6502c72052c97c,2eac8f2262dc23f8c39daafa6b25490ac4483d5780d9c7e28c6502c72052c97c,,,,,,,,,,
decompSYNC.h,identical,95311101efe1a0122766279665c107ca2e87ba35dc198290e243edfbd15acc2c,95311101efe1a0122766279665c107ca2e87ba35dc198290e243edfbd15acc2c,,,,,,,,,,
decompXPRED.h,identical,0d6b3979ac104753d778381ec214ad3056db111d6b26dcb0327b4600928be1a1,0d6b3979ac104753d778381ec214ad3056db111d6b26dcb0327b4600928be1a1,,,,,,,,,,
decompXPREDYPRED.h,identical,d9664a43515e7dddca2e576ddce525c26fe294bb2891986654dfa559252743e3,d9664a43515e7dddca2e576ddce525c26fe294bb2891986654dfa559252743e3,,,,,,,,,,
decompYPRED.h,identical,94605f08c0fe7f5c8bdb1c493a718841efae83fc6140ed035fe9b0070151c885,94605f08c0fe7f5c8bdb1c493a718841efae83fc6140ed035fe9b0070151c885,,,,,,,,,,
demprep.h,identical,f09b9f3fa6503fae6e4478b9104043315e9f0fe01e1ffb3bc055935dfee0a8ee,f09b9f3fa6503fae6e4478b9104043315e9f0fe01e1ffb3bc055935dfee0a8ee,,,,,,,,,,
dstripe.h,identical,8f7dbb1d5ed73a45d052312edf8b71e77518419ef3b2ab8bffa63211b5810dce,8f7dbb1d5ed73a45d052312edf8b71e77518419ef3b2ab8bffa63211b5810dce,,,,,,,,,,
eis2isis.h,identical,3ad931885a571d9dab33ec247308cab0ddf5107ca816e0d88fdaf43755c637b9,3ad931885a571d9dab33ec247308cab0ddf5107ca816e0d88fdaf43755c637b9,,,,,,,,,,
eisstitch.h,added,,a64c4e00dab697b78d9842b818129bff7a1c405e49c68fd76145802afc1203ae,,,,,,,extern void eisstitch(UserInterface&ui);,,,
encodeCoefs.static.h,identical,3d9331535a2f68902df8361b10696aec2b5b6e4a27b483a45575bb6ab75bb80d,3d9331535a2f68902df8361b10696aec2b5b6e4a27b483a45575bb6ab75bb80d,,,,,,,,,,
enlarge_app.h,identical,523b8fabe38ebc9fa77c95d9b024b390a37996c5b29bbe0bc5c3d27a03052d7a,523b8fabe38ebc9fa77c95d9b024b390a37996c5b29bbe0bc5c3d27a03052d7a,,,,,,,,,,
explode.h,identical,186cdd9585a9ff9e4dcebc5932648d463a13ca0667795dd67e589fc07f4af841,186cdd9585a9ff9e4dcebc5932648d463a13ca0667795dd67e589fc07f4af841,,,,,,,,,,
fillgap.h,identical,6e2c274726c9e2877996112219c767ee85fca3b3d87ebaf2dc400de36678725f,6e2c274726c9e2877996112219c767ee85fca3b3d87ebaf2dc400de36678725f,,,,,,,,,,
findfeatures.h,identical,87969d660df6862273fdc5ca41ed0a4069182c6ee9314bee2c6260a6e5ee2631,87969d660df6862273fdc5ca41ed0a4069182c6ee9314bee2c6260a6e5ee2631,,,,,,,,,,
findgaps.h,identical,aa19fbb0305aceef7d3dd4cc343951988b3cd7033a42f5f2d988ce9a3278f914,aa19fbb0305aceef7d3dd4cc343951988b3cd7033a42f5f2d988ce9a3278f914,,,,,,,,,,
findimageoverlaps.h,identical,ab27df3e1785814b95746488775fb9b89c2f606805814e803b09d1aa5b9c4014,ab27df3e1785814b95746488775fb9b89c2f606805814e803b09d1aa5b9c4014,,,,,,,,,,
fits2isis.h,identical,48d6b92330471168335b1448c104b6f4054ba7a8490b4d9d2ebad680835fda93,48d6b92330471168335b1448c104b6f4054ba7a8490b4d9d2ebad680835fda93,,,,,,,,,,
footprintinit.h,identical,25ab2c58b1959cc698f33621867297e01631912d984c55e2fc0d9dde1b0c36fc,25ab2c58b1959cc698f33621867297e01631912d984c55e2fc0d9dde1b0c36fc,,,,,,,,,,
framestitch.h,identical,3313ff49c17e06907fd9e282831bf59720822657122ebc72a8b31753a9a303ba,3313ff49c17e06907fd9e282831bf59720822657122ebc72a8b31753a9a303ba,,,,,,,,,,
fs.h,identical,d4cfdae0517409f9a4741419f7670ee7cd61ab967b21f4ee8b857a66a8c49480,d4cfdae0517409f9a4741419f7670ee7cd61ab967b21f4ee8b857a66a8c49480,,,,,,,,,,
gaussstretch.h,identical,84e6a4a77859d711749ce407766b2bc9771828e398742383197863cfbfa7067a,84e6a4a77859d711749ce407766b2bc9771828e398742383197863cfbfa7067a,,,,,,,,,,
getSpkAbCorrState.hpp,identical,b7223bf2305b9a713cb1a162d3d2fa40288e432a33d04a910c6b8566052840d3,b7223bf2305b9a713cb1a162d3d2fa40288e432a33d04a910c6b8566052840d3,,,,,,,,,,
getsn.h,identical,1c6ffc51a83817820a80ffd224e40a2b1d9ebe285e78ec0330ac8e732418c99d,1c6ffc51a83817820a80ffd224e40a2b1d9ebe285e78ec0330ac8e732418c99d,,,,,,,,,,
gllssical.h,identical,3f4bb65707b178751a37d67dda4d33e5c38b20b16b96f79532d9068d2c54f1e7,3f4bb65707b178751a37d67dda4d33e5c38b20b16b96f79532d9068d2c54f1e7,,,,,,,,,,
grid.h,identical,de8d709a60b2f61368750735b6c1bd31345be1e4909d80f6f051cf643a8bb0b6,de8d709a60b2f61368750735b6c1bd31345be1e4909d80f6f051cf643a8bb0b6,,,,,,,,,,
hi2isis.h,identical,2caf2887aaaec7e2247673283ca7194e0c9357e88675010a84c84a29c178160e,2caf2887aaaec7e2247673283ca7194e0c9357e88675010a84c84a29c178160e,,,,,,,,,,
hical.h,identical,cf5cda1bb262ffe4aa193515aecd34d48c858b5a33478a274cadf77b9288504c,cf5cda1bb262ffe4aa193515aecd34d48c858b5a33478a274cadf77b9288504c,,,,,,,,,,
hicolormos.h,identical,951f82183d0e87f3199fd715af47ec834c47408c3f8757e74cde6195afe186da,951f82183d0e87f3199fd715af47ec834c47408c3f8757e74cde6195afe186da,,,,,,,,,,
hicrop.h,identical,d9b7fc3db0dd57e55ef0033199f2b62a39714d3b5bc8e64118245fbcd6c8a547,d9b7fc3db0dd57e55ef0033199f2b62a39714d3b5bc8e64118245fbcd6c8a547,,,,,,,,,,
hicubeit.h,identical,c2d65c1b48c629e4bd50b93ad966643db54747fee37200c2b82dbd3d95ece528,c2d65c1b48c629e4bd50b93ad966643db54747fee37200c2b82dbd3d95ece528,,,,,,,,,,
hicubenorm.h,identical,1972bb56a5dc6523a2cf963a36e186f6af69c0635d6e2ceecee6af8cbdbb7217,1972bb56a5dc6523a2cf963a36e186f6af69c0635d6e2ceecee6af8cbdbb7217,,,,,,,,,,
hidtmgen.h,identical,c3a4455fa750cd552309ebaa0591c6eeda1872dbb9046ae7f22782c52d3fc43a,c3a4455fa750cd552309ebaa0591c6eeda1872dbb9046ae7f22782c52d3fc43a,,,,,,,,,,
himos.h,identical,544061b091bdcd48dd16f9a48eab60162c3ef77e2e689e90dd0c6845eb2cba12,544061b091bdcd48dd16f9a48eab60162c3ef77e2e689e90dd0c6845eb2cba12,,,,,,,,,,
hist.h,identical,9c10c87ccf745cbf27ba2d8aff73e34e4d96855d04e800fa23de6078b33f03e1,9c10c87ccf745cbf27ba2d8aff73e34e4d96855d04e800fa23de6078b33f03e1,,,,,,,,,,
hrsc2isis.h,identical,67645f453ba8decf64795e70c5ec39b32b9378e8acd11b4113c6ed0ce4077925,67645f453ba8decf64795e70c5ec39b32b9378e8acd11b4113c6ed0ce4077925,,,,,,,,,,
hyb2onc2isis.h,identical,fca5d14190934a98d4851f5a885745ac9ecd6e019d8addb32584689b48197041,fca5d14190934a98d4851f5a885745ac9ecd6e019d8addb32584689b48197041,,,,,,,,,,
iTime.h,identical,6063dc85b37e9eca61827b7d08825d1c55e92fc97e5cbdf92216c1ecd8400087,6063dc85b37e9eca61827b7d08825d1c55e92fc97e5cbdf92216c1ecd8400087,,,"QString
iTime",,,,,,,
image_io.h,identical,9d6ccda86a963bba8835131c2930750245031d12a164a83f7958eecc75072e95,9d6ccda86a963bba8835131c2930750245031d12a164a83f7958eecc75072e95,,,image_header,,,,,,,
importUtils.h,identical,4d68de5052023028542e41b5e2f99e579f479ceb48f2414d32c5a1cef30d77ae,4d68de5052023028542e41b5e2f99e579f479ceb48f2414d32c5a1cef30d77ae,,,,,,,,,,
initBlock.h,identical,5c769fcb81a949834cc48202743fc5da67809ed6a53c5b87aed23f540842b1ae,5c769fcb81a949834cc48202743fc5da67809ed6a53c5b87aed23f540842b1ae,,,bittree,,,,,,,
invFdct16x16.h,identical,7a0ddfdeba002c086ff6f1a35b98acb8e823beab6ca31a1f5221608c33a469e5,7a0ddfdeba002c086ff6f1a35b98acb8e823beab6ca31a1f5221608c33a469e5,,,,,,,,,,
invFwht16x16.h,identical,f4a5e6746143674a6e25fb5820822321567fe169c46a2603111c5a7acd468c57,f4a5e6746143674a6e25fb5820822321567fe169c46a2603111c5a7acd468c57,,,,,,,,,,
isis2ascii.h,identical,cf6f1b25c2d1f1748b81ca5c7e2dba924d04ab8eb432d93b984abc58eabfa234,cf6f1b25c2d1f1748b81ca5c7e2dba924d04ab8eb432d93b984abc58eabfa234,,,,,,,,,,
isis2pds.h,identical,0c739b639fd957ff3af3c004a3b9b18453e0081eb3dd00d536b8c9b83d2f117d,0c739b639fd957ff3af3c004a3b9b18453e0081eb3dd00d536b8c9b83d2f117d,,,,,,,,,,
isis2std.h,identical,00d51769be98ecbb59ce241e56af37b7faca5716384f2a9d71ccce032955eda3,00d51769be98ecbb59ce241e56af37b7faca5716384f2a9d71ccce032955eda3,,,,,,,,,,
isisdataeval.h,identical,e47e943237e1036a106c00ac8cce51ff95d8de6dac7c7c8314d9626184e3c9f0,e47e943237e1036a106c00ac8cce51ff95d8de6dac7c7c8314d9626184e3c9f0,,,,,,,,,,
isisexport.h,identical,594e008ebe234ee4d938965781d36211bfb372122df77c81c7eb6d121e5d56ee,594e008ebe234ee4d938965781d36211bfb372122df77c81c7eb6d121e5d56ee,,,,,,,,,,
isisimport.h,identical,90b7231a24bac530dab34bcab72944e34ceb5f5812adfe9a602d60ddaf84c2b6,90b7231a24bac530dab34bcab72944e34ceb5f5812adfe9a602d60ddaf84c2b6,,,,,,,,,,
isisminer.h,identical,f9e43984e951c9c4644af14e4edc7159dcadd72de7fb33215bad2a329534b569,f9e43984e951c9c4644af14e4edc7159dcadd72de7fb33215bad2a329534b569,,,,,,,,,,
jigsaw.h,identical,83066b75f9f94aa292b201bc37473235e6187b373b556996d0329965f99d14f5,83066b75f9f94aa292b201bc37473235e6187b373b556996d0329965f99d14f5,,,,,,,,,,
jitterfit.h,identical,465c38f1ec92442a296f6f1850e920f871cbf7c695290167db6bd7d9053ca839,465c38f1ec92442a296f6f1850e920f871cbf7c695290167db6bd7d9053ca839,,,,,,,,,,
jpeg_c.h,identical,b993b8289b596d3ae8e2d48fb7ffbd8c0e29b938b255b52ec203a1518b7afee9,b993b8289b596d3ae8e2d48fb7ffbd8c0e29b938b255b52ec203a1518b7afee9,,,"BitStreamDef
ByteStreamDef",,,FmodeDef,,,,
kaguyami2isis.h,identical,14c07404315ab561a37a9f12bb59fe8d61b71dacab102cea2886abf32dd02d69,14c07404315ab561a37a9f12bb59fe8d61b71dacab102cea2886abf32dd02d69,,,,,,,,,,
kaguyatc2isis.h,identical,db94152ac00e82d36c43c83ecc440c944fc90c193576f60c37550b88f3001128,db94152ac00e82d36c43c83ecc440c944fc90c193576f60c37550b88f3001128,,,,,,,,,,
kerneldbgen.h,identical,6a84a2a5beb67972e27f738eb9c1d0538aa71d67398727cc129317a2eeab5f18,6a84a2a5beb67972e27f738eb9c1d0538aa71d67398727cc129317a2eeab5f18,,,,,,,,,,
leisa2isis.h,identical,d727ab9d7b1ba31f4257e3f7d7b0fbc8a3d11ab4f18b45b7e1c9fc466a1e6df7,d727ab9d7b1ba31f4257e3f7d7b0fbc8a3d11ab4f18b45b7e1c9fc466a1e6df7,,,,,,,,,,
lo2isis.h,identical,aa4bd51934e7189e31ed0288faf3f72287b7dcf9b4136c30f63f791e3a5e1181,aa4bd51934e7189e31ed0288faf3f72287b7dcf9b4136c30f63f791e3a5e1181,,,,,,,,,,
lorri2isis.h,identical,39d862102bd98ffb3a2f7b9452996969508cc360e0c21e4866541b9f6689bf1e,39d862102bd98ffb3a2f7b9452996969508cc360e0c21e4866541b9f6689bf1e,,,,,,,,,,
lrolola2isis.h,identical,67c1559f8f03d57321a0b3dbd936e86f3b21c8f1b426c2d64f0d3a2e481b16a0,67c1559f8f03d57321a0b3dbd936e86f3b21c8f1b426c2d64f0d3a2e481b16a0,,,,,,,,,,
lronac2isis.h,identical,3444020f9ccf0f993f9885da6e487de173354f952cf2604b86d9b502558818b4,3444020f9ccf0f993f9885da6e487de173354f952cf2604b86d9b502558818b4,,,,,,,,,,
lronac2pds.h,identical,a6dca868cdb4f982d1d8034eca701a0f136a4556b605c5f7005e934aa237566e,a6dca868cdb4f982d1d8034eca701a0f136a4556b605c5f7005e934aa237566e,,,,,,,,,,
lronaccal.h,identical,07e9b8c38a2458a8925f74f3d3d1c35e871a56c249f65fc997210d361c36c582,07e9b8c38a2458a8925f74f3d3d1c35e871a56c249f65fc997210d361c36c582,,,,,,,,,,
lronacpho.h,identical,fcf6ff706d6a8bc1d964eb4daaa0fb517a8260444e1320ceef61409416108dea,fcf6ff706d6a8bc1d964eb4daaa0fb517a8260444e1320ceef61409416108dea,,,,,,,,,,
lrowac2isis.h,identical,8ed99f6f4e1c4cf7e1e8c8a5531a57da44b24523d115f35d0e803d7e1a84c9ae,8ed99f6f4e1c4cf7e1e8c8a5531a57da44b24523d115f35d0e803d7e1a84c9ae,,,,,,,,,,
lrowac2pds.h,identical,0ee47ad555a21185915767eb18f04bbe6c5641929928f6df52d92862d1257f08,0ee47ad555a21185915767eb18f04bbe6c5641929928f6df52d92862d1257f08,,,,,,,,,,
lrowaccal.h,identical,6242c47b0333e75a6336aa610d359eac1f3ed2664b7d23b03e2b9ef3c90ddb25,6242c47b0333e75a6336aa610d359eac1f3ed2664b7d23b03e2b9ef3c90ddb25,,,,,,,,,,
lrowacphomap.h,identical,8f88ee15df361567bdbac02cce17d65fed131e680382eafa0352ab11dc97f062,8f88ee15df361567bdbac02cce17d65fed131e680382eafa0352ab11dc97f062,,,,,,,,,,
map2cam.h,identical,4bed58bdb3d754d6ebb47a804a7bb86b3b3c7eddb84842197c0703ba9edf31ff,4bed58bdb3d754d6ebb47a804a7bb86b3b3c7eddb84842197c0703ba9edf31ff,,,map2cam,,,,,,,
map2map.h,identical,aff4cf15dc54b937d50b57edcd7c4d6e41a250fef34116c49888833532076137,aff4cf15dc54b937d50b57edcd7c4d6e41a250fef34116c49888833532076137,,,Map2map,,,,,,,
mapmos.h,identical,1f7b44266ff1651b0aa4b3fd46750ae76dbab21809f8d408d1f12739344db856,1f7b44266ff1651b0aa4b3fd46750ae76dbab21809f8d408d1f12739344db856,,,,,,,,,,
mappt.h,identical,e92ebae47286c403ac931aa0a5aca4a2a41900134234c4f61f007405ee875ae0,e92ebae47286c403ac931aa0a5aca4a2a41900134234c4f61f007405ee875ae0,,,,,,,,,,
maptrim.h,identical,bb9c7a157db139e798d63fba9d98bd438f64b046af4ec6a0ae8110ddc379a355,bb9c7a157db139e798d63fba9d98bd438f64b046af4ec6a0ae8110ddc379a355,,,,,,,,,,
marci2isis.h,identical,20ead03aac7627d1afdb6a431ba10e4ddefab3e2f20d3844033848dfb42cb044,20ead03aac7627d1afdb6a431ba10e4ddefab3e2f20d3844033848dfb42cb044,,,,,,,,,,
marcical.h,identical,c3a1bfe84ff1286790cf800649fb3d0b8e362d7a0605f02c2c71f1af987dc289,c3a1bfe84ff1286790cf800649fb3d0b8e362d7a0605f02c2c71f1af987dc289,,,,,,,,,,
marciflip.h,identical,bb5788762627f599384726e6f4857b8787c55aa1d108649ec4d7745bd053f501,bb5788762627f599384726e6f4857b8787c55aa1d108649ec4d7745bd053f501,,,,,,,,,,
md5.h,identical,789e51faed216b9795e2ffd93096249ce8322ba5dbe21310701ab041053084f0,789e51faed216b9795e2ffd93096249ce8322ba5dbe21310701ab041053084f0,,,MD5,,,,,,,
md5wrapper.h,identical,b33485cd258b27de23e967f3a11e088a1fb813d6566ab1ff56be2455804cafd6,b33485cd258b27de23e967f3a11e088a1fb813d6566ab1ff56be2455804cafd6,,,"MD5
md5wrapper",,,,,,,
mimap2isis.h,identical,d3f3cb2e09d5bd0cea2387eb826ec62768d8bc115c0760709239fc7209429be9,d3f3cb2e09d5bd0cea2387eb826ec62768d8bc115c0760709239fc7209429be9,,,,,,,,,,
moccal.h,identical,9b1227e20843d542bedc123c6b48242ee23f84f4564c6a4a79bc448a2fb01869,9b1227e20843d542bedc123c6b48242ee23f84f4564c6a4a79bc448a2fb01869,,,,,,,,,,
mocuncompresslimits.h,identical,13daf883c2065ede0f8845415886317e0bed38f64b85d15c6eb9ec75904e14d5,13daf883c2065ede0f8845415886317e0bed38f64b85d15c6eb9ec75904e14d5,,,,,,,,,,
mocxtrack.h,identical,af791054b4a4c472225f5ccf9edd1ebf6b988c5da3eea12a427d7d7e0c0549da,af791054b4a4c472225f5ccf9edd1ebf6b988c5da3eea12a427d7d7e0c0549da,,,moc_xts_table,,,,,,,
mosrange.h,identical,c18d84ee1e33f09bfc6412c7ddf22c1db3c21fe677f4b0cc624d5386d24e5308,c18d84ee1e33f09bfc6412c7ddf22c1db3c21fe677f4b0cc624d5386d24e5308,,,,,,,,,,
msdp.h,identical,8aa7be3b8b768e88e2a80cc6a819f032a589037805eb29d3a329b311205d47b1,8aa7be3b8b768e88e2a80cc6a819f032a589037805eb29d3a329b311205d47b1,,,msdp_header,,,,,,,
msi2isis.h,identical,dd4072353a0ca9e07b85b3bfe1868e9c51923e0e46fd65b03ecc3ee3a1245471,dd4072353a0ca9e07b85b3bfe1868e9c51923e0e46fd65b03ecc3ee3a1245471,,,,,,,,,,
mvic2isis.h,identical,733a1e382809fc81dd023101c0803f30f5579f27ecd44a76147bcea5c49e4730,733a1e382809fc81dd023101c0803f30f5579f27ecd44a76147bcea5c49e4730,,,,,,,,,,
nextValue.h,identical,910304d15ca672ed130d60475331daf530a0dd476c9474afc89f2ee29efb967a,910304d15ca672ed130d60475331daf530a0dd476c9474afc89f2ee29efb967a,,,,,,,,,,
nocam2map.h,identical,1ddb7aca317b502c3cda027acb286135a2ba48323bdbcfd15e5db25f0d1b39f8,1ddb7aca317b502c3cda027acb286135a2ba48323bdbcfd15e5db25f0d1b39f8,,,"Cube
LeastSquares
NoCam2Map
TProjection",,,,,,,
noproj.h,identical,fcbfeac3e7a237ccc75b65bc8be370b5a7f1779ff39d115fbd434a37acc9af0c,fcbfeac3e7a237ccc75b65bc8be370b5a7f1779ff39d115fbd434a37acc9af0c,,,,,,,,,,
noseam.h,identical,40da4c2bdffe592af459e0f368ff14359c13205c8af3ae166d082b063d29ff9d,40da4c2bdffe592af459e0f368ff14359c13205c8af3ae166d082b063d29ff9d,,,,,,,,,,
ocams2isis.h,added,,e3364f6989a3fbdfa7caf396d60b489134089a7dbfce123e846daf449666f27e,,,,,,,"extern void ocams2isis(FileName&fitsFileName,UserInterface&ui);
extern void ocams2isis(UserInterface&ui);",,,
overlapstats.h,identical,dc0b8fae59a0f7a77de25539736316f6b966c85c68055bf222c3601ed6305afd,dc0b8fae59a0f7a77de25539736316f6b966c85c68055bf222c3601ed6305afd,,,,,,,,,,
pds.h,identical,c4edafd62d1767cb476844bd012c3cf28ef384b540f8ffa2e903d967d042809f,c4edafd62d1767cb476844bd012c3cf28ef384b540f8ffa2e903d967d042809f,,,,,,,,,,
pds2isis.h,identical,44a0dba26d33e1029c66a3a86256dfff07289475b7cdccf5552fbf5e9607d5fd,44a0dba26d33e1029c66a3a86256dfff07289475b7cdccf5552fbf5e9607d5fd,,,,,,,,,,
phocube.h,identical,1f93a363efe4423d8f5174a687939530cf7bc2eb074fcb547db7514ecce62d94,1f93a363efe4423d8f5174a687939530cf7bc2eb074fcb547db7514ecce62d94,,,,,,,,,,
photomet.h,identical,2e9bde6fec6c2292b0063d0e66417d6988208157a0403e45b90dd5759128fc82,2e9bde6fec6c2292b0063d0e66417d6988208157a0403e45b90dd5759128fc82,,,,,,,,,,
photrim.h,identical,e1573a129702abe138d2423481afce960568056f07f614676e7efed9ded550c7,e1573a129702abe138d2423481afce960568056f07f614676e7efed9ded550c7,,,,,,,,,,
pixel2map.h,identical,cb0353d36399eef8db0500dd4d160c76aaf95e3b0575f38a9243d2f8042c652e,cb0353d36399eef8db0500dd4d160c76aaf95e3b0575f38a9243d2f8042c652e,,,,,,,,,,
pointreg.h,identical,029a5767f034040da3b2792cd8356b9db30d2773d7caeb8a310b2e1f0e925c23,029a5767f034040da3b2792cd8356b9db30d2773d7caeb8a310b2e1f0e925c23,,,,,,,,,,
predCompCommon.h,identical,6b38872baed1af2dd84d37eba5bd17cf25549562e7e2b34211e3ee636ed90a6e,6b38872baed1af2dd84d37eba5bd17cf25549562e7e2b34211e3ee636ed90a6e,,,,,,,,,,
predDecompCommon.h,identical,9c98816a129aaf2db90737bcff6bbb74d6d0516c76765ea020a654390f6d342a,9c98816a129aaf2db90737bcff6bbb74d6d0516c76765ea020a654390f6d342a,,,,,,,,,,
predcode.h,identical,93957d09b1b0e22b941bf76186d4eb8d298e968ce3b656196d94f98c7401c98a,93957d09b1b0e22b941bf76186d4eb8d298e968ce3b656196d94f98c7401c98a,,,,,,,,,,
predictiveDecompressor.h,identical,db3f7e441b25d6f94edc09c9e7bc8fb5e3887d59b8af21f7a487324033eac0a6,db3f7e441b25d6f94edc09c9e7bc8fb5e3887d59b8af21f7a487324033eac0a6,,,,,,,,,,
readBits.h,identical,4f00dc020806c8437ad98a0423bbdc14e7cc63e594426211b6f453131ded0d5d,4f00dc020806c8437ad98a0423bbdc14e7cc63e594426211b6f453131ded0d5d,,,bitStruct,,,,,,,
readBlock.h,identical,a38f758921f3660c8acbed44a95dfe357f7d45941cba2e790602276374d79434,a38f758921f3660c8acbed44a95dfe357f7d45941cba2e790602276374d79434,,,,,,,,,,
readCoef.h,identical,e6b6d596ab19656b1b5cad6f858ef338204ebf7d64f3d9bd1edc447b4c3bd853,e6b6d596ab19656b1b5cad6f858ef338204ebf7d64f3d9bd1edc447b4c3bd853,,,,,,,,,,
readGroups.h,identical,26bfa3cb2e64fac71e4742ff6323f13bd35f2a32dcff40753bcf37a206197559,26bfa3cb2e64fac71e4742ff6323f13bd35f2a32dcff40753bcf37a206197559,,,,,,,,,,
reduce_app.h,identical,7deaa8c1265f49f7b53186e3968a5143992c8553f3c5a7baae5650cf34b7958c,7deaa8c1265f49f7b53186e3968a5143992c8553f3c5a7baae5650cf34b7958c,,,,,,,,,,
reorder.h,identical,79ea0d97dabc028c428a462b468d9373ffbda33f42cc723c9785db12bc7a1efe,79ea0d97dabc028c428a462b468d9373ffbda33f42cc723c9785db12bc7a1efe,,,,,,,,,,
reorder.static.h,identical,49250315df12d58958fb1f47fbf22e56d82f9ce9888e33524c1ee7df93c3dd21,49250315df12d58958fb1f47fbf22e56d82f9ce9888e33524c1ee7df93c3dd21,,,,,,,,,,
restincurl.h,added,,e9cb285af8fc14e2b7bb5ccebcaca11c8d12cf85bf3a3b933e829f7f999b8f8f,"Client
CurlException
DataHandlerBase
EasyHandle
Exception
InDataHandler
Log
Options
OutDataHandler
Request
RequestBuilder
Result
Signaler
SystemException
TlsLocker
Worker
WorkerThread",,,"FdUsage
LogLevel
RequestType",,,"Build();
CRYPTO_set_id_callback((unsigned long(*)())getThreadId);
CRYPTO_set_locking_callback((void(*)())opensslLockCb);
CRYPTO_set_locking_callback(NULL);
CallCompletion(cc);
CallCompletion(result);
Clean();
Close();
Dequeue();
FD_SET(signalfd,&fdread);
FD_ZERO(&fdexcep);
FD_ZERO(&fdread);
FD_ZERO(&fdwrite);
Init();
InitMime();
Join();
Option(CURLOPT_DEBUGFUNCTION,debug_callback);
Option(CURLOPT_VERBOSE,0L);
Option(CURLOPT_VERBOSE,1L);
OutDataHandler()=default;
OutDataHandler*self=reinterpret_cast<OutDataHandler*>(userdata);
PrepareThread();
RESTINCURL_LOG(""Cleaning easy-handle ""<<handle_);
RESTINCURL_LOG(""Complete threw:""<<ex.what());
RESTINCURL_LOG(""Complete:http code:""<<result.http_response_code);
RESTINCURL_LOG(""EasyHandle created:""<<handle_);
RESTINCURL_LOG(""Exiting thread ""<<std::this_thread::get_id());
RESTINCURL_LOG(""Failed to find easy_handle in ongoing!"");
RESTINCURL_LOG(""Finishing request with easy-handle:""<<(EasyHandle::handle_t)it->second->GetEasyHandle()<<"";
RESTINCURL_LOG(""Idle timeout. Will shut down the worker-thread."");
RESTINCURL_LOG(""One time initialization of curl."");
RESTINCURL_LOG(""Preparing connect to:""<<url_);
RESTINCURL_LOG(""Starting thread ""<<std::this_thread::get_id());
RESTINCURL_LOG(""Worker:""<<ex.what());
RESTINCURL_LOG(""~Client():""<<ex.what());
RESTINCURL_LOG(handle<<"" ""<<msg);
RESTINCURL_LOG_TRACE(""Adding no entries from queue:RESTINCURL_MAX_CONNECTIONS=""<<RESTINCURL_MAX_CONNECTIONS);
RESTINCURL_LOG_TRACE(""Adding only ""<<remains<<"" of ""<<queue_.size()<<"" requests from queue:<<RESTINCURL_MAX_CONNECTIONS=""<<RESTINCURL_MAX_CONNECTIONS);
RESTINCURL_LOG_TRACE(""Adding request:""<<eh);
RESTINCURL_LOG_TRACE(""Calling curl_multi_cleanup:""<<handle_);
RESTINCURL_LOG_TRACE(""Calling select()with timeout of ""<<sleep_duration<<"" ms. Next timeout in ""<<next_timeout.count()<<"" ms. ""<<transfers_running<<"" active transfers."");
RESTINCURL_LOG_TRACE(""FD_ISSET was true:"");
RESTINCURL_LOG_TRACE(""InDataHandler address:""<<this);
RESTINCURL_LOG_TRACE(""Queuing request "");
RESTINCURL_LOG_TRACE(""Run loop:transfers_running=""<<transfersRunning<<"",do_dequeue=""<<doDequeue<<"",close_pending_=""<<close_pending_);
RESTINCURL_LOG_TRACE(""Sent ""<<out_bytes<<"" of total ""<<self->data_.size()<<"" bytes."");
RESTINCURL_LOG_TRACE(""Signal:Signaling!"");
RESTINCURL_LOG_TRACE(""Signal:Was signalled"");
RESTINCURL_LOG_TRACE(""maxfd:""<<maxfd);
RESTINCURL_LOG_TRACE(""select(""<<maxfd<<"")returned:""<<rval);
Result result(cc);
Result()=default;
Run();
SetRequestType();
Signal();
WithJson();
Worker()=default;
__android_log_write(android_priority.at(static_cast<int>(level_)),""restincurl"",msg.c_str());
assert(!abort_);
assert(!done_);
assert(!fp_);
assert(!is_built_);
assert(!mutex_.try_lock());
assert(CanSendFile());
assert(eh_);
assert(false);
assert(fp_);
assert(it !=queue_.end());
assert(m);
assert(mime_);
assert(ongoing_.size()==RESTINCURL_MAX_CONNECTIONS);
assert(req);
assert(request_);
assert(request_type_==RequestType::INVALID);
assert(request_type_==RequestType::POST_MIME);
assert(userdata);
assert(value);
auto fp=fopen(path.c_str(),""rb"");
auto handler=std::make_unique<InDataHandler<T>>(data);
auto handler=std::make_unique<OutDataHandler<T>>(std::move(data));
auto it=ongoing_.find(m->easy_handle);
auto it=queue_.begin();
auto next_timeout=std::chrono::duration_cast<std::chrono::milliseconds>(timeout - std::chrono::steady_clock::now());
auto out_bytes=std::min<size_t>(bytes,(self->data_.size()- self->sendt_bytes_));
auto remains=std::min<size_t>(RESTINCURL_MAX_CONNECTIONS - ongoing_.size(),queue_.size());
auto self=reinterpret_cast<InDataHandler*>(userdata);
auto status=pipe(pipefd_.data());
auto timeout=GetNextTimeout();
auto*part=curl_mime_addpart(mime_);
case RequestType::DELETE:curl_easy_setopt(*eh_,CURLOPT_CUSTOMREQUEST,""DELETE"");
case RequestType::GET:curl_easy_setopt(*eh_,CURLOPT_HTTPGET,1L);
case RequestType::HEAD:curl_easy_setopt(*eh_,CURLOPT_NOBODY,1L);
case RequestType::OPTIONS:curl_easy_setopt(*eh_,CURLOPT_CUSTOMREQUEST,""OPTIONS"");
case RequestType::PATCH:headers_=curl_slist_append(headers_,""Transfer-Encoding:chunked"");
case RequestType::POST:headers_=curl_slist_append(headers_,""Transfer-Encoding:chunked"");
case RequestType::POST_MIME:InitMime();
case RequestType::PUT:headers_=curl_slist_append(headers_,""Transfer-Encoding:chunked"");
close(fd);
completion_(result);
completion_=std::move(completion);
completion_=std::move(fn);
const auto mc=curl_multi_add_handle(handle_,eh);
const auto mc=curl_multi_fdset(handle_,&fdread,&fdwrite,&fdexcep,&maxfd);
const auto msg=out_.str();
const auto result=curl_easy_perform(*eh_);
const auto ret=curl_easy_setopt(eh_,opt,value);
const auto rval=select(maxfd,&fdread,&fdwrite,&fdexcep,&tv);
const auto signalfd=signal_.GetReadFd();
const auto&eh=req->GetEasyHandle();
const_cast<WorkerThread*>(this)->thread_.join();
curl_easy_cleanup(handle_);
curl_easy_getinfo(*eh_,CURLINFO_RESPONSE_CODE,&result.http_response_code);
curl_easy_setopt(*eh_,CURLOPT_CUSTOMREQUEST,""PATCH"");
curl_easy_setopt(*eh_,CURLOPT_MIMEPOST,mime_);
curl_easy_setopt(*eh_,CURLOPT_POST,1L);
curl_easy_setopt(*eh_,CURLOPT_UPLOAD,0L);
curl_easy_setopt(*eh_,CURLOPT_UPLOAD,1L);
curl_global_init(CURL_GLOBAL_DEFAULT);
curl_mime_filedata(part,path.c_str());
curl_mime_filename(part,remoteName.c_str());
curl_mime_name(part,name.empty()? ""file"":name.c_str());
curl_mime_type(part,mimeType.c_str());
curl_multi_cleanup(handle_);
curl_multi_perform(handle_,&transfers_running);
curl_multi_remove_handle(handle_,m->easy_handle);
curl_multi_setopt(handle_,CURLMOPT_MAXCONNECTS,RESTINCURL_MAX_CONNECTIONS);
curl_multi_timeout(handle_,&sleep_duration);
curl_slist_free_all(headers_);
decltype(queue_)tmp;
decltype(thread_)thd;
default:throw Exception(""Unsupported request type"" + std::to_string(static_cast<int>(request_type_)));
default_in_handler_=std::move(ptr);
default_out_handler_=std::move(ptr);
do_dequeue=signal_.WasSignalled();
fcntl(fd,F_SETFL,flags | O_NONBLOCK);
fp_=std::shared_ptr<FILE>(fp,std::fclose);
handle_t handle_=curl_easy_init();
it->second->Complete(m->data.result,m->msg);
it->second->GetEasyHandle().Close();
lock();
lock_t lock(mutex_);
long sleep_duration=std::max<long>(1,next_timeout.count());
maxfd=std::max(signalfd,maxfd)+ 1;
mime_=curl_mime_init(*eh_);
msg=curl_easy_strerror(code);
mutex_.lock();
mutex_.unlock();
ongoing_.erase(it);
ongoing_[eh]=std::move(req);
openlog(nullptr,0,LOG_USER);
options_->Set(CURLOPT_CONNECTTIMEOUT_MS,connect_timeout_);
options_->Set(CURLOPT_HTTPHEADER,request_->GetHeaders());
options_->Set(CURLOPT_INFILESIZE_LARGE,static_cast<curl_off_t>(st.st_size));
options_->Set(CURLOPT_PASSWORD,passwd.c_str());
options_->Set(CURLOPT_READDATA,&dh);
options_->Set(CURLOPT_READDATA,request_->GetSourceFp());
options_->Set(CURLOPT_READDATA,userdata);
options_->Set(CURLOPT_READFUNCTION,dh.read_callback);
options_->Set(CURLOPT_READFUNCTION,handler);
options_->Set(CURLOPT_TIMEOUT_MS,request_timeout_);
options_->Set(CURLOPT_UPLOAD,1L);
options_->Set(CURLOPT_URL,url_);
options_->Set(CURLOPT_USERNAME,name.c_str());
options_->Set(CURLOPT_WRITEDATA,&dh);
options_->Set(CURLOPT_WRITEDATA,userdata);
options_->Set(CURLOPT_WRITEFUNCTION,dh.write_callback);
options_->Set(CURLOPT_WRITEFUNCTION,handler);
options_->Set(CURLOPT_WRITEFUNCTION,write_callback);
options_->Set(opt,value);
queue_.erase(queue_.begin(),it);
queue_.push_back(std::move(req));
request_->AddFileAsMimeData(path,name,remoteName,mimeType);
request_->Execute();
request_->GetHeaders()=curl_slist_append(request_->GetHeaders(),value);
request_->OpenSourceFile(path);
request_->Prepare(request_type_,std::move(completion_));
request_->SetDefaultInHandler(std::move(handler));
request_->SetDefaultOutHandler(std::move(handler));
result.body=std::move(default_data_buffer_);
signal_.Signal();
std::copy(data,data + size,std::back_inserter(msg));
std::copy(ptr,ptr + bytes,std::back_inserter(self->data_));
std::copy(self->data_.cbegin()+ self->sendt_bytes_,self->data_.cbegin()+(self->sendt_bytes_ + out_bytes),bufptr);
std::unique_ptr<Worker>worker_=std::make_unique<Worker>();
syslog(syslog_priority.at(static_cast<int>(level_)),""%s"",msg.c_str());
thd->Join();
this->StoreData(request_->getDefaultInBuffer());
thread_.detach();
thread_.reset();
throw CurlException(""curl_multi_add_handle"",mc);
throw CurlException(""curl_multi_fdset"",mc);
throw CurlException(std::string(""Setting option "")+ std::to_string(opt),ret);
throw SystemException(""pipe"",status);
throw SystemException(""write pipe"",errno);
throw std::runtime_error(""curl_multi_init()failed"");
timeout=GetNextTimeout();
tmp.push_back(std::move(*it));
tmp=std::move(queue_);
tv.tv_usec=(sleep_duration % 1000)*1000;
unlock();
virtual ~DataHandlerBase()=default;
with result:""<<m->data.result<<"" expl:'""<<curl_easy_strerror(m->data.result)<<""';
worker_->Close();
worker_->CloseWhenFinished();
worker_->Join();
worker_.Enqueue(std::move(request_));",,,
ringsautomos.h,identical,45279c1d4a1e0a8404aa9eab9fae791a68ffdfccc658ef04d96c3cc586e22bc2,45279c1d4a1e0a8404aa9eab9fae791a68ffdfccc658ef04d96c3cc586e22bc2,,,,,,,,,,
ringscam2map.h,identical,d7fd78b93b7e69119de1b8940d0491af8ffb4632c30a3479850f8f6c51023df2,d7fd78b93b7e69119de1b8940d0491af8ffb4632c30a3479850f8f6c51023df2,,,"ringscam2mapForward
ringscam2mapReverse",,,,,,,
rotate.h,identical,db027c6165751f0b1d30e85c31b9cb1a0cad8a25ac86de5c2474ee19d0eb50e7,db027c6165751f0b1d30e85c31b9cb1a0cad8a25ac86de5c2474ee19d0eb50e7,,,Rotate,,,,,,,
segment.h,identical,8179efc4bf8d3d7712547a01a942029fc7d59ac2c91f02a5f0b413a75685109c,8179efc4bf8d3d7712547a01a942029fc7d59ac2c91f02a5f0b413a75685109c,,,,,,,,,,
shadow.h,identical,b901989fbca8c01eaaa92a5087e7107e1e2b9ae014d0325862ae7726c5a205ea,b901989fbca8c01eaaa92a5087e7107e1e2b9ae014d0325862ae7726c5a205ea,,,,,,,,,,
skypt.h,identical,aa083fbab2cc7fd1920256bc9618e7246fd9e0d08fa97d175abdca0b8c8325bd,aa083fbab2cc7fd1920256bc9618e7246fd9e0d08fa97d175abdca0b8c8325bd,,,,,,,,,,
socetlinescankeywords.h,identical,5b1b832bdc4b0d3e49a6c6dcf62ada352eacf7a31b9f2ea742d234ebaa723c5c,5b1b832bdc4b0d3e49a6c6dcf62ada352eacf7a31b9f2ea742d234ebaa723c5c,,,,,,,,,,
spiceinit.h,identical,fca00d34280afcc9d189dc5537d38f2db020e077cd380d220c9a7336bcd8dac4,fca00d34280afcc9d189dc5537d38f2db020e077cd380d220c9a7336bcd8dac4,,,,,,,,,,
spiceserver.h,identical,e6a3de86e8235b976b3727c3fda652d29e4b20edfbb03112a0cd99e5cff4cb09,e6a3de86e8235b976b3727c3fda652d29e4b20edfbb03112a0cd99e5cff4cb09,,,,,,,,,,
spkwriter.h,identical,455d4fd1a3eda4b7cdd9645775339a2d8fddfb2064b89c2c39b2e52fd108dc8a,455d4fd1a3eda4b7cdd9645775339a2d8fddfb2064b89c2c39b2e52fd108dc8a,,,,,,,,,,
staticStats.h,identical,adf3e6e5b086f91c960d676620bf32013b7f082021efda8ffa6f9cce6d2bc003,adf3e6e5b086f91c960d676620bf32013b7f082021efda8ffa6f9cce6d2bc003,,,StaticStats,,,,,,,
stats.h,identical,dd2bce06937967dcb4a67bdfad119164a5d919719c01ab4d96c91bec01bdf6b2,dd2bce06937967dcb4a67bdfad119164a5d919719c01ab4d96c91bec01bdf6b2,,,,,,,,,,
std2isis.h,identical,625e07f44e1baf261946c169a1aaede37a419429cb607acfec4d5f463b25375c,625e07f44e1baf261946c169a1aaede37a419429cb607acfec4d5f463b25375c,,,,,,,,,,
stdafx.h,identical,25f66dcc0bed2a67f24d0318261c66424d8cdbadc859572137155f70ab042b61,25f66dcc0bed2a67f24d0318261c66424d8cdbadc859572137155f70ab042b61,,,,,,,,,,
stretch_app.h,identical,60a93a4bfa1792bf8f67a55af981b3f096f87c3a817d05f7e9cf21cd581be3d7,60a93a4bfa1792bf8f67a55af981b3f096f87c3a817d05f7e9cf21cd581be3d7,,,,,,,,,,
sumspice.h,identical,8c1e4fedfb1bc062c35a6e64f83928d7b47c259ba39f787133e98399fcee58fc,8c1e4fedfb1bc062c35a6e64f83928d7b47c259ba39f787133e98399fcee58fc,,,,,,,,,,
tagcams2isis.h,identical,30c45d846c8859a934d2af9db0ab83be6fa3cc0e94d3702b94c7c046b33e1a8d,30c45d846c8859a934d2af9db0ab83be6fa3cc0e94d3702b94c7c046b33e1a8d,,,,,,,,,,
tgocassis2isis.h,identical,529abf1f3a1e7bc8672b658bae3e04e19343613b61bd80505a9e027b63e21965,529abf1f3a1e7bc8672b658bae3e04e19343613b61bd80505a9e027b63e21965,,,,,,,,,,
tgocassismos.h,identical,d372a3a271a73adbaba9e1c4d89bf56559c855662e94a4df5282457244b015d3,d372a3a271a73adbaba9e1c4d89bf56559c855662e94a4df5282457244b015d3,,,,,,,,,,
tgocassisrdrgen.h,identical,9a9e54d29b71b2ddf11790bda80b166cbc902d98f03f6f919c274ccb9f844b9b,9a9e54d29b71b2ddf11790bda80b166cbc902d98f03f6f919c274ccb9f844b9b,,,,,,,,,,
tgocassisstitch.h,identical,d08480f5a246aa850d1961591eaf76c0a0558ee39b7d3dcccde4bf09d41f9449,d08480f5a246aa850d1961591eaf76c0a0558ee39b7d3dcccde4bf09d41f9449,,,,,,,,,,
tgocassisunstitch.h,identical,f2e0dbbfa12c9606d96a542af1d7d8a2185c709843ea9d4adc4cd3167fab039d,f2e0dbbfa12c9606d96a542af1d7d8a2185c709843ea9d4adc4cd3167fab039d,,,,,,,,,,
thm2isis.h,identical,826ec00b0c81a575ffb37b830c0bd9fa8facacc489c01bfabd78048260265283,826ec00b0c81a575ffb37b830c0bd9fa8facacc489c01bfabd78048260265283,,,,,,,,,,
translate.h,identical,3dc697fdada6792d391f4f9ff7ad4f580ce2083256757c929e3cf5cbb336789c,3dc697fdada6792d391f4f9ff7ad4f580ce2083256757c929e3cf5cbb336789c,,,Translate,,,,,,,
types.h,identical,449f7735d009d71b8c0dcf6eeb692762f0484e847aae7fedeb0d60eb05105f19,449f7735d009d71b8c0dcf6eeb692762f0484e847aae7fedeb0d60eb05105f19,,,"char_complex
double_complex
float_complex
int_complex
short_complex",,,,,,,
ui_DeleteControlPointDialog.h,changed_declarations,8b69c23ece42cc89cef772c1fa18e320ba0b9a090b1df3643eb1442958d98928,2efd3160e2b6e9c86f6de73d4ad1517c29f5b871986eff01c5708fb9c724a052,,,"DeleteControlPointDialog
Ui_DeleteControlPointDialog",,,,"QObject::connect(cancelButton,&QPushButton::clicked,DeleteControlPointDialog,qOverload<>(&QDialog::reject));
QObject::connect(okButton,&QPushButton::clicked,DeleteControlPointDialog,qOverload<>(&QDialog::accept));
cancelButton->setObjectName(""cancelButton"");
deleteAllCheckBox->setObjectName(""deleteAllCheckBox"");
deletePointLayoutWidget->setObjectName(""deletePointLayoutWidget"");
fileList->setObjectName(""fileList"");
hboxLayout->setObjectName(""hboxLayout"");
hboxLayout1->setObjectName(""hboxLayout1"");
hboxLayout2->setObjectName(""hboxLayout2"");
imageLabel->setObjectName(""imageLabel"");
okButton->setObjectName(""okButton"");
orLabel->setObjectName(""orLabel"");
pointIdLabel->setObjectName(""pointIdLabel"");
pointIdValue->setObjectName(""pointIdValue"");
spacerItem1=new QSpacerItem(41,31,QSizePolicy::Policy::Expanding,QSizePolicy::Policy::Minimum);
spacerItem=new QSpacerItem(40,20,QSizePolicy::Policy::Expanding,QSizePolicy::Policy::Minimum);
vboxLayout->setObjectName(""vboxLayout"");
widget->setObjectName(""widget"");
widget1->setObjectName(""widget1"");
widget2->setObjectName(""widget2"");","QObject::connect(cancelButton,SIGNAL(clicked()),DeleteControlPointDialog,SLOT(reject()));
QObject::connect(okButton,SIGNAL(clicked()),DeleteControlPointDialog,SLOT(accept()));
cancelButton->setObjectName(QString::fromUtf8(""cancelButton""));
deleteAllCheckBox->setObjectName(QString::fromUtf8(""deleteAllCheckBox""));
deletePointLayoutWidget->setObjectName(QString::fromUtf8(""deletePointLayoutWidget""));
fileList->setObjectName(QString::fromUtf8(""fileList""));
hboxLayout->setObjectName(QString::fromUtf8(""hboxLayout""));
hboxLayout1->setObjectName(QString::fromUtf8(""hboxLayout1""));
hboxLayout2->setObjectName(QString::fromUtf8(""hboxLayout2""));
imageLabel->setObjectName(QString::fromUtf8(""imageLabel""));
okButton->setObjectName(QString::fromUtf8(""okButton""));
orLabel->setObjectName(QString::fromUtf8(""orLabel""));
pointIdLabel->setObjectName(QString::fromUtf8(""pointIdLabel""));
pointIdValue->setObjectName(QString::fromUtf8(""pointIdValue""));
spacerItem1=new QSpacerItem(41,31,QSizePolicy::Expanding,QSizePolicy::Minimum);
spacerItem=new QSpacerItem(40,20,QSizePolicy::Expanding,QSizePolicy::Minimum);
vboxLayout->setObjectName(QString::fromUtf8(""vboxLayout""));
widget->setObjectName(QString::fromUtf8(""widget""));
widget1->setObjectName(QString::fromUtf8(""widget1""));
widget2->setObjectName(QString::fromUtf8(""widget2""));",,
ui_JigsawRunWidget.h,changed_declarations,a667055dc1c6bb38630d464ea9cc8b6d23f298826859e01594a7c168105abd4b,7aecf1cf1334178f2f7af4fb9cc2c6492a0bc88d0329f82e5bbe10c537eef1a6,,,"JigsawRunWidget
Ui_JigsawRunWidget",,,,"JigsawAcceptButton->setObjectName(""JigsawAcceptButton"");
JigsawRunButton->setObjectName(""JigsawRunButton"");
JigsawSetupButton->setObjectName(""JigsawSetupButton"");
QSizePolicy sizePolicy(QSizePolicy::Policy::Expanding,QSizePolicy::Policy::Expanding);
QSizePolicy sizePolicy1(QSizePolicy::Policy::Preferred,QSizePolicy::Policy::Preferred);
QSizePolicy sizePolicy2(QSizePolicy::Policy::Expanding,QSizePolicy::Policy::Expanding);
QSizePolicy sizePolicy3(QSizePolicy::Policy::Expanding,QSizePolicy::Policy::Expanding);
detachedLabelsCheckBox->setObjectName(""detachedLabelsCheckBox"");
dockWidgetContents->setObjectName(""dockWidgetContents"");
gridLayout->setObjectName(""gridLayout"");
gridLayout_2->setObjectName(""gridLayout_2"");
groupBox->setObjectName(""groupBox"");
horizontalLayout->setObjectName(""horizontalLayout"");
horizontalLayout_2->setObjectName(""horizontalLayout_2"");
horizontalLayout_3->setObjectName(""horizontalLayout_3"");
horizontalLayout_4->setObjectName(""horizontalLayout_4"");
horizontalLayout_8->setObjectName(""horizontalLayout_8"");
horizontalSpacer=new QSpacerItem(40,20,QSizePolicy::Policy::Preferred,QSizePolicy::Policy::Minimum);
horizontalSpacer_2=new QSpacerItem(40,20,QSizePolicy::Policy::Preferred,QSizePolicy::Policy::Minimum);
icon.addFile(QString::fromUtf8(""icons/jigsaw.png""),QSize(),QIcon::Mode::Normal,QIcon::State::Off);
imagesLcdNumber->setObjectName(""imagesLcdNumber"");
iterationLabel->setObjectName(""iterationLabel"");
iterationLcdNumber->setObjectName(""iterationLcdNumber"");
label_3->setObjectName(""label_3"");
label_4->setObjectName(""label_4"");
label_5->setObjectName(""label_5"");
label_6->setObjectName(""label_6"");
label_7->setObjectName(""label_7"");
latitudeLcdNumber->setObjectName(""latitudeLcdNumber"");
longitudeLcdNumber->setObjectName(""longitudeLcdNumber"");
measuresLcdNumber->setObjectName(""measuresLcdNumber"");
pointLabel->setObjectName(""pointLabel"");
pointLcdNumber->setObjectName(""pointLcdNumber"");
pointsLcdNumber->setObjectName(""pointsLcdNumber"");
radiusLcdLabel->setObjectName(""radiusLcdLabel"");
radiusLcdNumber->setObjectName(""radiusLcdNumber"");
rmsAdjustedPointSigmasGroupBox->setObjectName(""rmsAdjustedPointSigmasGroupBox"");
scrollArea->setObjectName(""scrollArea"");
scrollAreaWidgetContents->setObjectName(""scrollAreaWidgetContents"");
statusLabel->setObjectName(""statusLabel"");
statusOutputLabel->setObjectName(""statusOutputLabel"");
statusUpdateScrollArea->setObjectName(""statusUpdateScrollArea"");
statusUpdatesLabel->setObjectName(""statusUpdatesLabel"");
useLastSettings->setObjectName(""useLastSettings"");
verticalLayout->setObjectName(""verticalLayout"");
verticalLayout_2->setObjectName(""verticalLayout_2"");
verticalLayout_3->setObjectName(""verticalLayout_3"");
verticalSpacer=new QSpacerItem(20,20,QSizePolicy::Policy::Minimum,QSizePolicy::Policy::Preferred);
verticalSpacer_2=new QSpacerItem(20,20,QSizePolicy::Policy::Minimum,QSizePolicy::Policy::Preferred);
verticalSpacer_3=new QSpacerItem(20,18,QSizePolicy::Policy::Minimum,QSizePolicy::Policy::Preferred);
verticalSpacer_4=new QSpacerItem(20,18,QSizePolicy::Policy::Minimum,QSizePolicy::Policy::Expanding);","JigsawAcceptButton->setObjectName(QString::fromUtf8(""JigsawAcceptButton""));
JigsawRunButton->setObjectName(QString::fromUtf8(""JigsawRunButton""));
JigsawSetupButton->setObjectName(QString::fromUtf8(""JigsawSetupButton""));
QSizePolicy sizePolicy(QSizePolicy::Expanding,QSizePolicy::Expanding);
QSizePolicy sizePolicy1(QSizePolicy::Preferred,QSizePolicy::Preferred);
QSizePolicy sizePolicy2(QSizePolicy::Expanding,QSizePolicy::Expanding);
QSizePolicy sizePolicy3(QSizePolicy::Expanding,QSizePolicy::Expanding);
detachedLabelsCheckBox->setObjectName(QString::fromUtf8(""detachedLabelsCheckBox""));
dockWidgetContents->setObjectName(QString::fromUtf8(""dockWidgetContents""));
gridLayout->setObjectName(QString::fromUtf8(""gridLayout""));
gridLayout_2->setObjectName(QString::fromUtf8(""gridLayout_2""));
groupBox->setObjectName(QString::fromUtf8(""groupBox""));
horizontalLayout->setObjectName(QString::fromUtf8(""horizontalLayout""));
horizontalLayout_2->setObjectName(QString::fromUtf8(""horizontalLayout_2""));
horizontalLayout_3->setObjectName(QString::fromUtf8(""horizontalLayout_3""));
horizontalLayout_4->setObjectName(QString::fromUtf8(""horizontalLayout_4""));
horizontalLayout_8->setObjectName(QString::fromUtf8(""horizontalLayout_8""));
horizontalSpacer=new QSpacerItem(40,20,QSizePolicy::Preferred,QSizePolicy::Minimum);
horizontalSpacer_2=new QSpacerItem(40,20,QSizePolicy::Preferred,QSizePolicy::Minimum);
icon.addFile(QString::fromUtf8(""icons/jigsaw.png""),QSize(),QIcon::Normal,QIcon::Off);
imagesLcdNumber->setObjectName(QString::fromUtf8(""imagesLcdNumber""));
iterationLabel->setObjectName(QString::fromUtf8(""iterationLabel""));
iterationLcdNumber->setObjectName(QString::fromUtf8(""iterationLcdNumber""));
label_3->setObjectName(QString::fromUtf8(""label_3""));
label_4->setObjectName(QString::fromUtf8(""label_4""));
label_5->setObjectName(QString::fromUtf8(""label_5""));
label_6->setObjectName(QString::fromUtf8(""label_6""));
label_7->setObjectName(QString::fromUtf8(""label_7""));
latitudeLcdNumber->setObjectName(QString::fromUtf8(""latitudeLcdNumber""));
longitudeLcdNumber->setObjectName(QString::fromUtf8(""longitudeLcdNumber""));
measuresLcdNumber->setObjectName(QString::fromUtf8(""measuresLcdNumber""));
pointLabel->setObjectName(QString::fromUtf8(""pointLabel""));
pointLcdNumber->setObjectName(QString::fromUtf8(""pointLcdNumber""));
pointsLcdNumber->setObjectName(QString::fromUtf8(""pointsLcdNumber""));
radiusLcdLabel->setObjectName(QString::fromUtf8(""radiusLcdLabel""));
radiusLcdNumber->setObjectName(QString::fromUtf8(""radiusLcdNumber""));
rmsAdjustedPointSigmasGroupBox->setObjectName(QString::fromUtf8(""rmsAdjustedPointSigmasGroupBox""));
scrollArea->setObjectName(QString::fromUtf8(""scrollArea""));
scrollAreaWidgetContents->setObjectName(QString::fromUtf8(""scrollAreaWidgetContents""));
statusLabel->setObjectName(QString::fromUtf8(""statusLabel""));
statusOutputLabel->setObjectName(QString::fromUtf8(""statusOutputLabel""));
statusUpdateScrollArea->setObjectName(QString::fromUtf8(""statusUpdateScrollArea""));
statusUpdatesLabel->setObjectName(QString::fromUtf8(""statusUpdatesLabel""));
useLastSettings->setObjectName(QString::fromUtf8(""useLastSettings""));
verticalLayout->setObjectName(QString::fromUtf8(""verticalLayout""));
verticalLayout_2->setObjectName(QString::fromUtf8(""verticalLayout_2""));
verticalLayout_3->setObjectName(QString::fromUtf8(""verticalLayout_3""));
verticalSpacer=new QSpacerItem(20,20,QSizePolicy::Minimum,QSizePolicy::Preferred);
verticalSpacer_2=new QSpacerItem(20,20,QSizePolicy::Minimum,QSizePolicy::Preferred);
verticalSpacer_3=new QSpacerItem(20,18,QSizePolicy::Minimum,QSizePolicy::Preferred);
verticalSpacer_4=new QSpacerItem(20,18,QSizePolicy::Minimum,QSizePolicy::Expanding);",,
ui_JigsawSetupDialog.h,changed_declarations,aaa1d0f22f36b0472868d425eb172ae4a838aaa8889d093b60c98a258708944e,494ac4c801c575804e4b967f2cd06cc39705b5b1276615ab8b6d596b48e81aff,,,"JigsawSetupDialog
Ui_JigsawSetupDialog",,,,"CQuantileLabel->setObjectName(""CQuantileLabel"");
JigsawSetup->setObjectName(""JigsawSetup"");
QObject::connect(okCloseButtonBox,&QDialogButtonBox::accepted,JigsawSetupDialog,qOverload<>(&QDialog::accept));
QObject::connect(okCloseButtonBox,&QDialogButtonBox::rejected,JigsawSetupDialog,qOverload<>(&QDialog::reject));
QSizePolicy sizePolicy(QSizePolicy::Policy::Expanding,QSizePolicy::Policy::Preferred);
QSizePolicy sizePolicy1(QSizePolicy::Policy::Preferred,QSizePolicy::Policy::Preferred);
QSizePolicy sizePolicy2(QSizePolicy::Policy::Expanding,QSizePolicy::Policy::Expanding);
QSizePolicy sizePolicy3(QSizePolicy::Policy::Expanding,QSizePolicy::Policy::Fixed);
QSizePolicy sizePolicy4(QSizePolicy::Policy::Expanding,QSizePolicy::Policy::Minimum);
QSizePolicy sizePolicy5(QSizePolicy::Policy::Preferred,QSizePolicy::Policy::Fixed);
QSizePolicy sizePolicy6(QSizePolicy::Policy::Minimum,QSizePolicy::Policy::Fixed);
QSizePolicy sizePolicy7(QSizePolicy::Policy::Minimum,QSizePolicy::Policy::Expanding);
aRadiusLabel->setObjectName(""aRadiusLabel"");
aRadiusLineEdit->setObjectName(""aRadiusLineEdit"");
aRadiusSigmaLineEdit->setObjectName(""aRadiusSigmaLineEdit"");
applySettingsPushButton->setObjectName(""applySettingsPushButton"");
bRadiusLabel->setObjectName(""bRadiusLabel"");
bRadiusLineEdit->setObjectName(""bRadiusLineEdit"");
bRadiusSigmaLineEdit->setObjectName(""bRadiusSigmaLineEdit"");
cRadiusLabel->setObjectName(""cRadiusLabel"");
cRadiusLineEdit->setObjectName(""cRadiusLineEdit"");
cRadiusSigmaLineEdit->setObjectName(""cRadiusSigmaLineEdit"");
ckDegreeLabel->setObjectName(""ckDegreeLabel"");
ckDegreeSpinBox->setObjectName(""ckDegreeSpinBox"");
ckSolveDegreeLabel->setObjectName(""ckSolveDegreeLabel"");
ckSolveDegreeSpinBox->setObjectName(""ckSolveDegreeSpinBox"");
declinationLineEdit->setObjectName(""declinationLineEdit"");
declinationSigmaLineEdit->setObjectName(""declinationSigmaLineEdit"");
declinationVelocityLineEdit->setObjectName(""declinationVelocityLineEdit"");
declinationVelocitySigmaLineEdit->setObjectName(""declinationVelocitySigmaLineEdit"");
errorPropagationCheckBox->setObjectName(""errorPropagationCheckBox"");
fitOverPointingCheckBox->setObjectName(""fitOverPointingCheckBox"");
generalSettingsTab->setObjectName(""generalSettingsTab"");
gridLayout->setObjectName(""gridLayout"");
gridLayout_10->setObjectName(""gridLayout_10"");
gridLayout_11->setObjectName(""gridLayout_11"");
gridLayout_12->setObjectName(""gridLayout_12"");
gridLayout_13->setObjectName(""gridLayout_13"");
gridLayout_14->setObjectName(""gridLayout_14"");
gridLayout_17->setObjectName(""gridLayout_17"");
gridLayout_2->setObjectName(""gridLayout_2"");
gridLayout_4->setObjectName(""gridLayout_4"");
gridLayout_5->setObjectName(""gridLayout_5"");
gridLayout_6->setObjectName(""gridLayout_6"");
gridLayout_8->setObjectName(""gridLayout_8"");
gridLayout_9->setObjectName(""gridLayout_9"");
groupBox->setObjectName(""groupBox"");
groupBox_2->setObjectName(""groupBox_2"");
groupBox_3->setObjectName(""groupBox_3"");
groupBox_4->setObjectName(""groupBox_4"");
groupBox_5->setObjectName(""groupBox_5"");
groupBox_6->setObjectName(""groupBox_6"");
groupBox_7->setObjectName(""groupBox_7"");
groupBox_8->setObjectName(""groupBox_8"");
hermiteSplineCheckBox->setObjectName(""hermiteSplineCheckBox"");
horizontalLayout->setObjectName(""horizontalLayout"");
horizontalLayout_3->setObjectName(""horizontalLayout_3"");
horizontalLayout_4->setObjectName(""horizontalLayout_4"");
horizontalLayout_7->setObjectName(""horizontalLayout_7"");
horizontalSpacer=new QSpacerItem(40,20,QSizePolicy::Policy::Expanding,QSizePolicy::Policy::Minimum);
horizontalSpacer_2=new QSpacerItem(50,20,QSizePolicy::Policy::Preferred,QSizePolicy::Policy::Minimum);
horizontalSpacer_3=new QSpacerItem(10,20,QSizePolicy::Policy::Expanding,QSizePolicy::Policy::Minimum);
horizontalSpacer_4=new QSpacerItem(10,20,QSizePolicy::Policy::Expanding,QSizePolicy::Policy::Minimum);
horizontalSpacer_5=new QSpacerItem(10,20,QSizePolicy::Policy::Expanding,QSizePolicy::Policy::Minimum);
horizontalSpacer_6=new QSpacerItem(10,20,QSizePolicy::Policy::Expanding,QSizePolicy::Policy::Minimum);
horizontalSpacer_7=new QSpacerItem(40,20,QSizePolicy::Policy::Expanding,QSizePolicy::Policy::Minimum);
icon.addFile(QString::fromUtf8(""icons/settings.png""),QSize(),QIcon::Mode::Normal,QIcon::State::Off);
inputControlNetCombo->setObjectName(""inputControlNetCombo"");
inputControlNetLabel->setObjectName(""inputControlNetLabel"");
label->setObjectName(""label"");
label_2->setObjectName(""label_2"");
label_3->setObjectName(""label_3"");
label_4->setObjectName(""label_4"");
label_5->setObjectName(""label_5"");
layoutWidget->setObjectName(""layoutWidget"");
maxLikelihoodEstimationLabel->setObjectName(""maxLikelihoodEstimationLabel"");
maximumIterationsLabel->setObjectName(""maximumIterationsLabel"");
maximumIterationsLineEdit->setObjectName(""maximumIterationsLineEdit"");
maximumLikelihoodModel1ComboBox->setObjectName(""maximumLikelihoodModel1ComboBox"");
maximumLikelihoodModel1Label->setObjectName(""maximumLikelihoodModel1Label"");
maximumLikelihoodModel1QuantileLineEdit->setObjectName(""maximumLikelihoodModel1QuantileLineEdit"");
maximumLikelihoodModel2ComboBox->setObjectName(""maximumLikelihoodModel2ComboBox"");
maximumLikelihoodModel2Label->setObjectName(""maximumLikelihoodModel2Label"");
maximumLikelihoodModel2QuantileLineEdit->setObjectName(""maximumLikelihoodModel2QuantileLineEdit"");
maximumLikelihoodModel3ComboBox->setObjectName(""maximumLikelihoodModel3ComboBox"");
maximumLikelihoodModel3Label->setObjectName(""maximumLikelihoodModel3Label"");
maximumLikelihoodModel3QuantileLineEdit->setObjectName(""maximumLikelihoodModel3QuantileLineEdit"");
meanRadiusLineEdit->setObjectName(""meanRadiusLineEdit"");
meanRadiusRadioButton->setObjectName(""meanRadiusRadioButton"");
meanRadiusSigmaLineEdit->setObjectName(""meanRadiusSigmaLineEdit"");
noneRadiiRadioButton->setObjectName(""noneRadiiRadioButton"");
observationModeCheckBox->setObjectName(""observationModeCheckBox"");
observationSolveSettingsTab->setObjectName(""observationSolveSettingsTab"");
okCloseButtonBox->setObjectName(""okCloseButtonBox"");
outlierRejectionCheckBox->setObjectName(""outlierRejectionCheckBox"");
outlierRejectionMultiplierLineEdit->setObjectName(""outlierRejectionMultiplierLineEdit"");
outputControlNetLabel->setObjectName(""outputControlNetLabel"");
outputControlNetLineEdit->setObjectName(""outputControlNetLineEdit"");
pointLatitudeSigmaLabel->setObjectName(""pointLatitudeSigmaLabel"");
pointLatitudeSigmaLineEdit->setObjectName(""pointLatitudeSigmaLineEdit"");
pointLongitudeSigmaLabel->setObjectName(""pointLongitudeSigmaLabel"");
pointLongitudeSigmaLineEdit->setObjectName(""pointLongitudeSigmaLineEdit"");
pointRadiusSigmaCheckBox->setObjectName(""pointRadiusSigmaCheckBox"");
pointRadiusSigmaLineEdit->setObjectName(""pointRadiusSigmaLineEdit"");
pointingAprioriSigmaTable->setObjectName(""pointingAprioriSigmaTable"");
pointingComboBox->setObjectName(""pointingComboBox"");
poleDecCheckBox->setObjectName(""poleDecCheckBox"");
poleDecVelocityCheckBox->setObjectName(""poleDecVelocityCheckBox"");
poleRaCheckBox->setObjectName(""poleRaCheckBox"");
poleRaVelocityCheckBox->setObjectName(""poleRaVelocityCheckBox"");
positionAprioriSigmaTable->setObjectName(""positionAprioriSigmaTable"");
positionComboBox->setObjectName(""positionComboBox"");
primeMeridianOffsetCheckBox->setObjectName(""primeMeridianOffsetCheckBox"");
primeMeridianOffsetLineEdit->setObjectName(""primeMeridianOffsetLineEdit"");
primeMeridianOffsetSigmaLineEdit->setObjectName(""primeMeridianOffsetSigmaLineEdit"");
radiiButtonGroup->setObjectName(""radiiButtonGroup"");
radiiGroupBox->setObjectName(""radiiGroupBox"");
rightAscensionLineEdit->setObjectName(""rightAscensionLineEdit"");
rightAscensionSigmaLineEdit->setObjectName(""rightAscensionSigmaLineEdit"");
rightAscensionVelocityLineEdit->setObjectName(""rightAscensionVelocityLineEdit"");
rightAscensionVelocitySigmaLineEdit->setObjectName(""rightAscensionVelocitySigmaLineEdit"");
sigma0ThresholdLabel->setObjectName(""sigma0ThresholdLabel"");
sigma0ThresholdLineEdit->setObjectName(""sigma0ThresholdLineEdit"");
sigmaLabel->setObjectName(""sigmaLabel"");
spinRateCheckBox->setObjectName(""spinRateCheckBox"");
spinRateLineEdit->setObjectName(""spinRateLineEdit"");
spinRateSigmaLineEdit->setObjectName(""spinRateSigmaLineEdit"");
spkDegreeLabel->setObjectName(""spkDegreeLabel"");
spkDegreeSpinBox->setObjectName(""spkDegreeSpinBox"");
spkSolveDegreeLabel->setObjectName(""spkSolveDegreeLabel"");
spkSolveDegreeSpinBox->setObjectName(""spkSolveDegreeSpinBox"");
targetBodyComboBox->setObjectName(""targetBodyComboBox"");
targetBodyTab->setObjectName(""targetBodyTab"");
targetLabel->setObjectName(""targetLabel"");
targetParametersGroupBox->setObjectName(""targetParametersGroupBox"");
targetParametersMessage->setObjectName(""targetParametersMessage"");
treeView->setObjectName(""treeView"");
triaxialRadiiRadioButton->setObjectName(""triaxialRadiiRadioButton"");
twistCheckBox->setObjectName(""twistCheckBox"");
valueLabel->setObjectName(""valueLabel"");
verticalLayout->setObjectName(""verticalLayout"");
verticalLayout_2->setObjectName(""verticalLayout_2"");
verticalLayout_3->setObjectName(""verticalLayout_3"");
verticalLayout_4->setObjectName(""verticalLayout_4"");
verticalLayout_6->setObjectName(""verticalLayout_6"");
verticalLayout_7->setObjectName(""verticalLayout_7"");
verticalLayout_8->setObjectName(""verticalLayout_8"");
verticalSpacer=new QSpacerItem(20,40,QSizePolicy::Policy::Minimum,QSizePolicy::Policy::Expanding);
verticalSpacer_2=new QSpacerItem(20,40,QSizePolicy::Policy::Minimum,QSizePolicy::Policy::Expanding);
verticalSpacer_3=new QSpacerItem(20,50,QSizePolicy::Policy::Minimum,QSizePolicy::Policy::Expanding);
verticalSpacer_4=new QSpacerItem(20,50,QSizePolicy::Policy::Minimum,QSizePolicy::Policy::Expanding);
verticalSpacer_5=new QSpacerItem(20,50,QSizePolicy::Policy::Minimum,QSizePolicy::Policy::Preferred);","CQuantileLabel->setObjectName(QString::fromUtf8(""CQuantileLabel""));
JigsawSetup->setObjectName(QString::fromUtf8(""JigsawSetup""));
QObject::connect(okCloseButtonBox,SIGNAL(accepted()),JigsawSetupDialog,SLOT(accept()));
QObject::connect(okCloseButtonBox,SIGNAL(rejected()),JigsawSetupDialog,SLOT(reject()));
QSizePolicy sizePolicy(QSizePolicy::Expanding,QSizePolicy::Preferred);
QSizePolicy sizePolicy1(QSizePolicy::Preferred,QSizePolicy::Preferred);
QSizePolicy sizePolicy2(QSizePolicy::Expanding,QSizePolicy::Expanding);
QSizePolicy sizePolicy3(QSizePolicy::Expanding,QSizePolicy::Fixed);
QSizePolicy sizePolicy4(QSizePolicy::Expanding,QSizePolicy::Minimum);
QSizePolicy sizePolicy5(QSizePolicy::Preferred,QSizePolicy::Fixed);
QSizePolicy sizePolicy6(QSizePolicy::Minimum,QSizePolicy::Fixed);
QSizePolicy sizePolicy7(QSizePolicy::Minimum,QSizePolicy::Expanding);
aRadiusLabel->setObjectName(QString::fromUtf8(""aRadiusLabel""));
aRadiusLineEdit->setObjectName(QString::fromUtf8(""aRadiusLineEdit""));
aRadiusSigmaLineEdit->setObjectName(QString::fromUtf8(""aRadiusSigmaLineEdit""));
applySettingsPushButton->setObjectName(QString::fromUtf8(""applySettingsPushButton""));
bRadiusLabel->setObjectName(QString::fromUtf8(""bRadiusLabel""));
bRadiusLineEdit->setObjectName(QString::fromUtf8(""bRadiusLineEdit""));
bRadiusSigmaLineEdit->setObjectName(QString::fromUtf8(""bRadiusSigmaLineEdit""));
cRadiusLabel->setObjectName(QString::fromUtf8(""cRadiusLabel""));
cRadiusLineEdit->setObjectName(QString::fromUtf8(""cRadiusLineEdit""));
cRadiusSigmaLineEdit->setObjectName(QString::fromUtf8(""cRadiusSigmaLineEdit""));
ckDegreeLabel->setObjectName(QString::fromUtf8(""ckDegreeLabel""));
ckDegreeSpinBox->setObjectName(QString::fromUtf8(""ckDegreeSpinBox""));
ckSolveDegreeLabel->setObjectName(QString::fromUtf8(""ckSolveDegreeLabel""));
ckSolveDegreeSpinBox->setObjectName(QString::fromUtf8(""ckSolveDegreeSpinBox""));
declinationLineEdit->setObjectName(QString::fromUtf8(""declinationLineEdit""));
declinationSigmaLineEdit->setObjectName(QString::fromUtf8(""declinationSigmaLineEdit""));
declinationVelocityLineEdit->setObjectName(QString::fromUtf8(""declinationVelocityLineEdit""));
declinationVelocitySigmaLineEdit->setObjectName(QString::fromUtf8(""declinationVelocitySigmaLineEdit""));
errorPropagationCheckBox->setObjectName(QString::fromUtf8(""errorPropagationCheckBox""));
fitOverPointingCheckBox->setObjectName(QString::fromUtf8(""fitOverPointingCheckBox""));
font.setWeight(75);
font1.setWeight(75);
font2.setWeight(50);
generalSettingsTab->setObjectName(QString::fromUtf8(""generalSettingsTab""));
gridLayout->setObjectName(QString::fromUtf8(""gridLayout""));
gridLayout_10->setObjectName(QString::fromUtf8(""gridLayout_10""));
gridLayout_11->setObjectName(QString::fromUtf8(""gridLayout_11""));
gridLayout_12->setObjectName(QString::fromUtf8(""gridLayout_12""));
gridLayout_13->setObjectName(QString::fromUtf8(""gridLayout_13""));
gridLayout_14->setObjectName(QString::fromUtf8(""gridLayout_14""));
gridLayout_17->setObjectName(QString::fromUtf8(""gridLayout_17""));
gridLayout_2->setObjectName(QString::fromUtf8(""gridLayout_2""));
gridLayout_4->setObjectName(QString::fromUtf8(""gridLayout_4""));
gridLayout_5->setObjectName(QString::fromUtf8(""gridLayout_5""));
gridLayout_6->setObjectName(QString::fromUtf8(""gridLayout_6""));
gridLayout_8->setObjectName(QString::fromUtf8(""gridLayout_8""));
gridLayout_9->setObjectName(QString::fromUtf8(""gridLayout_9""));
groupBox->setObjectName(QString::fromUtf8(""groupBox""));
groupBox_2->setObjectName(QString::fromUtf8(""groupBox_2""));
groupBox_3->setObjectName(QString::fromUtf8(""groupBox_3""));
groupBox_4->setObjectName(QString::fromUtf8(""groupBox_4""));
groupBox_5->setObjectName(QString::fromUtf8(""groupBox_5""));
groupBox_6->setObjectName(QString::fromUtf8(""groupBox_6""));
groupBox_7->setObjectName(QString::fromUtf8(""groupBox_7""));
groupBox_8->setObjectName(QString::fromUtf8(""groupBox_8""));
hermiteSplineCheckBox->setObjectName(QString::fromUtf8(""hermiteSplineCheckBox""));
horizontalLayout->setObjectName(QString::fromUtf8(""horizontalLayout""));
horizontalLayout_3->setObjectName(QString::fromUtf8(""horizontalLayout_3""));
horizontalLayout_4->setObjectName(QString::fromUtf8(""horizontalLayout_4""));
horizontalLayout_7->setObjectName(QString::fromUtf8(""horizontalLayout_7""));
horizontalSpacer=new QSpacerItem(40,20,QSizePolicy::Expanding,QSizePolicy::Minimum);
horizontalSpacer_2=new QSpacerItem(50,20,QSizePolicy::Preferred,QSizePolicy::Minimum);
horizontalSpacer_3=new QSpacerItem(10,20,QSizePolicy::Expanding,QSizePolicy::Minimum);
horizontalSpacer_4=new QSpacerItem(10,20,QSizePolicy::Expanding,QSizePolicy::Minimum);
horizontalSpacer_5=new QSpacerItem(10,20,QSizePolicy::Expanding,QSizePolicy::Minimum);
horizontalSpacer_6=new QSpacerItem(10,20,QSizePolicy::Expanding,QSizePolicy::Minimum);
horizontalSpacer_7=new QSpacerItem(40,20,QSizePolicy::Expanding,QSizePolicy::Minimum);
icon.addFile(QString::fromUtf8(""icons/settings.png""),QSize(),QIcon::Normal,QIcon::Off);
inputControlNetCombo->setObjectName(QString::fromUtf8(""inputControlNetCombo""));
inputControlNetLabel->setObjectName(QString::fromUtf8(""inputControlNetLabel""));
label->setObjectName(QString::fromUtf8(""label""));
label_2->setObjectName(QString::fromUtf8(""label_2""));
label_3->setObjectName(QString::fromUtf8(""label_3""));
label_4->setObjectName(QString::fromUtf8(""label_4""));
label_5->setObjectName(QString::fromUtf8(""label_5""));
layoutWidget->setObjectName(QString::fromUtf8(""layoutWidget""));
maxLikelihoodEstimationLabel->setObjectName(QString::fromUtf8(""maxLikelihoodEstimationLabel""));
maximumIterationsLabel->setObjectName(QString::fromUtf8(""maximumIterationsLabel""));
maximumIterationsLineEdit->setObjectName(QString::fromUtf8(""maximumIterationsLineEdit""));
maximumLikelihoodModel1ComboBox->setObjectName(QString::fromUtf8(""maximumLikelihoodModel1ComboBox""));
maximumLikelihoodModel1Label->setObjectName(QString::fromUtf8(""maximumLikelihoodModel1Label""));
maximumLikelihoodModel1QuantileLineEdit->setObjectName(QString::fromUtf8(""maximumLikelihoodModel1QuantileLineEdit""));
maximumLikelihoodModel2ComboBox->setObjectName(QString::fromUtf8(""maximumLikelihoodModel2ComboBox""));
maximumLikelihoodModel2Label->setObjectName(QString::fromUtf8(""maximumLikelihoodModel2Label""));
maximumLikelihoodModel2QuantileLineEdit->setObjectName(QString::fromUtf8(""maximumLikelihoodModel2QuantileLineEdit""));
maximumLikelihoodModel3ComboBox->setObjectName(QString::fromUtf8(""maximumLikelihoodModel3ComboBox""));
maximumLikelihoodModel3Label->setObjectName(QString::fromUtf8(""maximumLikelihoodModel3Label""));
maximumLikelihoodModel3QuantileLineEdit->setObjectName(QString::fromUtf8(""maximumLikelihoodModel3QuantileLineEdit""));
meanRadiusLineEdit->setObjectName(QString::fromUtf8(""meanRadiusLineEdit""));
meanRadiusRadioButton->setObjectName(QString::fromUtf8(""meanRadiusRadioButton""));
meanRadiusSigmaLineEdit->setObjectName(QString::fromUtf8(""meanRadiusSigmaLineEdit""));
noneRadiiRadioButton->setObjectName(QString::fromUtf8(""noneRadiiRadioButton""));
observationModeCheckBox->setObjectName(QString::fromUtf8(""observationModeCheckBox""));
observationSolveSettingsTab->setObjectName(QString::fromUtf8(""observationSolveSettingsTab""));
okCloseButtonBox->setObjectName(QString::fromUtf8(""okCloseButtonBox""));
outlierRejectionCheckBox->setObjectName(QString::fromUtf8(""outlierRejectionCheckBox""));
outlierRejectionMultiplierLineEdit->setObjectName(QString::fromUtf8(""outlierRejectionMultiplierLineEdit""));
outputControlNetLabel->setObjectName(QString::fromUtf8(""outputControlNetLabel""));
outputControlNetLineEdit->setObjectName(QString::fromUtf8(""outputControlNetLineEdit""));
pointLatitudeSigmaLabel->setObjectName(QString::fromUtf8(""pointLatitudeSigmaLabel""));
pointLatitudeSigmaLineEdit->setObjectName(QString::fromUtf8(""pointLatitudeSigmaLineEdit""));
pointLongitudeSigmaLabel->setObjectName(QString::fromUtf8(""pointLongitudeSigmaLabel""));
pointLongitudeSigmaLineEdit->setObjectName(QString::fromUtf8(""pointLongitudeSigmaLineEdit""));
pointRadiusSigmaCheckBox->setObjectName(QString::fromUtf8(""pointRadiusSigmaCheckBox""));
pointRadiusSigmaLineEdit->setObjectName(QString::fromUtf8(""pointRadiusSigmaLineEdit""));
pointingAprioriSigmaTable->setObjectName(QString::fromUtf8(""pointingAprioriSigmaTable""));
pointingComboBox->setObjectName(QString::fromUtf8(""pointingComboBox""));
poleDecCheckBox->setObjectName(QString::fromUtf8(""poleDecCheckBox""));
poleDecVelocityCheckBox->setObjectName(QString::fromUtf8(""poleDecVelocityCheckBox""));
poleRaCheckBox->setObjectName(QString::fromUtf8(""poleRaCheckBox""));
poleRaVelocityCheckBox->setObjectName(QString::fromUtf8(""poleRaVelocityCheckBox""));
positionAprioriSigmaTable->setObjectName(QString::fromUtf8(""positionAprioriSigmaTable""));
positionComboBox->setObjectName(QString::fromUtf8(""positionComboBox""));
primeMeridianOffsetCheckBox->setObjectName(QString::fromUtf8(""primeMeridianOffsetCheckBox""));
primeMeridianOffsetLineEdit->setObjectName(QString::fromUtf8(""primeMeridianOffsetLineEdit""));
primeMeridianOffsetSigmaLineEdit->setObjectName(QString::fromUtf8(""primeMeridianOffsetSigmaLineEdit""));
radiiButtonGroup->setObjectName(QString::fromUtf8(""radiiButtonGroup""));
radiiGroupBox->setObjectName(QString::fromUtf8(""radiiGroupBox""));
rightAscensionLineEdit->setObjectName(QString::fromUtf8(""rightAscensionLineEdit""));
rightAscensionSigmaLineEdit->setObjectName(QString::fromUtf8(""rightAscensionSigmaLineEdit""));
rightAscensionVelocityLineEdit->setObjectName(QString::fromUtf8(""rightAscensionVelocityLineEdit""));
rightAscensionVelocitySigmaLineEdit->setObjectName(QString::fromUtf8(""rightAscensionVelocitySigmaLineEdit""));
sigma0ThresholdLabel->setObjectName(QString::fromUtf8(""sigma0ThresholdLabel""));
sigma0ThresholdLineEdit->setObjectName(QString::fromUtf8(""sigma0ThresholdLineEdit""));
sigmaLabel->setObjectName(QString::fromUtf8(""sigmaLabel""));
spinRateCheckBox->setObjectName(QString::fromUtf8(""spinRateCheckBox""));
spinRateLineEdit->setObjectName(QString::fromUtf8(""spinRateLineEdit""));
spinRateSigmaLineEdit->setObjectName(QString::fromUtf8(""spinRateSigmaLineEdit""));
spkDegreeLabel->setObjectName(QString::fromUtf8(""spkDegreeLabel""));
spkDegreeSpinBox->setObjectName(QString::fromUtf8(""spkDegreeSpinBox""));
spkSolveDegreeLabel->setObjectName(QString::fromUtf8(""spkSolveDegreeLabel""));
spkSolveDegreeSpinBox->setObjectName(QString::fromUtf8(""spkSolveDegreeSpinBox""));
targetBodyComboBox->setObjectName(QString::fromUtf8(""targetBodyComboBox""));
targetBodyTab->setObjectName(QString::fromUtf8(""targetBodyTab""));
targetLabel->setObjectName(QString::fromUtf8(""targetLabel""));
targetParametersGroupBox->setObjectName(QString::fromUtf8(""targetParametersGroupBox""));
targetParametersMessage->setObjectName(QString::fromUtf8(""targetParametersMessage""));
treeView->setObjectName(QString::fromUtf8(""treeView""));
triaxialRadiiRadioButton->setObjectName(QString::fromUtf8(""triaxialRadiiRadioButton""));
twistCheckBox->setObjectName(QString::fromUtf8(""twistCheckBox""));
valueLabel->setObjectName(QString::fromUtf8(""valueLabel""));
verticalLayout->setObjectName(QString::fromUtf8(""verticalLayout""));
verticalLayout_2->setObjectName(QString::fromUtf8(""verticalLayout_2""));
verticalLayout_3->setObjectName(QString::fromUtf8(""verticalLayout_3""));
verticalLayout_4->setObjectName(QString::fromUtf8(""verticalLayout_4""));
verticalLayout_6->setObjectName(QString::fromUtf8(""verticalLayout_6""));
verticalLayout_7->setObjectName(QString::fromUtf8(""verticalLayout_7""));
verticalLayout_8->setObjectName(QString::fromUtf8(""verticalLayout_8""));
verticalSpacer=new QSpacerItem(20,40,QSizePolicy::Minimum,QSizePolicy::Expanding);
verticalSpacer_2=new QSpacerItem(20,40,QSizePolicy::Minimum,QSizePolicy::Expanding);
verticalSpacer_3=new QSpacerItem(20,50,QSizePolicy::Minimum,QSizePolicy::Expanding);
verticalSpacer_4=new QSpacerItem(20,50,QSizePolicy::Minimum,QSizePolicy::Expanding);
verticalSpacer_5=new QSpacerItem(20,50,QSizePolicy::Minimum,QSizePolicy::Preferred);",,
ui_MatchToolDeletePointDialog.h,changed_declarations,7ffcbd6793d4ba60b9acbbfc9214f769dc362b810903b82111099a0b587020a0,d0aadacc82cb4d676f87248ccfbb78e3774518a5604ecc7e24144af5c89f1fce,,,"MatchToolDeletePointDialog
Ui_MatchToolDeletePointDialog",,,,"QObject::connect(cancelButton,&QPushButton::clicked,MatchToolDeletePointDialog,qOverload<>(&QDialog::reject));
QObject::connect(okButton,&QPushButton::clicked,MatchToolDeletePointDialog,qOverload<>(&QDialog::accept));
cancelButton->setObjectName(""cancelButton"");
deleteAllCheckBox->setObjectName(""deleteAllCheckBox"");
deletePointLayoutWidget->setObjectName(""deletePointLayoutWidget"");
fileList->setObjectName(""fileList"");
hboxLayout->setObjectName(""hboxLayout"");
hboxLayout1->setObjectName(""hboxLayout1"");
hboxLayout2->setObjectName(""hboxLayout2"");
imageLabel->setObjectName(""imageLabel"");
okButton->setObjectName(""okButton"");
orLabel->setObjectName(""orLabel"");
pointIdLabel->setObjectName(""pointIdLabel"");
pointIdValue->setObjectName(""pointIdValue"");
spacerItem1=new QSpacerItem(41,31,QSizePolicy::Policy::Expanding,QSizePolicy::Policy::Minimum);
spacerItem=new QSpacerItem(40,20,QSizePolicy::Policy::Expanding,QSizePolicy::Policy::Minimum);
vboxLayout->setObjectName(""vboxLayout"");
widget->setObjectName(""widget"");
widget1->setObjectName(""widget1"");
widget2->setObjectName(""widget2"");","QObject::connect(cancelButton,SIGNAL(clicked()),MatchToolDeletePointDialog,SLOT(reject()));
QObject::connect(okButton,SIGNAL(clicked()),MatchToolDeletePointDialog,SLOT(accept()));
cancelButton->setObjectName(QString::fromUtf8(""cancelButton""));
deleteAllCheckBox->setObjectName(QString::fromUtf8(""deleteAllCheckBox""));
deletePointLayoutWidget->setObjectName(QString::fromUtf8(""deletePointLayoutWidget""));
fileList->setObjectName(QString::fromUtf8(""fileList""));
hboxLayout->setObjectName(QString::fromUtf8(""hboxLayout""));
hboxLayout1->setObjectName(QString::fromUtf8(""hboxLayout1""));
hboxLayout2->setObjectName(QString::fromUtf8(""hboxLayout2""));
imageLabel->setObjectName(QString::fromUtf8(""imageLabel""));
okButton->setObjectName(QString::fromUtf8(""okButton""));
orLabel->setObjectName(QString::fromUtf8(""orLabel""));
pointIdLabel->setObjectName(QString::fromUtf8(""pointIdLabel""));
pointIdValue->setObjectName(QString::fromUtf8(""pointIdValue""));
spacerItem1=new QSpacerItem(41,31,QSizePolicy::Expanding,QSizePolicy::Minimum);
spacerItem=new QSpacerItem(40,20,QSizePolicy::Expanding,QSizePolicy::Minimum);
vboxLayout->setObjectName(QString::fromUtf8(""vboxLayout""));
widget->setObjectName(QString::fromUtf8(""widget""));
widget1->setObjectName(QString::fromUtf8(""widget1""));
widget2->setObjectName(QString::fromUtf8(""widget2""));",,
ui_ProfileDialog.h,changed_declarations,6e3b4544598fb5ae7d633ada0f07d03b49b3a3e494aab9d11ae2942b19a7d022,5b2a3f1b70430ef344ea7e31d223232422e2a91355624a981dcdfce7f7f5577f,,,"ProfileDialog
Ui_ProfileDialog",,,,"QObject::connect(cancelButton,&QPushButton::clicked,ProfileDialog,qOverload<>(&QDialog::reject));
QObject::connect(profileButton,&QPushButton::clicked,ProfileDialog,qOverload<>(&QDialog::accept));
cancelButton->setObjectName(""cancelButton"");
createEndButton->setObjectName(""createEndButton"");
createStartButton->setObjectName(""createStartButton"");
helpButton->setObjectName(""helpButton"");
horizontalLayout->setObjectName(""horizontalLayout"");
profileButton->setObjectName(""profileButton"");
verticalLayout->setObjectName(""verticalLayout"");
widget->setObjectName(""widget"");","QObject::connect(cancelButton,SIGNAL(clicked()),ProfileDialog,SLOT(reject()));
QObject::connect(profileButton,SIGNAL(clicked()),ProfileDialog,SLOT(accept()));
cancelButton->setObjectName(QString::fromUtf8(""cancelButton""));
createEndButton->setObjectName(QString::fromUtf8(""createEndButton""));
createStartButton->setObjectName(QString::fromUtf8(""createStartButton""));
helpButton->setObjectName(QString::fromUtf8(""helpButton""));
horizontalLayout->setObjectName(QString::fromUtf8(""horizontalLayout""));
profileButton->setObjectName(QString::fromUtf8(""profileButton""));
verticalLayout->setObjectName(QString::fromUtf8(""verticalLayout""));
widget->setObjectName(QString::fromUtf8(""widget""));",,
ui_QnetDeletePointDialog.h,changed_declarations,116f79e94071eadd9c1b74fcf7bdcd41fdb5a35baf0d581d6326decc4f7590eb,882e7205291caf8a3848d0e342ffa712b01a614bfe24f4481319943c14e7c65a,,,"QnetDeletePointDialog
Ui_QnetDeletePointDialog",,,,"QObject::connect(cancelButton,&QPushButton::clicked,QnetDeletePointDialog,qOverload<>(&QDialog::reject));
QObject::connect(okButton,&QPushButton::clicked,QnetDeletePointDialog,qOverload<>(&QDialog::accept));
cancelButton->setObjectName(""cancelButton"");
deleteAllCheckBox->setObjectName(""deleteAllCheckBox"");
deletePointLayoutWidget->setObjectName(""deletePointLayoutWidget"");
fileList->setObjectName(""fileList"");
hboxLayout->setObjectName(""hboxLayout"");
hboxLayout1->setObjectName(""hboxLayout1"");
hboxLayout2->setObjectName(""hboxLayout2"");
imageLabel->setObjectName(""imageLabel"");
okButton->setObjectName(""okButton"");
orLabel->setObjectName(""orLabel"");
pointIdLabel->setObjectName(""pointIdLabel"");
pointIdValue->setObjectName(""pointIdValue"");
spacerItem1=new QSpacerItem(41,31,QSizePolicy::Policy::Expanding,QSizePolicy::Policy::Minimum);
spacerItem=new QSpacerItem(40,20,QSizePolicy::Policy::Expanding,QSizePolicy::Policy::Minimum);
vboxLayout->setObjectName(""vboxLayout"");
widget->setObjectName(""widget"");
widget1->setObjectName(""widget1"");
widget2->setObjectName(""widget2"");","QObject::connect(cancelButton,SIGNAL(clicked()),QnetDeletePointDialog,SLOT(reject()));
QObject::connect(okButton,SIGNAL(clicked()),QnetDeletePointDialog,SLOT(accept()));
cancelButton->setObjectName(QString::fromUtf8(""cancelButton""));
deleteAllCheckBox->setObjectName(QString::fromUtf8(""deleteAllCheckBox""));
deletePointLayoutWidget->setObjectName(QString::fromUtf8(""deletePointLayoutWidget""));
fileList->setObjectName(QString::fromUtf8(""fileList""));
hboxLayout->setObjectName(QString::fromUtf8(""hboxLayout""));
hboxLayout1->setObjectName(QString::fromUtf8(""hboxLayout1""));
hboxLayout2->setObjectName(QString::fromUtf8(""hboxLayout2""));
imageLabel->setObjectName(QString::fromUtf8(""imageLabel""));
okButton->setObjectName(QString::fromUtf8(""okButton""));
orLabel->setObjectName(QString::fromUtf8(""orLabel""));
pointIdLabel->setObjectName(QString::fromUtf8(""pointIdLabel""));
pointIdValue->setObjectName(QString::fromUtf8(""pointIdValue""));
spacerItem1=new QSpacerItem(41,31,QSizePolicy::Expanding,QSizePolicy::Minimum);
spacerItem=new QSpacerItem(40,20,QSizePolicy::Expanding,QSizePolicy::Minimum);
vboxLayout->setObjectName(QString::fromUtf8(""vboxLayout""));
widget->setObjectName(QString::fromUtf8(""widget""));
widget1->setObjectName(QString::fromUtf8(""widget1""));
widget2->setObjectName(QString::fromUtf8(""widget2""));",,
ui_SensorInfoWidget.h,changed_declarations,1b035528634cf4599528048ed0f5b82efcb3050ceb1d708d4537f4f56108fdfd,f08b1c893eba10cfdcc7687cfeaeedecf73cb1be8ac2bea8960e67d205ddd72d,,,"SensorInfoWidget
Ui_SensorInfoWidget",,,,"aLabel->setObjectName(""aLabel"");
aRadiiLabel->setObjectName(""aRadiiLabel"");
aRadiiUnitsLabel->setObjectName(""aRadiiUnitsLabel"");
bLabel->setObjectName(""bLabel"");
bRadiiLabel->setObjectName(""bRadiiLabel"");
bRadiiUnitsLabel->setObjectName(""bRadiiUnitsLabel"");
cLabel->setObjectName(""cLabel"");
cRadiiLabel->setObjectName(""cRadiiLabel"");
cRadiiUnitsLabel->setObjectName(""cRadiiUnitsLabel"");
gridLayout->setObjectName(""gridLayout"");
gridLayout_2->setObjectName(""gridLayout_2"");
gridLayout_3->setObjectName(""gridLayout_3"");
horizontalSpacer=new QSpacerItem(40,20,QSizePolicy::Policy::Expanding,QSizePolicy::Policy::Minimum);
horizontalSpacer_11=new QSpacerItem(40,20,QSizePolicy::Policy::Expanding,QSizePolicy::Policy::Minimum);
horizontalSpacer_4=new QSpacerItem(40,20,QSizePolicy::Policy::Expanding,QSizePolicy::Policy::Minimum);
horizontalSpacer_6=new QSpacerItem(40,20,QSizePolicy::Policy::Expanding,QSizePolicy::Policy::Minimum);
label->setObjectName(""label"");
label_10->setObjectName(""label_10"");
label_11->setObjectName(""label_11"");
label_12->setObjectName(""label_12"");
label_2->setObjectName(""label_2"");
label_6->setObjectName(""label_6"");
label_7->setObjectName(""label_7"");
label_9->setObjectName(""label_9"");
layoutWidget->setObjectName(""layoutWidget"");
layoutWidget_3->setObjectName(""layoutWidget_3"");
meanLabel->setObjectName(""meanLabel"");
meanRadiiLabel->setObjectName(""meanRadiiLabel"");
meanRadiiUnitsLabel->setObjectName(""meanRadiiUnitsLabel"");
poleDeclinationLabel->setObjectName(""poleDeclinationLabel"");
polePMOffsetLabel->setObjectName(""polePMOffsetLabel"");
poleRightAscensionLabel->setObjectName(""poleRightAscensionLabel"");
scrollArea->setObjectName(""scrollArea"");
scrollAreaWidgetContents->setObjectName(""scrollAreaWidgetContents"");
spacecraftlabel->setObjectName(""spacecraftlabel"");
tab->setObjectName(""tab"");
tabWidget->setObjectName(""tabWidget"");
tab_2->setObjectName(""tab_2"");
tab_3->setObjectName(""tab_3"");
targetImage->setObjectName(""targetImage"");
verticalLayout->setObjectName(""verticalLayout"");
verticalLayout_2->setObjectName(""verticalLayout_2"");
verticalSpacer=new QSpacerItem(20,13,QSizePolicy::Policy::Minimum,QSizePolicy::Policy::Preferred);
verticalSpacer_2=new QSpacerItem(20,37,QSizePolicy::Policy::Minimum,QSizePolicy::Policy::Preferred);
widget->setObjectName(""widget"");","aLabel->setObjectName(QString::fromUtf8(""aLabel""));
aRadiiLabel->setObjectName(QString::fromUtf8(""aRadiiLabel""));
aRadiiUnitsLabel->setObjectName(QString::fromUtf8(""aRadiiUnitsLabel""));
bLabel->setObjectName(QString::fromUtf8(""bLabel""));
bRadiiLabel->setObjectName(QString::fromUtf8(""bRadiiLabel""));
bRadiiUnitsLabel->setObjectName(QString::fromUtf8(""bRadiiUnitsLabel""));
cLabel->setObjectName(QString::fromUtf8(""cLabel""));
cRadiiLabel->setObjectName(QString::fromUtf8(""cRadiiLabel""));
cRadiiUnitsLabel->setObjectName(QString::fromUtf8(""cRadiiUnitsLabel""));
font.setWeight(75);
font3.setWeight(50);
gridLayout->setObjectName(QString::fromUtf8(""gridLayout""));
gridLayout_2->setObjectName(QString::fromUtf8(""gridLayout_2""));
gridLayout_3->setObjectName(QString::fromUtf8(""gridLayout_3""));
horizontalSpacer=new QSpacerItem(40,20,QSizePolicy::Expanding,QSizePolicy::Minimum);
horizontalSpacer_11=new QSpacerItem(40,20,QSizePolicy::Expanding,QSizePolicy::Minimum);
horizontalSpacer_4=new QSpacerItem(40,20,QSizePolicy::Expanding,QSizePolicy::Minimum);
horizontalSpacer_6=new QSpacerItem(40,20,QSizePolicy::Expanding,QSizePolicy::Minimum);
label->setObjectName(QString::fromUtf8(""label""));
label_10->setObjectName(QString::fromUtf8(""label_10""));
label_11->setObjectName(QString::fromUtf8(""label_11""));
label_12->setObjectName(QString::fromUtf8(""label_12""));
label_2->setObjectName(QString::fromUtf8(""label_2""));
label_6->setObjectName(QString::fromUtf8(""label_6""));
label_7->setObjectName(QString::fromUtf8(""label_7""));
label_9->setObjectName(QString::fromUtf8(""label_9""));
layoutWidget->setObjectName(QString::fromUtf8(""layoutWidget""));
layoutWidget_3->setObjectName(QString::fromUtf8(""layoutWidget_3""));
meanLabel->setObjectName(QString::fromUtf8(""meanLabel""));
meanRadiiLabel->setObjectName(QString::fromUtf8(""meanRadiiLabel""));
meanRadiiUnitsLabel->setObjectName(QString::fromUtf8(""meanRadiiUnitsLabel""));
poleDeclinationLabel->setObjectName(QString::fromUtf8(""poleDeclinationLabel""));
polePMOffsetLabel->setObjectName(QString::fromUtf8(""polePMOffsetLabel""));
poleRightAscensionLabel->setObjectName(QString::fromUtf8(""poleRightAscensionLabel""));
scrollArea->setObjectName(QString::fromUtf8(""scrollArea""));
scrollAreaWidgetContents->setObjectName(QString::fromUtf8(""scrollAreaWidgetContents""));
spacecraftlabel->setObjectName(QString::fromUtf8(""spacecraftlabel""));
tab->setObjectName(QString::fromUtf8(""tab""));
tabWidget->setObjectName(QString::fromUtf8(""tabWidget""));
tab_2->setObjectName(QString::fromUtf8(""tab_2""));
tab_3->setObjectName(QString::fromUtf8(""tab_3""));
targetImage->setObjectName(QString::fromUtf8(""targetImage""));
verticalLayout->setObjectName(QString::fromUtf8(""verticalLayout""));
verticalLayout_2->setObjectName(QString::fromUtf8(""verticalLayout_2""));
verticalSpacer=new QSpacerItem(20,13,QSizePolicy::Minimum,QSizePolicy::Preferred);
verticalSpacer_2=new QSpacerItem(20,37,QSizePolicy::Minimum,QSizePolicy::Preferred);
widget->setObjectName(QString::fromUtf8(""widget""));",,
ui_TargetInfoWidget.h,changed_declarations,e3af4779f2b4563a652f74020cdefdb9f5341055627b75c0873f61ed59559802,8465d35feb64af80f85f876d652e534c23c6058e74d2d11977c331715d4e6fb2,,,"TargetInfoWidget
Ui_TargetInfoWidget",,,,"aLabel->setObjectName(""aLabel"");
aRadiiLabel->setObjectName(""aRadiiLabel"");
aRadiiUnitsLabel->setObjectName(""aRadiiUnitsLabel"");
bLabel->setObjectName(""bLabel"");
bRadiiLabel->setObjectName(""bRadiiLabel"");
bRadiiUnitsLabel->setObjectName(""bRadiiUnitsLabel"");
bodySystemlabel->setObjectName(""bodySystemlabel"");
cLabel->setObjectName(""cLabel"");
cRadiiLabel->setObjectName(""cRadiiLabel"");
cRadiiUnitsLabel->setObjectName(""cRadiiUnitsLabel"");
gridLayout->setObjectName(""gridLayout"");
gridLayout_2->setObjectName(""gridLayout_2"");
gridLayout_3->setObjectName(""gridLayout_3"");
horizontalSpacer=new QSpacerItem(40,20,QSizePolicy::Policy::Expanding,QSizePolicy::Policy::Minimum);
horizontalSpacer_11=new QSpacerItem(40,20,QSizePolicy::Policy::Expanding,QSizePolicy::Policy::Minimum);
horizontalSpacer_4=new QSpacerItem(40,20,QSizePolicy::Policy::Expanding,QSizePolicy::Policy::Minimum);
horizontalSpacer_6=new QSpacerItem(40,20,QSizePolicy::Policy::Expanding,QSizePolicy::Policy::Minimum);
label->setObjectName(""label"");
label_10->setObjectName(""label_10"");
label_11->setObjectName(""label_11"");
label_12->setObjectName(""label_12"");
label_2->setObjectName(""label_2"");
label_6->setObjectName(""label_6"");
label_7->setObjectName(""label_7"");
label_9->setObjectName(""label_9"");
layoutWidget->setObjectName(""layoutWidget"");
layoutWidget_2->setObjectName(""layoutWidget_2"");
layoutWidget_3->setObjectName(""layoutWidget_3"");
meanLabel->setObjectName(""meanLabel"");
meanRadiiLabel->setObjectName(""meanRadiiLabel"");
meanRadiiUnitsLabel->setObjectName(""meanRadiiUnitsLabel"");
poleDeclinationLabel->setObjectName(""poleDeclinationLabel"");
polePMOffsetLabel->setObjectName(""polePMOffsetLabel"");
poleRightAscensionLabel->setObjectName(""poleRightAscensionLabel"");
scrollArea->setObjectName(""scrollArea"");
scrollAreaWidgetContents->setObjectName(""scrollAreaWidgetContents"");
tab->setObjectName(""tab"");
tabWidget->setObjectName(""tabWidget"");
tab_2->setObjectName(""tab_2"");
tab_3->setObjectName(""tab_3"");
targetImage->setObjectName(""targetImage"");
verticalLayout->setObjectName(""verticalLayout"");
verticalLayout_2->setObjectName(""verticalLayout_2"");
verticalSpacer=new QSpacerItem(20,37,QSizePolicy::Policy::Minimum,QSizePolicy::Policy::Preferred);
verticalSpacer_2=new QSpacerItem(20,37,QSizePolicy::Policy::Minimum,QSizePolicy::Policy::Preferred);","aLabel->setObjectName(QString::fromUtf8(""aLabel""));
aRadiiLabel->setObjectName(QString::fromUtf8(""aRadiiLabel""));
aRadiiUnitsLabel->setObjectName(QString::fromUtf8(""aRadiiUnitsLabel""));
bLabel->setObjectName(QString::fromUtf8(""bLabel""));
bRadiiLabel->setObjectName(QString::fromUtf8(""bRadiiLabel""));
bRadiiUnitsLabel->setObjectName(QString::fromUtf8(""bRadiiUnitsLabel""));
bodySystemlabel->setObjectName(QString::fromUtf8(""bodySystemlabel""));
cLabel->setObjectName(QString::fromUtf8(""cLabel""));
cRadiiLabel->setObjectName(QString::fromUtf8(""cRadiiLabel""));
cRadiiUnitsLabel->setObjectName(QString::fromUtf8(""cRadiiUnitsLabel""));
font.setWeight(75);
font3.setWeight(50);
gridLayout->setObjectName(QString::fromUtf8(""gridLayout""));
gridLayout_2->setObjectName(QString::fromUtf8(""gridLayout_2""));
gridLayout_3->setObjectName(QString::fromUtf8(""gridLayout_3""));
horizontalSpacer=new QSpacerItem(40,20,QSizePolicy::Expanding,QSizePolicy::Minimum);
horizontalSpacer_11=new QSpacerItem(40,20,QSizePolicy::Expanding,QSizePolicy::Minimum);
horizontalSpacer_4=new QSpacerItem(40,20,QSizePolicy::Expanding,QSizePolicy::Minimum);
horizontalSpacer_6=new QSpacerItem(40,20,QSizePolicy::Expanding,QSizePolicy::Minimum);
label->setObjectName(QString::fromUtf8(""label""));
label_10->setObjectName(QString::fromUtf8(""label_10""));
label_11->setObjectName(QString::fromUtf8(""label_11""));
label_12->setObjectName(QString::fromUtf8(""label_12""));
label_2->setObjectName(QString::fromUtf8(""label_2""));
label_6->setObjectName(QString::fromUtf8(""label_6""));
label_7->setObjectName(QString::fromUtf8(""label_7""));
label_9->setObjectName(QString::fromUtf8(""label_9""));
layoutWidget->setObjectName(QString::fromUtf8(""layoutWidget""));
layoutWidget_2->setObjectName(QString::fromUtf8(""layoutWidget_2""));
layoutWidget_3->setObjectName(QString::fromUtf8(""layoutWidget_3""));
meanLabel->setObjectName(QString::fromUtf8(""meanLabel""));
meanRadiiLabel->setObjectName(QString::fromUtf8(""meanRadiiLabel""));
meanRadiiUnitsLabel->setObjectName(QString::fromUtf8(""meanRadiiUnitsLabel""));
poleDeclinationLabel->setObjectName(QString::fromUtf8(""poleDeclinationLabel""));
polePMOffsetLabel->setObjectName(QString::fromUtf8(""polePMOffsetLabel""));
poleRightAscensionLabel->setObjectName(QString::fromUtf8(""poleRightAscensionLabel""));
scrollArea->setObjectName(QString::fromUtf8(""scrollArea""));
scrollAreaWidgetContents->setObjectName(QString::fromUtf8(""scrollAreaWidgetContents""));
tab->setObjectName(QString::fromUtf8(""tab""));
tabWidget->setObjectName(QString::fromUtf8(""tabWidget""));
tab_2->setObjectName(QString::fromUtf8(""tab_2""));
tab_3->setObjectName(QString::fromUtf8(""tab_3""));
targetImage->setObjectName(QString::fromUtf8(""targetImage""));
verticalLayout->setObjectName(QString::fromUtf8(""verticalLayout""));
verticalLayout_2->setObjectName(QString::fromUtf8(""verticalLayout_2""));
verticalSpacer=new QSpacerItem(20,37,QSizePolicy::Minimum,QSizePolicy::Preferred);
verticalSpacer_2=new QSpacerItem(20,37,QSizePolicy::Minimum,QSizePolicy::Preferred);",,
ui_TemplateEditorWidget.h,changed_declarations,fa3a6f5a6cab82d50fc4baa7dcaf1977a32b59c0f0a03883419cd8d1a2796889,7c9259f96f4097f8f1b14e425ce3cd7ed4fb370dbf739196f847e205c0991e41,,,"TemplateEditorWidget
Ui_TemplateEditorWidget",,,,"templateTextEdit->setObjectName(""templateTextEdit"");
templateTextSave->setObjectName(""templateTextSave"");
templateTextSaveAs->setObjectName(""templateTextSaveAs"");
verticalLayout->setObjectName(""verticalLayout"");","templateTextEdit->setObjectName(QString::fromUtf8(""templateTextEdit""));
templateTextSave->setObjectName(QString::fromUtf8(""templateTextSave""));
templateTextSaveAs->setObjectName(QString::fromUtf8(""templateTextSaveAs""));
verticalLayout->setObjectName(QString::fromUtf8(""verticalLayout""));",,
ui_optionsWidget.h,changed_declarations,6492ec90c7c0b5acd281093cc68a8f7a66795948eea25a9a1049abb46d302956,52a073cb71b326d08015a866156c69e7235e3f4cfe2cf58a42050908fadf300c,,,"Ui_matrixOptionsWidget
matrixOptionsWidget",,,,"QSizePolicy sizePolicy(QSizePolicy::Policy::Maximum,QSizePolicy::Policy::Fixed);
QSizePolicy sizePolicy1(QSizePolicy::Policy::Minimum,QSizePolicy::Policy::Fixed);
badCorrelationColorButton->setObjectName(""badCorrelationColorButton"");
badCorrelationLabel->setObjectName(""badCorrelationLabel"");
badCorrelationLayout->setObjectName(""badCorrelationLayout"");
badElementsLabel->setObjectName(""badElementsLabel"");
badElementsLayout->setObjectName(""badElementsLayout"");
badElementsSpinBox->setObjectName(""badElementsSpinBox"");
badTolSpacer=new QSpacerItem(20,40,QSizePolicy::Policy::Minimum,QSizePolicy::Policy::Expanding);
bestCorrelationRadioButton->setObjectName(""bestCorrelationRadioButton"");
colorOptionsPage->setObjectName(""colorOptionsPage"");
colorPageLayout->setObjectName(""colorPageLayout"");
correlationLabel->setObjectName(""correlationLabel"");
correlationLayout->setObjectName(""correlationLayout"");
currentElementData->setObjectName(""currentElementData"");
currentValue->setObjectName(""currentValue"");
elementsLayout->setObjectName(""elementsLayout"");
enterToleranceLayout->setObjectName(""enterToleranceLayout"");
focusOptionsLayout->setObjectName(""focusOptionsLayout"");
focusOptionsPage->setObjectName(""focusOptionsPage"");
focusPageLayout->setObjectName(""focusPageLayout"");
focusPageLayout_2->setObjectName(""focusPageLayout_2"");
focusParametersLabel1->setObjectName(""focusParametersLabel1"");
focusParametersLabel2->setObjectName(""focusParametersLabel2"");
focusToleranceLabel->setObjectName(""focusToleranceLabel"");
focusToleranceLayout->setObjectName(""focusToleranceLayout"");
focusToleranceLineEdit->setObjectName(""focusToleranceLineEdit"");
focusToleranceRadioButton->setObjectName(""focusToleranceRadioButton"");
goodCorrelationColorButton->setObjectName(""goodCorrelationColorButton"");
goodCorrelationLabel->setObjectName(""goodCorrelationLabel"");
goodCorrelationLayout->setObjectName(""goodCorrelationLayout"");
goodElementsLabel->setObjectName(""goodElementsLabel"");
goodElementsLayout->setObjectName(""goodElementsLayout"");
goodElementsSpinBox->setObjectName(""goodElementsSpinBox"");
gradientLayout->setObjectName(""gradientLayout"");
gradientRadioButton->setObjectName(""gradientRadioButton"");
gradientSpacer=new QSpacerItem(20,40,QSizePolicy::Policy::Minimum,QSizePolicy::Policy::Expanding);
horizontalLayoutWidget_11->setObjectName(""horizontalLayoutWidget_11"");
image1ComboBox->setObjectName(""image1ComboBox"");
image1Layout->setObjectName(""image1Layout"");
image1Name->setObjectName(""image1Name"");
image2ComboBox->setObjectName(""image2ComboBox"");
image2Layout->setObjectName(""image2Layout"");
image2Name->setObjectName(""image2Name"");
mainLayout->setObjectName(""mainLayout"");
matrixOptionsTabs->setObjectName(""matrixOptionsTabs"");
parameter1ComboBox->setObjectName(""parameter1ComboBox"");
parameter1Name->setObjectName(""parameter1Name"");
parameter2ComboBox->setObjectName(""parameter2ComboBox"");
parameter2Name->setObjectName(""parameter2Name"");
specificCorrelationRadioButton->setObjectName(""specificCorrelationRadioButton"");
specificParameter1Layout->setObjectName(""specificParameter1Layout"");
specificParametersLayout->setObjectName(""specificParametersLayout"");
specificPrameter2Layout->setObjectName(""specificPrameter2Layout"");
tolGoodSpacer=new QSpacerItem(20,40,QSizePolicy::Policy::Minimum,QSizePolicy::Policy::Expanding);
toleranceEditLayout->setObjectName(""toleranceEditLayout"");
toleranceEditsLayout->setObjectName(""toleranceEditsLayout"");
toleranceLabel->setObjectName(""toleranceLabel"");
toleranceLayout->setObjectName(""toleranceLayout"");
toleranceLineEdit->setObjectName(""toleranceLineEdit"");
toleranceOptionsLayout->setObjectName(""toleranceOptionsLayout"");
toleranceRadioButton->setObjectName(""toleranceRadioButton"");
toleranceSlider->setObjectName(""toleranceSlider"");
verticalLayoutWidget->setObjectName(""verticalLayoutWidget"");
worstCorrelationRadioButton->setObjectName(""worstCorrelationRadioButton"");","QSizePolicy sizePolicy(QSizePolicy::Maximum,QSizePolicy::Fixed);
QSizePolicy sizePolicy1(QSizePolicy::Minimum,QSizePolicy::Fixed);
badCorrelationColorButton->setObjectName(QString::fromUtf8(""badCorrelationColorButton""));
badCorrelationLabel->setObjectName(QString::fromUtf8(""badCorrelationLabel""));
badCorrelationLayout->setObjectName(QString::fromUtf8(""badCorrelationLayout""));
badElementsLabel->setObjectName(QString::fromUtf8(""badElementsLabel""));
badElementsLayout->setObjectName(QString::fromUtf8(""badElementsLayout""));
badElementsSpinBox->setObjectName(QString::fromUtf8(""badElementsSpinBox""));
badTolSpacer=new QSpacerItem(20,40,QSizePolicy::Minimum,QSizePolicy::Expanding);
bestCorrelationRadioButton->setObjectName(QString::fromUtf8(""bestCorrelationRadioButton""));
colorOptionsPage->setObjectName(QString::fromUtf8(""colorOptionsPage""));
colorPageLayout->setObjectName(QString::fromUtf8(""colorPageLayout""));
correlationLabel->setObjectName(QString::fromUtf8(""correlationLabel""));
correlationLayout->setObjectName(QString::fromUtf8(""correlationLayout""));
currentElementData->setObjectName(QString::fromUtf8(""currentElementData""));
currentValue->setObjectName(QString::fromUtf8(""currentValue""));
elementsLayout->setObjectName(QString::fromUtf8(""elementsLayout""));
enterToleranceLayout->setObjectName(QString::fromUtf8(""enterToleranceLayout""));
focusOptionsLayout->setObjectName(QString::fromUtf8(""focusOptionsLayout""));
focusOptionsPage->setObjectName(QString::fromUtf8(""focusOptionsPage""));
focusPageLayout->setObjectName(QString::fromUtf8(""focusPageLayout""));
focusPageLayout_2->setObjectName(QString::fromUtf8(""focusPageLayout_2""));
focusParametersLabel1->setObjectName(QString::fromUtf8(""focusParametersLabel1""));
focusParametersLabel2->setObjectName(QString::fromUtf8(""focusParametersLabel2""));
focusToleranceLabel->setObjectName(QString::fromUtf8(""focusToleranceLabel""));
focusToleranceLayout->setObjectName(QString::fromUtf8(""focusToleranceLayout""));
focusToleranceLineEdit->setObjectName(QString::fromUtf8(""focusToleranceLineEdit""));
focusToleranceRadioButton->setObjectName(QString::fromUtf8(""focusToleranceRadioButton""));
goodCorrelationColorButton->setObjectName(QString::fromUtf8(""goodCorrelationColorButton""));
goodCorrelationLabel->setObjectName(QString::fromUtf8(""goodCorrelationLabel""));
goodCorrelationLayout->setObjectName(QString::fromUtf8(""goodCorrelationLayout""));
goodElementsLabel->setObjectName(QString::fromUtf8(""goodElementsLabel""));
goodElementsLayout->setObjectName(QString::fromUtf8(""goodElementsLayout""));
goodElementsSpinBox->setObjectName(QString::fromUtf8(""goodElementsSpinBox""));
gradientLayout->setObjectName(QString::fromUtf8(""gradientLayout""));
gradientRadioButton->setObjectName(QString::fromUtf8(""gradientRadioButton""));
gradientSpacer=new QSpacerItem(20,40,QSizePolicy::Minimum,QSizePolicy::Expanding);
horizontalLayoutWidget_11->setObjectName(QString::fromUtf8(""horizontalLayoutWidget_11""));
image1ComboBox->setObjectName(QString::fromUtf8(""image1ComboBox""));
image1Layout->setObjectName(QString::fromUtf8(""image1Layout""));
image1Name->setObjectName(QString::fromUtf8(""image1Name""));
image2ComboBox->setObjectName(QString::fromUtf8(""image2ComboBox""));
image2Layout->setObjectName(QString::fromUtf8(""image2Layout""));
image2Name->setObjectName(QString::fromUtf8(""image2Name""));
mainLayout->setObjectName(QString::fromUtf8(""mainLayout""));
matrixOptionsTabs->setObjectName(QString::fromUtf8(""matrixOptionsTabs""));
parameter1ComboBox->setObjectName(QString::fromUtf8(""parameter1ComboBox""));
parameter1Name->setObjectName(QString::fromUtf8(""parameter1Name""));
parameter2ComboBox->setObjectName(QString::fromUtf8(""parameter2ComboBox""));
parameter2Name->setObjectName(QString::fromUtf8(""parameter2Name""));
specificCorrelationRadioButton->setObjectName(QString::fromUtf8(""specificCorrelationRadioButton""));
specificParameter1Layout->setObjectName(QString::fromUtf8(""specificParameter1Layout""));
specificParametersLayout->setObjectName(QString::fromUtf8(""specificParametersLayout""));
specificPrameter2Layout->setObjectName(QString::fromUtf8(""specificPrameter2Layout""));
tolGoodSpacer=new QSpacerItem(20,40,QSizePolicy::Minimum,QSizePolicy::Expanding);
toleranceEditLayout->setObjectName(QString::fromUtf8(""toleranceEditLayout""));
toleranceEditsLayout->setObjectName(QString::fromUtf8(""toleranceEditsLayout""));
toleranceLabel->setObjectName(QString::fromUtf8(""toleranceLabel""));
toleranceLayout->setObjectName(QString::fromUtf8(""toleranceLayout""));
toleranceLineEdit->setObjectName(QString::fromUtf8(""toleranceLineEdit""));
toleranceOptionsLayout->setObjectName(QString::fromUtf8(""toleranceOptionsLayout""));
toleranceRadioButton->setObjectName(QString::fromUtf8(""toleranceRadioButton""));
toleranceSlider->setObjectName(QString::fromUtf8(""toleranceSlider""));
verticalLayoutWidget->setObjectName(QString::fromUtf8(""verticalLayoutWidget""));
worstCorrelationRadioButton->setObjectName(QString::fromUtf8(""worstCorrelationRadioButton""));",,
vikcal.h,identical,46f7bacf2fe6c5b444564d554795c21c1edcaa68d2f369ad4f369969b6483a7d,46f7bacf2fe6c5b444564d554795c21c1edcaa68d2f369ad4f369969b6483a7d,,,,,,,,,,
vimscalUtil.h,identical,291c347eead632cbbcf7f4b6b25204186bb7658a28022338a4733b2a7ec82681,291c347eead632cbbcf7f4b6b25204186bb7658a28022338a4733b2a7ec82681,,,,,,,,,,
