binding_file,header,bound_symbols,gui_status,isis9_status,isis10_status,comparison,replacement_hint,isis9_paths,isis10_paths
src/base/bind_auto_reg_factory.cpp,AutoReg.h,AutoRegFactory,non_gui,present,present,identical_text,,isis/src/base/objs/AutoReg/AutoReg.h,isis/src/base/objs/AutoReg/AutoReg.h
src/base/bind_auto_reg_factory.cpp,AutoRegFactory.h,AutoRegFactory,non_gui,present,present,identical_text,,isis/src/base/objs/AutoRegFactory/AutoRegFactory.h,isis/src/base/objs/AutoRegFactory/AutoRegFactory.h
src/base/bind_auto_reg_factory.cpp,Pvl.h,AutoRegFactory,non_gui,present,present,changed_review_required,,isis/src/base/objs/Pvl/Pvl.h,isis/src/core/include/Pvl.h
src/base/bind_base_filters.cpp,CSVReader.h,CSVReader;CubeStretch;GaussianStretch;Kernels;QuickFilter;Stretch,non_gui,present,present,identical_text,,isis/src/base/objs/CSVReader/CSVReader.h,isis/src/base/objs/CSVReader/CSVReader.h
src/base/bind_base_filters.cpp,CubeStretch.h,CSVReader;CubeStretch;GaussianStretch;Kernels;QuickFilter;Stretch,non_gui,present,present,identical_text,,isis/src/base/objs/CubeStretch/CubeStretch.h,isis/src/base/objs/CubeStretch/CubeStretch.h
src/base/bind_base_filters.cpp,GaussianStretch.h,CSVReader;CubeStretch;GaussianStretch;Kernels;QuickFilter;Stretch,non_gui,present,present,identical_text,,isis/src/base/objs/GaussianStretch/GaussianStretch.h,isis/src/base/objs/GaussianStretch/GaussianStretch.h
src/base/bind_base_filters.cpp,Histogram.h,CSVReader;CubeStretch;GaussianStretch;Kernels;QuickFilter;Stretch,non_gui,present,present,identical_text,,isis/src/base/objs/Histogram/Histogram.h,isis/src/base/objs/Histogram/Histogram.h
src/base/bind_base_filters.cpp,Kernels.h,CSVReader;CubeStretch;GaussianStretch;Kernels;QuickFilter;Stretch,non_gui,present,present,identical_text,,isis/src/base/objs/Kernels/Kernels.h,isis/src/base/objs/Kernels/Kernels.h
src/base/bind_base_filters.cpp,Pvl.h,CSVReader;CubeStretch;GaussianStretch;Kernels;QuickFilter;Stretch,non_gui,present,present,changed_review_required,,isis/src/base/objs/Pvl/Pvl.h,isis/src/core/include/Pvl.h
src/base/bind_base_filters.cpp,QuickFilter.h,CSVReader;CubeStretch;GaussianStretch;Kernels;QuickFilter;Stretch,non_gui,present,present,identical_text,,isis/src/base/objs/QuickFilter/QuickFilter.h,isis/src/base/objs/QuickFilter/QuickFilter.h
src/base/bind_base_filters.cpp,Stretch.h,CSVReader;CubeStretch;GaussianStretch;Kernels;QuickFilter;Stretch,non_gui,present,present,identical_text,,isis/src/base/objs/Stretch/Stretch.h,isis/src/base/objs/Stretch/Stretch.h
src/base/bind_base_geometry.cpp,Angle.h,Angle;Area3D;Displacement;Distance;Enlarge;Interpolator;Latitude;Longitude;Reduce;Stereo;Transform,non_gui,present,present,identical_text,,isis/src/base/objs/Angle/Angle.h,isis/src/base/objs/Angle/Angle.h
src/base/bind_base_geometry.cpp,Area3D.h,Angle;Area3D;Displacement;Distance;Enlarge;Interpolator;Latitude;Longitude;Reduce;Stereo;Transform,non_gui,present,present,identical_text,,isis/src/base/objs/Area3D/Area3D.h,isis/src/base/objs/Area3D/Area3D.h
src/base/bind_base_geometry.cpp,Displacement.h,Angle;Area3D;Displacement;Distance;Enlarge;Interpolator;Latitude;Longitude;Reduce;Stereo;Transform,non_gui,present,present,identical_text,,isis/src/base/objs/Displacement/Displacement.h,isis/src/base/objs/Displacement/Displacement.h
src/base/bind_base_geometry.cpp,Distance.h,Angle;Area3D;Displacement;Distance;Enlarge;Interpolator;Latitude;Longitude;Reduce;Stereo;Transform,non_gui,present,present,identical_text,,isis/src/base/objs/Distance/Distance.h,isis/src/base/objs/Distance/Distance.h
src/base/bind_base_geometry.cpp,Enlarge.h,Angle;Area3D;Displacement;Distance;Enlarge;Interpolator;Latitude;Longitude;Reduce;Stereo;Transform,non_gui,present,present,identical_text,,isis/src/base/objs/Enlarge/Enlarge.h,isis/src/base/objs/Enlarge/Enlarge.h
src/base/bind_base_geometry.cpp,IException.h,Angle;Area3D;Displacement;Distance;Enlarge;Interpolator;Latitude;Longitude;Reduce;Stereo;Transform,non_gui,present,present,changed_review_required,,isis/src/base/objs/IException/IException.h,isis/src/core/include/IException.h
src/base/bind_base_geometry.cpp,Interpolator.h,Angle;Area3D;Displacement;Distance;Enlarge;Interpolator;Latitude;Longitude;Reduce;Stereo;Transform,non_gui,present,present,identical_text,,isis/src/base/objs/Interpolator/Interpolator.h,isis/src/base/objs/Interpolator/Interpolator.h
src/base/bind_base_geometry.cpp,Latitude.h,Angle;Area3D;Displacement;Distance;Enlarge;Interpolator;Latitude;Longitude;Reduce;Stereo;Transform,non_gui,present,present,identical_text,,isis/src/base/objs/Latitude/Latitude.h,isis/src/base/objs/Latitude/Latitude.h
src/base/bind_base_geometry.cpp,Longitude.h,Angle;Area3D;Displacement;Distance;Enlarge;Interpolator;Latitude;Longitude;Reduce;Stereo;Transform,non_gui,present,present,identical_text,,isis/src/base/objs/Longitude/Longitude.h,isis/src/base/objs/Longitude/Longitude.h
src/base/bind_base_geometry.cpp,PvlGroup.h,Angle;Area3D;Displacement;Distance;Enlarge;Interpolator;Latitude;Longitude;Reduce;Stereo;Transform,non_gui,present,present,identical_text,,isis/src/base/objs/PvlGroup/PvlGroup.h,isis/src/core/include/PvlGroup.h
src/base/bind_base_geometry.cpp,Reduce.h,Angle;Area3D;Displacement;Distance;Enlarge;Interpolator;Latitude;Longitude;Reduce;Stereo;Transform,non_gui,present,present,identical_text,,isis/src/base/objs/Reduce/Reduce.h,isis/src/base/objs/Reduce/Reduce.h
src/base/bind_base_geometry.cpp,Stereo.h,Angle;Area3D;Displacement;Distance;Enlarge;Interpolator;Latitude;Longitude;Reduce;Stereo;Transform,non_gui,present,present,identical_text,,isis/src/base/objs/Stereo/Stereo.h,isis/src/base/objs/Stereo/Stereo.h
src/base/bind_base_geometry.cpp,Transform.h,Angle;Area3D;Displacement;Distance;Enlarge;Interpolator;Latitude;Longitude;Reduce;Stereo;Transform,non_gui,present,present,identical_text,,isis/src/base/objs/Transform/Transform.h,isis/src/base/objs/Transform/Transform.h
src/base/bind_base_ground_map.cpp,Camera.h,UniversalGroundMap,non_gui,present,present,identical_text,,isis/src/base/objs/Camera/Camera.h,isis/src/base/objs/Camera/Camera.h
src/base/bind_base_ground_map.cpp,Cube.h,UniversalGroundMap,non_gui,present,present,changed_review_required,,isis/src/base/objs/Cube/Cube.h,isis/src/base/objs/Cube/Cube.h
src/base/bind_base_ground_map.cpp,Latitude.h,UniversalGroundMap,non_gui,present,present,identical_text,,isis/src/base/objs/Latitude/Latitude.h,isis/src/base/objs/Latitude/Latitude.h
src/base/bind_base_ground_map.cpp,Longitude.h,UniversalGroundMap,non_gui,present,present,identical_text,,isis/src/base/objs/Longitude/Longitude.h,isis/src/base/objs/Longitude/Longitude.h
src/base/bind_base_ground_map.cpp,Projection.h,UniversalGroundMap,non_gui,present,present,changed_review_required,,isis/src/base/objs/Projection/Projection.h,isis/src/base/objs/Projection/Projection.h
src/base/bind_base_ground_map.cpp,SurfacePoint.h,UniversalGroundMap,non_gui,present,present,identical_text,,isis/src/base/objs/SurfacePoint/SurfacePoint.h,isis/src/base/objs/SurfacePoint/SurfacePoint.h
src/base/bind_base_ground_map.cpp,UniversalGroundMap.h,UniversalGroundMap,non_gui,present,present,changed_review_required,,isis/src/base/objs/UniversalGroundMap/UniversalGroundMap.h,isis/src/base/objs/UniversalGroundMap/UniversalGroundMap.h
src/base/bind_base_image_overlap.cpp,ImageOverlap.h,ImageOverlap;ImageOverlapSet,non_gui,present,present,identical_text,,isis/src/base/objs/ImageOverlap/ImageOverlap.h,isis/src/base/objs/ImageOverlap/ImageOverlap.h
src/base/bind_base_image_overlap.cpp,ImageOverlapSet.h,ImageOverlap;ImageOverlapSet,non_gui,present,present,identical_text,,isis/src/base/objs/ImageOverlapSet/ImageOverlapSet.h,isis/src/base/objs/ImageOverlapSet/ImageOverlapSet.h
src/base/bind_base_image_overlap.cpp,PvlGroup.h,ImageOverlap;ImageOverlapSet,non_gui,present,present,identical_text,,isis/src/base/objs/PvlGroup/PvlGroup.h,isis/src/core/include/PvlGroup.h
src/base/bind_base_image_polygon.cpp,Blob.h,ImagePolygon,non_gui,present,present,changed_review_required,,isis/src/base/objs/Blob/Blob.h,isis/src/core/include/Blob.h
src/base/bind_base_image_polygon.cpp,IException.h,ImagePolygon,non_gui,present,present,changed_review_required,,isis/src/base/objs/IException/IException.h,isis/src/core/include/IException.h
src/base/bind_base_image_polygon.cpp,ImagePolygon.h,ImagePolygon,non_gui,present,present,identical_text,,isis/src/base/objs/ImagePolygon/ImagePolygon.h,isis/src/base/objs/ImagePolygon/ImagePolygon.h
src/base/bind_base_math.cpp,Affine.h,Affine;Basis1VariableFunction;BasisFunction;Calculator;CubeCalculator;CubeInfixToPostfix;FourierTransform;InfixToPostfix;InlineInfixToPostfix;LeastSquares;Matrix;MaximumLikelihoodWFunctions;NthOrderPolynomial;NumericalApproximation;PolynomialBivariate;PolynomialUnivariate;PrincipalComponentAnalysis;SparseBlockMatrix;SurfaceModel,non_gui,present,present,identical_text,,isis/src/base/objs/Affine/Affine.h,isis/src/base/objs/Affine/Affine.h
src/base/bind_base_math.cpp,Basis1VariableFunction.h,Affine;Basis1VariableFunction;BasisFunction;Calculator;CubeCalculator;CubeInfixToPostfix;FourierTransform;InfixToPostfix;InlineInfixToPostfix;LeastSquares;Matrix;MaximumLikelihoodWFunctions;NthOrderPolynomial;NumericalApproximation;PolynomialBivariate;PolynomialUnivariate;PrincipalComponentAnalysis;SparseBlockMatrix;SurfaceModel,non_gui,present,present,identical_text,,isis/src/base/objs/Basis1VariableFunction/Basis1VariableFunction.h,isis/src/base/objs/Basis1VariableFunction/Basis1VariableFunction.h
src/base/bind_base_math.cpp,BasisFunction.h,Affine;Basis1VariableFunction;BasisFunction;Calculator;CubeCalculator;CubeInfixToPostfix;FourierTransform;InfixToPostfix;InlineInfixToPostfix;LeastSquares;Matrix;MaximumLikelihoodWFunctions;NthOrderPolynomial;NumericalApproximation;PolynomialBivariate;PolynomialUnivariate;PrincipalComponentAnalysis;SparseBlockMatrix;SurfaceModel,non_gui,present,present,identical_text,,isis/src/base/objs/BasisFunction/BasisFunction.h,isis/src/base/objs/BasisFunction/BasisFunction.h
src/base/bind_base_math.cpp,Buffer.h,Affine;Basis1VariableFunction;BasisFunction;Calculator;CubeCalculator;CubeInfixToPostfix;FourierTransform;InfixToPostfix;InlineInfixToPostfix;LeastSquares;Matrix;MaximumLikelihoodWFunctions;NthOrderPolynomial;NumericalApproximation;PolynomialBivariate;PolynomialUnivariate;PrincipalComponentAnalysis;SparseBlockMatrix;SurfaceModel,non_gui,present,present,identical_text,,isis/src/base/objs/Buffer/Buffer.h,isis/src/base/objs/Buffer/Buffer.h
src/base/bind_base_math.cpp,Calculator.h,Affine;Basis1VariableFunction;BasisFunction;Calculator;CubeCalculator;CubeInfixToPostfix;FourierTransform;InfixToPostfix;InlineInfixToPostfix;LeastSquares;Matrix;MaximumLikelihoodWFunctions;NthOrderPolynomial;NumericalApproximation;PolynomialBivariate;PolynomialUnivariate;PrincipalComponentAnalysis;SparseBlockMatrix;SurfaceModel,non_gui,present,present,changed_review_required,,isis/src/base/objs/Calculator/Calculator.h,isis/src/base/objs/Calculator/Calculator.h
src/base/bind_base_math.cpp,Cube.h,Affine;Basis1VariableFunction;BasisFunction;Calculator;CubeCalculator;CubeInfixToPostfix;FourierTransform;InfixToPostfix;InlineInfixToPostfix;LeastSquares;Matrix;MaximumLikelihoodWFunctions;NthOrderPolynomial;NumericalApproximation;PolynomialBivariate;PolynomialUnivariate;PrincipalComponentAnalysis;SparseBlockMatrix;SurfaceModel,non_gui,present,present,changed_review_required,,isis/src/base/objs/Cube/Cube.h,isis/src/base/objs/Cube/Cube.h
src/base/bind_base_math.cpp,CubeCalculator.h,Affine;Basis1VariableFunction;BasisFunction;Calculator;CubeCalculator;CubeInfixToPostfix;FourierTransform;InfixToPostfix;InlineInfixToPostfix;LeastSquares;Matrix;MaximumLikelihoodWFunctions;NthOrderPolynomial;NumericalApproximation;PolynomialBivariate;PolynomialUnivariate;PrincipalComponentAnalysis;SparseBlockMatrix;SurfaceModel,non_gui,present,present,changed_review_required,,isis/src/base/objs/CubeCalculator/CubeCalculator.h,isis/src/base/objs/CubeCalculator/CubeCalculator.h
src/base/bind_base_math.cpp,CubeInfixToPostfix.h,Affine;Basis1VariableFunction;BasisFunction;Calculator;CubeCalculator;CubeInfixToPostfix;FourierTransform;InfixToPostfix;InlineInfixToPostfix;LeastSquares;Matrix;MaximumLikelihoodWFunctions;NthOrderPolynomial;NumericalApproximation;PolynomialBivariate;PolynomialUnivariate;PrincipalComponentAnalysis;SparseBlockMatrix;SurfaceModel,non_gui,present,present,identical_text,,isis/src/base/objs/CubeInfixToPostfix/CubeInfixToPostfix.h,isis/src/base/objs/CubeInfixToPostfix/CubeInfixToPostfix.h
src/base/bind_base_math.cpp,FourierTransform.h,Affine;Basis1VariableFunction;BasisFunction;Calculator;CubeCalculator;CubeInfixToPostfix;FourierTransform;InfixToPostfix;InlineInfixToPostfix;LeastSquares;Matrix;MaximumLikelihoodWFunctions;NthOrderPolynomial;NumericalApproximation;PolynomialBivariate;PolynomialUnivariate;PrincipalComponentAnalysis;SparseBlockMatrix;SurfaceModel,non_gui,present,present,identical_text,,isis/src/base/objs/FourierTransform/FourierTransform.h,isis/src/base/objs/FourierTransform/FourierTransform.h
src/base/bind_base_math.cpp,InfixToPostfix.h,Affine;Basis1VariableFunction;BasisFunction;Calculator;CubeCalculator;CubeInfixToPostfix;FourierTransform;InfixToPostfix;InlineInfixToPostfix;LeastSquares;Matrix;MaximumLikelihoodWFunctions;NthOrderPolynomial;NumericalApproximation;PolynomialBivariate;PolynomialUnivariate;PrincipalComponentAnalysis;SparseBlockMatrix;SurfaceModel,non_gui,present,present,changed_review_required,,isis/src/base/objs/InfixToPostfix/InfixToPostfix.h,isis/src/base/objs/InfixToPostfix/InfixToPostfix.h
src/base/bind_base_math.cpp,InlineInfixToPostfix.h,Affine;Basis1VariableFunction;BasisFunction;Calculator;CubeCalculator;CubeInfixToPostfix;FourierTransform;InfixToPostfix;InlineInfixToPostfix;LeastSquares;Matrix;MaximumLikelihoodWFunctions;NthOrderPolynomial;NumericalApproximation;PolynomialBivariate;PolynomialUnivariate;PrincipalComponentAnalysis;SparseBlockMatrix;SurfaceModel,non_gui,present,present,identical_text,,isis/src/base/objs/InlineInfixToPostfix/InlineInfixToPostfix.h,isis/src/base/objs/InlineInfixToPostfix/InlineInfixToPostfix.h
src/base/bind_base_math.cpp,LeastSquares.h,Affine;Basis1VariableFunction;BasisFunction;Calculator;CubeCalculator;CubeInfixToPostfix;FourierTransform;InfixToPostfix;InlineInfixToPostfix;LeastSquares;Matrix;MaximumLikelihoodWFunctions;NthOrderPolynomial;NumericalApproximation;PolynomialBivariate;PolynomialUnivariate;PrincipalComponentAnalysis;SparseBlockMatrix;SurfaceModel,non_gui,present,present,identical_text,,isis/src/base/objs/LeastSquares/LeastSquares.h,isis/src/base/objs/LeastSquares/LeastSquares.h
src/base/bind_base_math.cpp,LinearAlgebra.h,Affine;Basis1VariableFunction;BasisFunction;Calculator;CubeCalculator;CubeInfixToPostfix;FourierTransform;InfixToPostfix;InlineInfixToPostfix;LeastSquares;Matrix;MaximumLikelihoodWFunctions;NthOrderPolynomial;NumericalApproximation;PolynomialBivariate;PolynomialUnivariate;PrincipalComponentAnalysis;SparseBlockMatrix;SurfaceModel,non_gui,present,present,identical_text,,isis/src/base/objs/LinearAlgebra/LinearAlgebra.h,isis/src/base/objs/LinearAlgebra/LinearAlgebra.h
src/base/bind_base_math.cpp,Matrix.h,Affine;Basis1VariableFunction;BasisFunction;Calculator;CubeCalculator;CubeInfixToPostfix;FourierTransform;InfixToPostfix;InlineInfixToPostfix;LeastSquares;Matrix;MaximumLikelihoodWFunctions;NthOrderPolynomial;NumericalApproximation;PolynomialBivariate;PolynomialUnivariate;PrincipalComponentAnalysis;SparseBlockMatrix;SurfaceModel,non_gui,present,present,identical_text,,isis/src/base/objs/Matrix/Matrix.h,isis/src/base/objs/Matrix/Matrix.h
src/base/bind_base_math.cpp,MaximumLikelihoodWFunctions.h,Affine;Basis1VariableFunction;BasisFunction;Calculator;CubeCalculator;CubeInfixToPostfix;FourierTransform;InfixToPostfix;InlineInfixToPostfix;LeastSquares;Matrix;MaximumLikelihoodWFunctions;NthOrderPolynomial;NumericalApproximation;PolynomialBivariate;PolynomialUnivariate;PrincipalComponentAnalysis;SparseBlockMatrix;SurfaceModel,non_gui,present,present,identical_text,,isis/src/control/objs/MaximumLikelihoodWFunctions/MaximumLikelihoodWFunctions.h,isis/src/control/objs/MaximumLikelihoodWFunctions/MaximumLikelihoodWFunctions.h
src/base/bind_base_math.cpp,NthOrderPolynomial.h,Affine;Basis1VariableFunction;BasisFunction;Calculator;CubeCalculator;CubeInfixToPostfix;FourierTransform;InfixToPostfix;InlineInfixToPostfix;LeastSquares;Matrix;MaximumLikelihoodWFunctions;NthOrderPolynomial;NumericalApproximation;PolynomialBivariate;PolynomialUnivariate;PrincipalComponentAnalysis;SparseBlockMatrix;SurfaceModel,non_gui,present,present,identical_text,,isis/src/base/objs/NthOrderPolynomial/NthOrderPolynomial.h,isis/src/base/objs/NthOrderPolynomial/NthOrderPolynomial.h
src/base/bind_base_math.cpp,NumericalApproximation.h,Affine;Basis1VariableFunction;BasisFunction;Calculator;CubeCalculator;CubeInfixToPostfix;FourierTransform;InfixToPostfix;InlineInfixToPostfix;LeastSquares;Matrix;MaximumLikelihoodWFunctions;NthOrderPolynomial;NumericalApproximation;PolynomialBivariate;PolynomialUnivariate;PrincipalComponentAnalysis;SparseBlockMatrix;SurfaceModel,non_gui,present,present,identical_text,,isis/src/base/objs/NumericalApproximation/NumericalApproximation.h,isis/src/base/objs/NumericalApproximation/NumericalApproximation.h
src/base/bind_base_math.cpp,PolynomialBivariate.h,Affine;Basis1VariableFunction;BasisFunction;Calculator;CubeCalculator;CubeInfixToPostfix;FourierTransform;InfixToPostfix;InlineInfixToPostfix;LeastSquares;Matrix;MaximumLikelihoodWFunctions;NthOrderPolynomial;NumericalApproximation;PolynomialBivariate;PolynomialUnivariate;PrincipalComponentAnalysis;SparseBlockMatrix;SurfaceModel,non_gui,present,present,identical_text,,isis/src/base/objs/PolynomialBivariate/PolynomialBivariate.h,isis/src/base/objs/PolynomialBivariate/PolynomialBivariate.h
src/base/bind_base_math.cpp,PolynomialUnivariate.h,Affine;Basis1VariableFunction;BasisFunction;Calculator;CubeCalculator;CubeInfixToPostfix;FourierTransform;InfixToPostfix;InlineInfixToPostfix;LeastSquares;Matrix;MaximumLikelihoodWFunctions;NthOrderPolynomial;NumericalApproximation;PolynomialBivariate;PolynomialUnivariate;PrincipalComponentAnalysis;SparseBlockMatrix;SurfaceModel,non_gui,present,present,identical_text,,isis/src/base/objs/PolynomialUnivariate/PolynomialUnivariate.h,isis/src/base/objs/PolynomialUnivariate/PolynomialUnivariate.h
src/base/bind_base_math.cpp,PrincipalComponentAnalysis.h,Affine;Basis1VariableFunction;BasisFunction;Calculator;CubeCalculator;CubeInfixToPostfix;FourierTransform;InfixToPostfix;InlineInfixToPostfix;LeastSquares;Matrix;MaximumLikelihoodWFunctions;NthOrderPolynomial;NumericalApproximation;PolynomialBivariate;PolynomialUnivariate;PrincipalComponentAnalysis;SparseBlockMatrix;SurfaceModel,non_gui,present,present,identical_text,,isis/src/base/objs/PrincipalComponentAnalysis/PrincipalComponentAnalysis.h,isis/src/base/objs/PrincipalComponentAnalysis/PrincipalComponentAnalysis.h
src/base/bind_base_math.cpp,Ransac.h,Affine;Basis1VariableFunction;BasisFunction;Calculator;CubeCalculator;CubeInfixToPostfix;FourierTransform;InfixToPostfix;InlineInfixToPostfix;LeastSquares;Matrix;MaximumLikelihoodWFunctions;NthOrderPolynomial;NumericalApproximation;PolynomialBivariate;PolynomialUnivariate;PrincipalComponentAnalysis;SparseBlockMatrix;SurfaceModel,non_gui,present,present,identical_text,,isis/src/base/objs/Ransac/Ransac.h,isis/src/base/objs/Ransac/Ransac.h
src/base/bind_base_math.cpp,SparseBlockMatrix.h,Affine;Basis1VariableFunction;BasisFunction;Calculator;CubeCalculator;CubeInfixToPostfix;FourierTransform;InfixToPostfix;InlineInfixToPostfix;LeastSquares;Matrix;MaximumLikelihoodWFunctions;NthOrderPolynomial;NumericalApproximation;PolynomialBivariate;PolynomialUnivariate;PrincipalComponentAnalysis;SparseBlockMatrix;SurfaceModel,non_gui,present,present,identical_text,,isis/src/base/objs/SparseBlockMatrix/SparseBlockMatrix.h,isis/src/base/objs/SparseBlockMatrix/SparseBlockMatrix.h
src/base/bind_base_math.cpp,SurfaceModel.h,Affine;Basis1VariableFunction;BasisFunction;Calculator;CubeCalculator;CubeInfixToPostfix;FourierTransform;InfixToPostfix;InlineInfixToPostfix;LeastSquares;Matrix;MaximumLikelihoodWFunctions;NthOrderPolynomial;NumericalApproximation;PolynomialBivariate;PolynomialUnivariate;PrincipalComponentAnalysis;SparseBlockMatrix;SurfaceModel,non_gui,present,present,identical_text,,isis/src/base/objs/SurfaceModel/SurfaceModel.h,isis/src/base/objs/SurfaceModel/SurfaceModel.h
src/base/bind_base_pattern.cpp,AdaptiveGruen.h,AdaptiveGruen;AutoReg;Centroid;Chip;Gruen;MaximumCorrelation;MinimumDifference,non_gui,present,present,identical_text,,isis/src/base/objs/AdaptiveGruen/AdaptiveGruen.h,isis/src/base/objs/AdaptiveGruen/AdaptiveGruen.h
src/base/bind_base_pattern.cpp,Affine.h,AdaptiveGruen;AutoReg;Centroid;Chip;Gruen;MaximumCorrelation;MinimumDifference,non_gui,present,present,identical_text,,isis/src/base/objs/Affine/Affine.h,isis/src/base/objs/Affine/Affine.h
src/base/bind_base_pattern.cpp,AutoReg.h,AdaptiveGruen;AutoReg;Centroid;Chip;Gruen;MaximumCorrelation;MinimumDifference,non_gui,present,present,identical_text,,isis/src/base/objs/AutoReg/AutoReg.h,isis/src/base/objs/AutoReg/AutoReg.h
src/base/bind_base_pattern.cpp,Centroid.h,AdaptiveGruen;AutoReg;Centroid;Chip;Gruen;MaximumCorrelation;MinimumDifference,non_gui,present,present,identical_text,,isis/src/base/objs/Centroid/Centroid.h,isis/src/base/objs/Centroid/Centroid.h
src/base/bind_base_pattern.cpp,Chip.h,AdaptiveGruen;AutoReg;Centroid;Chip;Gruen;MaximumCorrelation;MinimumDifference,non_gui,present,present,identical_text,,isis/src/base/objs/Chip/Chip.h,isis/src/base/objs/Chip/Chip.h
src/base/bind_base_pattern.cpp,Cube.h,AdaptiveGruen;AutoReg;Centroid;Chip;Gruen;MaximumCorrelation;MinimumDifference,non_gui,present,present,changed_review_required,,isis/src/base/objs/Cube/Cube.h,isis/src/base/objs/Cube/Cube.h
src/base/bind_base_pattern.cpp,Gruen.h,AdaptiveGruen;AutoReg;Centroid;Chip;Gruen;MaximumCorrelation;MinimumDifference,non_gui,present,present,identical_text,,isis/src/base/objs/Gruen/Gruen.h,isis/src/base/objs/Gruen/Gruen.h
src/base/bind_base_pattern.cpp,Interpolator.h,AdaptiveGruen;AutoReg;Centroid;Chip;Gruen;MaximumCorrelation;MinimumDifference,non_gui,present,present,identical_text,,isis/src/base/objs/Interpolator/Interpolator.h,isis/src/base/objs/Interpolator/Interpolator.h
src/base/bind_base_pattern.cpp,MaximumCorrelation.h,AdaptiveGruen;AutoReg;Centroid;Chip;Gruen;MaximumCorrelation;MinimumDifference,non_gui,present,present,identical_text,,isis/src/base/objs/MaximumCorrelation/MaximumCorrelation.h,isis/src/base/objs/MaximumCorrelation/MaximumCorrelation.h
src/base/bind_base_pattern.cpp,MinimumDifference.h,AdaptiveGruen;AutoReg;Centroid;Chip;Gruen;MaximumCorrelation;MinimumDifference,non_gui,present,present,identical_text,,isis/src/base/objs/MinimumDifference/MinimumDifference.h,isis/src/base/objs/MinimumDifference/MinimumDifference.h
src/base/bind_base_pattern.cpp,Pvl.h,AdaptiveGruen;AutoReg;Centroid;Chip;Gruen;MaximumCorrelation;MinimumDifference,non_gui,present,present,changed_review_required,,isis/src/base/objs/Pvl/Pvl.h,isis/src/core/include/Pvl.h
src/base/bind_base_pattern.cpp,PvlGroup.h,AdaptiveGruen;AutoReg;Centroid;Chip;Gruen;MaximumCorrelation;MinimumDifference,non_gui,present,present,identical_text,,isis/src/base/objs/PvlGroup/PvlGroup.h,isis/src/core/include/PvlGroup.h
src/base/bind_base_pattern.cpp,Statistics.h,AdaptiveGruen;AutoReg;Centroid;Chip;Gruen;MaximumCorrelation;MinimumDifference,qt_observer_review,present,present,identical_text,,isis/src/base/objs/Statistics/Statistics.h,isis/src/base/objs/Statistics/Statistics.h
src/base/bind_base_pds_io.cpp,ExportPdsTable.h,ExportPdsTable;ImportPdsTable,non_gui,present,present,identical_text,,isis/src/base/objs/ExportPdsTable/ExportPdsTable.h,isis/src/base/objs/ExportPdsTable/ExportPdsTable.h
src/base/bind_base_pds_io.cpp,ImportPdsTable.h,ExportPdsTable;ImportPdsTable,non_gui,present,present,identical_text,,isis/src/base/objs/ImportPdsTable/ImportPdsTable.h,isis/src/base/objs/ImportPdsTable/ImportPdsTable.h
src/base/bind_base_pds_io.cpp,PvlObject.h,ExportPdsTable;ImportPdsTable,non_gui,present,present,changed_review_required,,isis/src/base/objs/PvlObject/PvlObject.h,isis/src/core/include/PvlObject.h
src/base/bind_base_pds_io.cpp,Table.h,ExportPdsTable;ImportPdsTable,non_gui,present,present,changed_review_required,,isis/src/base/objs/Table/Table.h,isis/src/core/include/Table.h
src/base/bind_base_photometry.cpp,AlbedoAtm.h,AlbedoAtm;Anisotropic1;Anisotropic2;AtmosModel;AtmosModelFactory;Hapke;HapkeAtm1;HapkeAtm2;Isotropic1;Isotropic2;NormModel;NormModelFactory;NumericalAtmosApprox;PhotoModel;PhotoModelFactory;ShadeAtm;TopoAtm,non_gui,present,present,identical_text,,isis/src/base/objs/AlbedoAtm/AlbedoAtm.h,isis/src/base/objs/AlbedoAtm/AlbedoAtm.h
src/base/bind_base_photometry.cpp,Anisotropic1.h,AlbedoAtm;Anisotropic1;Anisotropic2;AtmosModel;AtmosModelFactory;Hapke;HapkeAtm1;HapkeAtm2;Isotropic1;Isotropic2;NormModel;NormModelFactory;NumericalAtmosApprox;PhotoModel;PhotoModelFactory;ShadeAtm;TopoAtm,non_gui,present,present,identical_text,,isis/src/base/objs/Anisotropic1/Anisotropic1.h,isis/src/base/objs/Anisotropic1/Anisotropic1.h
src/base/bind_base_photometry.cpp,Anisotropic2.h,AlbedoAtm;Anisotropic1;Anisotropic2;AtmosModel;AtmosModelFactory;Hapke;HapkeAtm1;HapkeAtm2;Isotropic1;Isotropic2;NormModel;NormModelFactory;NumericalAtmosApprox;PhotoModel;PhotoModelFactory;ShadeAtm;TopoAtm,non_gui,present,present,identical_text,,isis/src/base/objs/Anisotropic2/Anisotropic2.h,isis/src/base/objs/Anisotropic2/Anisotropic2.h
src/base/bind_base_photometry.cpp,AtmosModel.h,AlbedoAtm;Anisotropic1;Anisotropic2;AtmosModel;AtmosModelFactory;Hapke;HapkeAtm1;HapkeAtm2;Isotropic1;Isotropic2;NormModel;NormModelFactory;NumericalAtmosApprox;PhotoModel;PhotoModelFactory;ShadeAtm;TopoAtm,non_gui,present,present,identical_text,,isis/src/base/objs/AtmosModel/AtmosModel.h,isis/src/base/objs/AtmosModel/AtmosModel.h
src/base/bind_base_photometry.cpp,AtmosModelFactory.h,AlbedoAtm;Anisotropic1;Anisotropic2;AtmosModel;AtmosModelFactory;Hapke;HapkeAtm1;HapkeAtm2;Isotropic1;Isotropic2;NormModel;NormModelFactory;NumericalAtmosApprox;PhotoModel;PhotoModelFactory;ShadeAtm;TopoAtm,non_gui,present,present,identical_text,,isis/src/base/objs/AtmosModelFactory/AtmosModelFactory.h,isis/src/base/objs/AtmosModelFactory/AtmosModelFactory.h
src/base/bind_base_photometry.cpp,Hapke.h,AlbedoAtm;Anisotropic1;Anisotropic2;AtmosModel;AtmosModelFactory;Hapke;HapkeAtm1;HapkeAtm2;Isotropic1;Isotropic2;NormModel;NormModelFactory;NumericalAtmosApprox;PhotoModel;PhotoModelFactory;ShadeAtm;TopoAtm,non_gui,present,present,identical_text,,isis/src/base/objs/Hapke/Hapke.h,isis/src/base/objs/Hapke/Hapke.h
src/base/bind_base_photometry.cpp,HapkeAtm1.h,AlbedoAtm;Anisotropic1;Anisotropic2;AtmosModel;AtmosModelFactory;Hapke;HapkeAtm1;HapkeAtm2;Isotropic1;Isotropic2;NormModel;NormModelFactory;NumericalAtmosApprox;PhotoModel;PhotoModelFactory;ShadeAtm;TopoAtm,non_gui,present,present,identical_text,,isis/src/base/objs/HapkeAtm1/HapkeAtm1.h,isis/src/base/objs/HapkeAtm1/HapkeAtm1.h
src/base/bind_base_photometry.cpp,HapkeAtm2.h,AlbedoAtm;Anisotropic1;Anisotropic2;AtmosModel;AtmosModelFactory;Hapke;HapkeAtm1;HapkeAtm2;Isotropic1;Isotropic2;NormModel;NormModelFactory;NumericalAtmosApprox;PhotoModel;PhotoModelFactory;ShadeAtm;TopoAtm,non_gui,present,present,identical_text,,isis/src/base/objs/HapkeAtm2/HapkeAtm2.h,isis/src/base/objs/HapkeAtm2/HapkeAtm2.h
src/base/bind_base_photometry.cpp,Isotropic1.h,AlbedoAtm;Anisotropic1;Anisotropic2;AtmosModel;AtmosModelFactory;Hapke;HapkeAtm1;HapkeAtm2;Isotropic1;Isotropic2;NormModel;NormModelFactory;NumericalAtmosApprox;PhotoModel;PhotoModelFactory;ShadeAtm;TopoAtm,non_gui,present,present,identical_text,,isis/src/base/objs/Isotropic1/Isotropic1.h,isis/src/base/objs/Isotropic1/Isotropic1.h
src/base/bind_base_photometry.cpp,Isotropic2.h,AlbedoAtm;Anisotropic1;Anisotropic2;AtmosModel;AtmosModelFactory;Hapke;HapkeAtm1;HapkeAtm2;Isotropic1;Isotropic2;NormModel;NormModelFactory;NumericalAtmosApprox;PhotoModel;PhotoModelFactory;ShadeAtm;TopoAtm,non_gui,present,present,identical_text,,isis/src/base/objs/Isotropic2/Isotropic2.h,isis/src/base/objs/Isotropic2/Isotropic2.h
src/base/bind_base_photometry.cpp,NormModel.h,AlbedoAtm;Anisotropic1;Anisotropic2;AtmosModel;AtmosModelFactory;Hapke;HapkeAtm1;HapkeAtm2;Isotropic1;Isotropic2;NormModel;NormModelFactory;NumericalAtmosApprox;PhotoModel;PhotoModelFactory;ShadeAtm;TopoAtm,non_gui,present,present,identical_text,,isis/src/base/objs/NormModel/NormModel.h,isis/src/base/objs/NormModel/NormModel.h
src/base/bind_base_photometry.cpp,NormModelFactory.h,AlbedoAtm;Anisotropic1;Anisotropic2;AtmosModel;AtmosModelFactory;Hapke;HapkeAtm1;HapkeAtm2;Isotropic1;Isotropic2;NormModel;NormModelFactory;NumericalAtmosApprox;PhotoModel;PhotoModelFactory;ShadeAtm;TopoAtm,non_gui,present,present,identical_text,,isis/src/base/objs/NormModelFactory/NormModelFactory.h,isis/src/base/objs/NormModelFactory/NormModelFactory.h
src/base/bind_base_photometry.cpp,NumericalApproximation.h,AlbedoAtm;Anisotropic1;Anisotropic2;AtmosModel;AtmosModelFactory;Hapke;HapkeAtm1;HapkeAtm2;Isotropic1;Isotropic2;NormModel;NormModelFactory;NumericalAtmosApprox;PhotoModel;PhotoModelFactory;ShadeAtm;TopoAtm,non_gui,present,present,identical_text,,isis/src/base/objs/NumericalApproximation/NumericalApproximation.h,isis/src/base/objs/NumericalApproximation/NumericalApproximation.h
src/base/bind_base_photometry.cpp,NumericalAtmosApprox.h,AlbedoAtm;Anisotropic1;Anisotropic2;AtmosModel;AtmosModelFactory;Hapke;HapkeAtm1;HapkeAtm2;Isotropic1;Isotropic2;NormModel;NormModelFactory;NumericalAtmosApprox;PhotoModel;PhotoModelFactory;ShadeAtm;TopoAtm,non_gui,present,present,identical_text,,isis/src/base/objs/AtmosModel/NumericalAtmosApprox.h,isis/src/base/objs/AtmosModel/NumericalAtmosApprox.h
src/base/bind_base_photometry.cpp,PhotoModel.h,AlbedoAtm;Anisotropic1;Anisotropic2;AtmosModel;AtmosModelFactory;Hapke;HapkeAtm1;HapkeAtm2;Isotropic1;Isotropic2;NormModel;NormModelFactory;NumericalAtmosApprox;PhotoModel;PhotoModelFactory;ShadeAtm;TopoAtm,non_gui,present,present,identical_text,,isis/src/base/objs/PhotoModel/PhotoModel.h,isis/src/base/objs/PhotoModel/PhotoModel.h
src/base/bind_base_photometry.cpp,PhotoModelFactory.h,AlbedoAtm;Anisotropic1;Anisotropic2;AtmosModel;AtmosModelFactory;Hapke;HapkeAtm1;HapkeAtm2;Isotropic1;Isotropic2;NormModel;NormModelFactory;NumericalAtmosApprox;PhotoModel;PhotoModelFactory;ShadeAtm;TopoAtm,non_gui,present,present,identical_text,,isis/src/base/objs/PhotoModelFactory/PhotoModelFactory.h,isis/src/base/objs/PhotoModelFactory/PhotoModelFactory.h
src/base/bind_base_photometry.cpp,Pvl.h,AlbedoAtm;Anisotropic1;Anisotropic2;AtmosModel;AtmosModelFactory;Hapke;HapkeAtm1;HapkeAtm2;Isotropic1;Isotropic2;NormModel;NormModelFactory;NumericalAtmosApprox;PhotoModel;PhotoModelFactory;ShadeAtm;TopoAtm,non_gui,present,present,changed_review_required,,isis/src/base/objs/Pvl/Pvl.h,isis/src/core/include/Pvl.h
src/base/bind_base_photometry.cpp,ShadeAtm.h,AlbedoAtm;Anisotropic1;Anisotropic2;AtmosModel;AtmosModelFactory;Hapke;HapkeAtm1;HapkeAtm2;Isotropic1;Isotropic2;NormModel;NormModelFactory;NumericalAtmosApprox;PhotoModel;PhotoModelFactory;ShadeAtm;TopoAtm,non_gui,present,present,identical_text,,isis/src/base/objs/ShadeAtm/ShadeAtm.h,isis/src/base/objs/ShadeAtm/ShadeAtm.h
src/base/bind_base_photometry.cpp,TopoAtm.h,AlbedoAtm;Anisotropic1;Anisotropic2;AtmosModel;AtmosModelFactory;Hapke;HapkeAtm1;HapkeAtm2;Isotropic1;Isotropic2;NormModel;NormModelFactory;NumericalAtmosApprox;PhotoModel;PhotoModelFactory;ShadeAtm;TopoAtm,non_gui,present,present,identical_text,,isis/src/base/objs/TopoAtm/TopoAtm.h,isis/src/base/objs/TopoAtm/TopoAtm.h
src/base/bind_base_polygon_seeder.cpp,GridPolygonSeeder.h,GridPolygonSeeder;LimitPolygonSeeder;PolygonSeeder;PolygonSeederFactory;StripPolygonSeeder,non_gui,present,present,changed_review_required,,isis/src/base/objs/GridPolygonSeeder/GridPolygonSeeder.h,isis/src/base/objs/GridPolygonSeeder/GridPolygonSeeder.h
src/base/bind_base_polygon_seeder.cpp,LimitPolygonSeeder.h,GridPolygonSeeder;LimitPolygonSeeder;PolygonSeeder;PolygonSeederFactory;StripPolygonSeeder,non_gui,present,present,identical_text,,isis/src/base/objs/LimitPolygonSeeder/LimitPolygonSeeder.h,isis/src/base/objs/LimitPolygonSeeder/LimitPolygonSeeder.h
src/base/bind_base_polygon_seeder.cpp,PolygonSeeder.h,GridPolygonSeeder;LimitPolygonSeeder;PolygonSeeder;PolygonSeederFactory;StripPolygonSeeder,non_gui,present,present,identical_text,,isis/src/base/objs/PolygonSeeder/PolygonSeeder.h,isis/src/base/objs/PolygonSeeder/PolygonSeeder.h
src/base/bind_base_polygon_seeder.cpp,PolygonSeederFactory.h,GridPolygonSeeder;LimitPolygonSeeder;PolygonSeeder;PolygonSeederFactory;StripPolygonSeeder,non_gui,present,present,identical_text,,isis/src/base/objs/PolygonSeederFactory/PolygonSeederFactory.h,isis/src/base/objs/PolygonSeederFactory/PolygonSeederFactory.h
src/base/bind_base_polygon_seeder.cpp,Pvl.h,GridPolygonSeeder;LimitPolygonSeeder;PolygonSeeder;PolygonSeederFactory;StripPolygonSeeder,non_gui,present,present,changed_review_required,,isis/src/base/objs/Pvl/Pvl.h,isis/src/core/include/Pvl.h
src/base/bind_base_polygon_seeder.cpp,PvlGroup.h,GridPolygonSeeder;LimitPolygonSeeder;PolygonSeeder;PolygonSeederFactory;StripPolygonSeeder,non_gui,present,present,identical_text,,isis/src/base/objs/PvlGroup/PvlGroup.h,isis/src/core/include/PvlGroup.h
src/base/bind_base_polygon_seeder.cpp,StripPolygonSeeder.h,GridPolygonSeeder;LimitPolygonSeeder;PolygonSeeder;PolygonSeederFactory;StripPolygonSeeder,non_gui,present,present,identical_text,,isis/src/base/objs/StripPolygonSeeder/StripPolygonSeeder.h,isis/src/base/objs/StripPolygonSeeder/StripPolygonSeeder.h
src/base/bind_base_projection.cpp,Cube.h,PFPixelMapper;Projection;ProjectionFactory;RingPlaneProjection;TProjection;WorldMapper,non_gui,present,present,changed_review_required,,isis/src/base/objs/Cube/Cube.h,isis/src/base/objs/Cube/Cube.h
src/base/bind_base_projection.cpp,Displacement.h,PFPixelMapper;Projection;ProjectionFactory;RingPlaneProjection;TProjection;WorldMapper,non_gui,present,present,identical_text,,isis/src/base/objs/Displacement/Displacement.h,isis/src/base/objs/Displacement/Displacement.h
src/base/bind_base_projection.cpp,Projection.h,PFPixelMapper;Projection;ProjectionFactory;RingPlaneProjection;TProjection;WorldMapper,non_gui,present,present,changed_review_required,,isis/src/base/objs/Projection/Projection.h,isis/src/base/objs/Projection/Projection.h
src/base/bind_base_projection.cpp,ProjectionFactory.h,PFPixelMapper;Projection;ProjectionFactory;RingPlaneProjection;TProjection;WorldMapper,non_gui,present,present,identical_text,,isis/src/base/objs/ProjectionFactory/ProjectionFactory.h,isis/src/base/objs/ProjectionFactory/ProjectionFactory.h
src/base/bind_base_projection.cpp,Pvl.h,PFPixelMapper;Projection;ProjectionFactory;RingPlaneProjection;TProjection;WorldMapper,non_gui,present,present,changed_review_required,,isis/src/base/objs/Pvl/Pvl.h,isis/src/core/include/Pvl.h
src/base/bind_base_projection.cpp,RingPlaneProjection.h,PFPixelMapper;Projection;ProjectionFactory;RingPlaneProjection;TProjection;WorldMapper,non_gui,present,present,identical_text,,isis/src/base/objs/RingPlaneProjection/RingPlaneProjection.h,isis/src/base/objs/RingPlaneProjection/RingPlaneProjection.h
src/base/bind_base_projection.cpp,TProjection.h,PFPixelMapper;Projection;ProjectionFactory;RingPlaneProjection;TProjection;WorldMapper,non_gui,present,present,changed_review_required,,isis/src/base/objs/TProjection/TProjection.h,isis/src/base/objs/TProjection/TProjection.h
src/base/bind_base_projection.cpp,WorldMapper.h,PFPixelMapper;Projection;ProjectionFactory;RingPlaneProjection;TProjection;WorldMapper,non_gui,present,present,identical_text,,isis/src/base/objs/WorldMapper/WorldMapper.h,isis/src/base/objs/WorldMapper/WorldMapper.h
src/base/bind_base_projection_types.cpp,Equirectangular.h,Equirectangular;LambertAzimuthalEqualArea;LambertConformal;LunarAzimuthalEqualArea;Mercator;Mollweide;ObliqueCylindrical;Orthographic;Planar;PointPerspective;PolarStereographic;RingCylindrical;Robinson;SimpleCylindrical;Sinusoidal;TProj;TransverseMercator;UpturnedEllipsoidTransverseAzimuthal,non_gui,present,present,identical_text,,isis/src/base/objs/Equirectangular/Equirectangular.h,isis/src/base/objs/Equirectangular/Equirectangular.h
src/base/bind_base_projection_types.cpp,LambertAzimuthalEqualArea.h,Equirectangular;LambertAzimuthalEqualArea;LambertConformal;LunarAzimuthalEqualArea;Mercator;Mollweide;ObliqueCylindrical;Orthographic;Planar;PointPerspective;PolarStereographic;RingCylindrical;Robinson;SimpleCylindrical;Sinusoidal;TProj;TransverseMercator;UpturnedEllipsoidTransverseAzimuthal,non_gui,present,present,identical_text,,isis/src/base/objs/LambertAzimuthalEqualArea/LambertAzimuthalEqualArea.h,isis/src/base/objs/LambertAzimuthalEqualArea/LambertAzimuthalEqualArea.h
src/base/bind_base_projection_types.cpp,LambertConformal.h,Equirectangular;LambertAzimuthalEqualArea;LambertConformal;LunarAzimuthalEqualArea;Mercator;Mollweide;ObliqueCylindrical;Orthographic;Planar;PointPerspective;PolarStereographic;RingCylindrical;Robinson;SimpleCylindrical;Sinusoidal;TProj;TransverseMercator;UpturnedEllipsoidTransverseAzimuthal,non_gui,present,present,identical_text,,isis/src/base/objs/LambertConformal/LambertConformal.h,isis/src/base/objs/LambertConformal/LambertConformal.h
src/base/bind_base_projection_types.cpp,LunarAzimuthalEqualArea.h,Equirectangular;LambertAzimuthalEqualArea;LambertConformal;LunarAzimuthalEqualArea;Mercator;Mollweide;ObliqueCylindrical;Orthographic;Planar;PointPerspective;PolarStereographic;RingCylindrical;Robinson;SimpleCylindrical;Sinusoidal;TProj;TransverseMercator;UpturnedEllipsoidTransverseAzimuthal,non_gui,present,present,identical_text,,isis/src/base/objs/LunarAzimuthalEqualArea/LunarAzimuthalEqualArea.h,isis/src/base/objs/LunarAzimuthalEqualArea/LunarAzimuthalEqualArea.h
src/base/bind_base_projection_types.cpp,Mercator.h,Equirectangular;LambertAzimuthalEqualArea;LambertConformal;LunarAzimuthalEqualArea;Mercator;Mollweide;ObliqueCylindrical;Orthographic;Planar;PointPerspective;PolarStereographic;RingCylindrical;Robinson;SimpleCylindrical;Sinusoidal;TProj;TransverseMercator;UpturnedEllipsoidTransverseAzimuthal,non_gui,present,present,identical_text,,isis/src/base/objs/Mercator/Mercator.h,isis/src/base/objs/Mercator/Mercator.h
src/base/bind_base_projection_types.cpp,Mollweide.h,Equirectangular;LambertAzimuthalEqualArea;LambertConformal;LunarAzimuthalEqualArea;Mercator;Mollweide;ObliqueCylindrical;Orthographic;Planar;PointPerspective;PolarStereographic;RingCylindrical;Robinson;SimpleCylindrical;Sinusoidal;TProj;TransverseMercator;UpturnedEllipsoidTransverseAzimuthal,non_gui,present,present,identical_text,,isis/src/base/objs/Mollweide/Mollweide.h,isis/src/base/objs/Mollweide/Mollweide.h
src/base/bind_base_projection_types.cpp,ObliqueCylindrical.h,Equirectangular;LambertAzimuthalEqualArea;LambertConformal;LunarAzimuthalEqualArea;Mercator;Mollweide;ObliqueCylindrical;Orthographic;Planar;PointPerspective;PolarStereographic;RingCylindrical;Robinson;SimpleCylindrical;Sinusoidal;TProj;TransverseMercator;UpturnedEllipsoidTransverseAzimuthal,non_gui,present,present,identical_text,,isis/src/base/objs/ObliqueCylindrical/ObliqueCylindrical.h,isis/src/base/objs/ObliqueCylindrical/ObliqueCylindrical.h
src/base/bind_base_projection_types.cpp,Orthographic.h,Equirectangular;LambertAzimuthalEqualArea;LambertConformal;LunarAzimuthalEqualArea;Mercator;Mollweide;ObliqueCylindrical;Orthographic;Planar;PointPerspective;PolarStereographic;RingCylindrical;Robinson;SimpleCylindrical;Sinusoidal;TProj;TransverseMercator;UpturnedEllipsoidTransverseAzimuthal,non_gui,present,present,identical_text,,isis/src/base/objs/Orthographic/Orthographic.h,isis/src/base/objs/Orthographic/Orthographic.h
src/base/bind_base_projection_types.cpp,Planar.h,Equirectangular;LambertAzimuthalEqualArea;LambertConformal;LunarAzimuthalEqualArea;Mercator;Mollweide;ObliqueCylindrical;Orthographic;Planar;PointPerspective;PolarStereographic;RingCylindrical;Robinson;SimpleCylindrical;Sinusoidal;TProj;TransverseMercator;UpturnedEllipsoidTransverseAzimuthal,non_gui,present,present,identical_text,,isis/src/base/objs/Planar/Planar.h,isis/src/base/objs/Planar/Planar.h
src/base/bind_base_projection_types.cpp,PointPerspective.h,Equirectangular;LambertAzimuthalEqualArea;LambertConformal;LunarAzimuthalEqualArea;Mercator;Mollweide;ObliqueCylindrical;Orthographic;Planar;PointPerspective;PolarStereographic;RingCylindrical;Robinson;SimpleCylindrical;Sinusoidal;TProj;TransverseMercator;UpturnedEllipsoidTransverseAzimuthal,non_gui,present,present,identical_text,,isis/src/base/objs/PointPerspective/PointPerspective.h,isis/src/base/objs/PointPerspective/PointPerspective.h
src/base/bind_base_projection_types.cpp,PolarStereographic.h,Equirectangular;LambertAzimuthalEqualArea;LambertConformal;LunarAzimuthalEqualArea;Mercator;Mollweide;ObliqueCylindrical;Orthographic;Planar;PointPerspective;PolarStereographic;RingCylindrical;Robinson;SimpleCylindrical;Sinusoidal;TProj;TransverseMercator;UpturnedEllipsoidTransverseAzimuthal,non_gui,present,present,identical_text,,isis/src/base/objs/PolarStereographic/PolarStereographic.h,isis/src/base/objs/PolarStereographic/PolarStereographic.h
src/base/bind_base_projection_types.cpp,Projection.h,Equirectangular;LambertAzimuthalEqualArea;LambertConformal;LunarAzimuthalEqualArea;Mercator;Mollweide;ObliqueCylindrical;Orthographic;Planar;PointPerspective;PolarStereographic;RingCylindrical;Robinson;SimpleCylindrical;Sinusoidal;TProj;TransverseMercator;UpturnedEllipsoidTransverseAzimuthal,non_gui,present,present,changed_review_required,,isis/src/base/objs/Projection/Projection.h,isis/src/base/objs/Projection/Projection.h
src/base/bind_base_projection_types.cpp,Pvl.h,Equirectangular;LambertAzimuthalEqualArea;LambertConformal;LunarAzimuthalEqualArea;Mercator;Mollweide;ObliqueCylindrical;Orthographic;Planar;PointPerspective;PolarStereographic;RingCylindrical;Robinson;SimpleCylindrical;Sinusoidal;TProj;TransverseMercator;UpturnedEllipsoidTransverseAzimuthal,non_gui,present,present,changed_review_required,,isis/src/base/objs/Pvl/Pvl.h,isis/src/core/include/Pvl.h
src/base/bind_base_projection_types.cpp,RingCylindrical.h,Equirectangular;LambertAzimuthalEqualArea;LambertConformal;LunarAzimuthalEqualArea;Mercator;Mollweide;ObliqueCylindrical;Orthographic;Planar;PointPerspective;PolarStereographic;RingCylindrical;Robinson;SimpleCylindrical;Sinusoidal;TProj;TransverseMercator;UpturnedEllipsoidTransverseAzimuthal,non_gui,present,present,identical_text,,isis/src/base/objs/RingCylindrical/RingCylindrical.h,isis/src/base/objs/RingCylindrical/RingCylindrical.h
src/base/bind_base_projection_types.cpp,RingPlaneProjection.h,Equirectangular;LambertAzimuthalEqualArea;LambertConformal;LunarAzimuthalEqualArea;Mercator;Mollweide;ObliqueCylindrical;Orthographic;Planar;PointPerspective;PolarStereographic;RingCylindrical;Robinson;SimpleCylindrical;Sinusoidal;TProj;TransverseMercator;UpturnedEllipsoidTransverseAzimuthal,non_gui,present,present,identical_text,,isis/src/base/objs/RingPlaneProjection/RingPlaneProjection.h,isis/src/base/objs/RingPlaneProjection/RingPlaneProjection.h
src/base/bind_base_projection_types.cpp,Robinson.h,Equirectangular;LambertAzimuthalEqualArea;LambertConformal;LunarAzimuthalEqualArea;Mercator;Mollweide;ObliqueCylindrical;Orthographic;Planar;PointPerspective;PolarStereographic;RingCylindrical;Robinson;SimpleCylindrical;Sinusoidal;TProj;TransverseMercator;UpturnedEllipsoidTransverseAzimuthal,non_gui,present,present,identical_text,,isis/src/base/objs/Robinson/Robinson.h,isis/src/base/objs/Robinson/Robinson.h
src/base/bind_base_projection_types.cpp,SimpleCylindrical.h,Equirectangular;LambertAzimuthalEqualArea;LambertConformal;LunarAzimuthalEqualArea;Mercator;Mollweide;ObliqueCylindrical;Orthographic;Planar;PointPerspective;PolarStereographic;RingCylindrical;Robinson;SimpleCylindrical;Sinusoidal;TProj;TransverseMercator;UpturnedEllipsoidTransverseAzimuthal,non_gui,present,present,identical_text,,isis/src/base/objs/SimpleCylindrical/SimpleCylindrical.h,isis/src/base/objs/SimpleCylindrical/SimpleCylindrical.h
src/base/bind_base_projection_types.cpp,Sinusoidal.h,Equirectangular;LambertAzimuthalEqualArea;LambertConformal;LunarAzimuthalEqualArea;Mercator;Mollweide;ObliqueCylindrical;Orthographic;Planar;PointPerspective;PolarStereographic;RingCylindrical;Robinson;SimpleCylindrical;Sinusoidal;TProj;TransverseMercator;UpturnedEllipsoidTransverseAzimuthal,non_gui,present,present,identical_text,,isis/src/base/objs/Sinusoidal/Sinusoidal.h,isis/src/base/objs/Sinusoidal/Sinusoidal.h
src/base/bind_base_projection_types.cpp,TProjection.h,Equirectangular;LambertAzimuthalEqualArea;LambertConformal;LunarAzimuthalEqualArea;Mercator;Mollweide;ObliqueCylindrical;Orthographic;Planar;PointPerspective;PolarStereographic;RingCylindrical;Robinson;SimpleCylindrical;Sinusoidal;TProj;TransverseMercator;UpturnedEllipsoidTransverseAzimuthal,non_gui,present,present,changed_review_required,,isis/src/base/objs/TProjection/TProjection.h,isis/src/base/objs/TProjection/TProjection.h
src/base/bind_base_projection_types.cpp,TransverseMercator.h,Equirectangular;LambertAzimuthalEqualArea;LambertConformal;LunarAzimuthalEqualArea;Mercator;Mollweide;ObliqueCylindrical;Orthographic;Planar;PointPerspective;PolarStereographic;RingCylindrical;Robinson;SimpleCylindrical;Sinusoidal;TProj;TransverseMercator;UpturnedEllipsoidTransverseAzimuthal,non_gui,present,present,identical_text,,isis/src/base/objs/TransverseMercator/TransverseMercator.h,isis/src/base/objs/TransverseMercator/TransverseMercator.h
src/base/bind_base_projection_types.cpp,UpturnedEllipsoidTransverseAzimuthal.h,Equirectangular;LambertAzimuthalEqualArea;LambertConformal;LunarAzimuthalEqualArea;Mercator;Mollweide;ObliqueCylindrical;Orthographic;Planar;PointPerspective;PolarStereographic;RingCylindrical;Robinson;SimpleCylindrical;Sinusoidal;TProj;TransverseMercator;UpturnedEllipsoidTransverseAzimuthal,non_gui,present,present,identical_text,,isis/src/base/objs/UpturnedEllipsoidTransverseAzimuthal/UpturnedEllipsoidTransverseAzimuthal.h,isis/src/base/objs/UpturnedEllipsoidTransverseAzimuthal/UpturnedEllipsoidTransverseAzimuthal.h
src/base/bind_base_pvl.cpp,FileName.h,LabelTranslationManager;Pvl;PvlContainer;PvlFormat;PvlFormatPds;PvlGroup;PvlKeyword;PvlObject;PvlSequence;PvlToPvlTranslationManager;PvlToXmlTranslationManager;PvlToken;PvlTokenizer;PvlTranslationTable;XmlToPvlTranslationManager,non_gui,present,present,changed_review_required,,isis/src/base/objs/FileName/FileName.h,isis/src/core/include/FileName.h
src/base/bind_base_pvl.cpp,IException.h,LabelTranslationManager;Pvl;PvlContainer;PvlFormat;PvlFormatPds;PvlGroup;PvlKeyword;PvlObject;PvlSequence;PvlToPvlTranslationManager;PvlToXmlTranslationManager;PvlToken;PvlTokenizer;PvlTranslationTable;XmlToPvlTranslationManager,non_gui,present,present,changed_review_required,,isis/src/base/objs/IException/IException.h,isis/src/core/include/IException.h
src/base/bind_base_pvl.cpp,LabelTranslationManager.h,LabelTranslationManager;Pvl;PvlContainer;PvlFormat;PvlFormatPds;PvlGroup;PvlKeyword;PvlObject;PvlSequence;PvlToPvlTranslationManager;PvlToXmlTranslationManager;PvlToken;PvlTokenizer;PvlTranslationTable;XmlToPvlTranslationManager,non_gui,present,present,changed_review_required,,isis/src/base/objs/LabelTranslationManager/LabelTranslationManager.h,isis/src/base/objs/LabelTranslationManager/LabelTranslationManager.h
src/base/bind_base_pvl.cpp,Pvl.h,LabelTranslationManager;Pvl;PvlContainer;PvlFormat;PvlFormatPds;PvlGroup;PvlKeyword;PvlObject;PvlSequence;PvlToPvlTranslationManager;PvlToXmlTranslationManager;PvlToken;PvlTokenizer;PvlTranslationTable;XmlToPvlTranslationManager,non_gui,present,present,changed_review_required,,isis/src/base/objs/Pvl/Pvl.h,isis/src/core/include/Pvl.h
src/base/bind_base_pvl.cpp,PvlContainer.h,LabelTranslationManager;Pvl;PvlContainer;PvlFormat;PvlFormatPds;PvlGroup;PvlKeyword;PvlObject;PvlSequence;PvlToPvlTranslationManager;PvlToXmlTranslationManager;PvlToken;PvlTokenizer;PvlTranslationTable;XmlToPvlTranslationManager,non_gui,present,present,changed_review_required,,isis/src/base/objs/PvlContainer/PvlContainer.h,isis/src/core/include/PvlContainer.h
src/base/bind_base_pvl.cpp,PvlFormat.h,LabelTranslationManager;Pvl;PvlContainer;PvlFormat;PvlFormatPds;PvlGroup;PvlKeyword;PvlObject;PvlSequence;PvlToPvlTranslationManager;PvlToXmlTranslationManager;PvlToken;PvlTokenizer;PvlTranslationTable;XmlToPvlTranslationManager,non_gui,present,present,changed_review_required,,isis/src/base/objs/PvlFormat/PvlFormat.h,isis/src/core/include/PvlFormat.h
src/base/bind_base_pvl.cpp,PvlFormatPds.h,LabelTranslationManager;Pvl;PvlContainer;PvlFormat;PvlFormatPds;PvlGroup;PvlKeyword;PvlObject;PvlSequence;PvlToPvlTranslationManager;PvlToXmlTranslationManager;PvlToken;PvlTokenizer;PvlTranslationTable;XmlToPvlTranslationManager,non_gui,present,present,identical_text,,isis/src/base/objs/PvlFormatPds/PvlFormatPds.h,isis/src/core/include/PvlFormatPds.h
src/base/bind_base_pvl.cpp,PvlGroup.h,LabelTranslationManager;Pvl;PvlContainer;PvlFormat;PvlFormatPds;PvlGroup;PvlKeyword;PvlObject;PvlSequence;PvlToPvlTranslationManager;PvlToXmlTranslationManager;PvlToken;PvlTokenizer;PvlTranslationTable;XmlToPvlTranslationManager,non_gui,present,present,identical_text,,isis/src/base/objs/PvlGroup/PvlGroup.h,isis/src/core/include/PvlGroup.h
src/base/bind_base_pvl.cpp,PvlKeyword.h,LabelTranslationManager;Pvl;PvlContainer;PvlFormat;PvlFormatPds;PvlGroup;PvlKeyword;PvlObject;PvlSequence;PvlToPvlTranslationManager;PvlToXmlTranslationManager;PvlToken;PvlTokenizer;PvlTranslationTable;XmlToPvlTranslationManager,non_gui,present,present,changed_review_required,,isis/src/base/objs/PvlKeyword/PvlKeyword.h,isis/src/core/include/PvlKeyword.h
src/base/bind_base_pvl.cpp,PvlObject.h,LabelTranslationManager;Pvl;PvlContainer;PvlFormat;PvlFormatPds;PvlGroup;PvlKeyword;PvlObject;PvlSequence;PvlToPvlTranslationManager;PvlToXmlTranslationManager;PvlToken;PvlTokenizer;PvlTranslationTable;XmlToPvlTranslationManager,non_gui,present,present,changed_review_required,,isis/src/base/objs/PvlObject/PvlObject.h,isis/src/core/include/PvlObject.h
src/base/bind_base_pvl.cpp,PvlSequence.h,LabelTranslationManager;Pvl;PvlContainer;PvlFormat;PvlFormatPds;PvlGroup;PvlKeyword;PvlObject;PvlSequence;PvlToPvlTranslationManager;PvlToXmlTranslationManager;PvlToken;PvlTokenizer;PvlTranslationTable;XmlToPvlTranslationManager,non_gui,present,present,identical_text,,isis/src/base/objs/PvlSequence/PvlSequence.h,isis/src/core/include/PvlSequence.h
src/base/bind_base_pvl.cpp,PvlToPvlTranslationManager.h,LabelTranslationManager;Pvl;PvlContainer;PvlFormat;PvlFormatPds;PvlGroup;PvlKeyword;PvlObject;PvlSequence;PvlToPvlTranslationManager;PvlToXmlTranslationManager;PvlToken;PvlTokenizer;PvlTranslationTable;XmlToPvlTranslationManager,non_gui,present,present,changed_review_required,,isis/src/base/objs/PvlToPvlTranslationManager/PvlToPvlTranslationManager.h,isis/src/base/objs/PvlToPvlTranslationManager/PvlToPvlTranslationManager.h
src/base/bind_base_pvl.cpp,PvlToXmlTranslationManager.h,LabelTranslationManager;Pvl;PvlContainer;PvlFormat;PvlFormatPds;PvlGroup;PvlKeyword;PvlObject;PvlSequence;PvlToPvlTranslationManager;PvlToXmlTranslationManager;PvlToken;PvlTokenizer;PvlTranslationTable;XmlToPvlTranslationManager,non_gui,present,present,changed_review_required,,isis/src/base/objs/PvlToXmlTranslationManager/PvlToXmlTranslationManager.h,isis/src/base/objs/PvlToXmlTranslationManager/PvlToXmlTranslationManager.h
src/base/bind_base_pvl.cpp,PvlToken.h,LabelTranslationManager;Pvl;PvlContainer;PvlFormat;PvlFormatPds;PvlGroup;PvlKeyword;PvlObject;PvlSequence;PvlToPvlTranslationManager;PvlToXmlTranslationManager;PvlToken;PvlTokenizer;PvlTranslationTable;XmlToPvlTranslationManager,non_gui,present,present,identical_text,,isis/src/base/objs/PvlToken/PvlToken.h,isis/src/core/include/PvlToken.h
src/base/bind_base_pvl.cpp,PvlTokenizer.h,LabelTranslationManager;Pvl;PvlContainer;PvlFormat;PvlFormatPds;PvlGroup;PvlKeyword;PvlObject;PvlSequence;PvlToPvlTranslationManager;PvlToXmlTranslationManager;PvlToken;PvlTokenizer;PvlTranslationTable;XmlToPvlTranslationManager,non_gui,present,present,identical_text,,isis/src/base/objs/PvlTokenizer/PvlTokenizer.h,isis/src/core/include/PvlTokenizer.h
src/base/bind_base_pvl.cpp,PvlTranslationTable.h,LabelTranslationManager;Pvl;PvlContainer;PvlFormat;PvlFormatPds;PvlGroup;PvlKeyword;PvlObject;PvlSequence;PvlToPvlTranslationManager;PvlToXmlTranslationManager;PvlToken;PvlTokenizer;PvlTranslationTable;XmlToPvlTranslationManager,non_gui,present,present,identical_text,,isis/src/base/objs/PvlTranslationTable/PvlTranslationTable.h,isis/src/base/objs/PvlTranslationTable/PvlTranslationTable.h
src/base/bind_base_pvl.cpp,XmlToPvlTranslationManager.h,LabelTranslationManager;Pvl;PvlContainer;PvlFormat;PvlFormatPds;PvlGroup;PvlKeyword;PvlObject;PvlSequence;PvlToPvlTranslationManager;PvlToXmlTranslationManager;PvlToken;PvlTokenizer;PvlTranslationTable;XmlToPvlTranslationManager,non_gui,present,present,changed_review_required,,isis/src/base/objs/XmlToPvlTranslationManager/XmlToPvlTranslationManager.h,isis/src/base/objs/XmlToPvlTranslationManager/XmlToPvlTranslationManager.h
src/base/bind_base_shape.cpp,BulletShapeModel.h,BulletShapeModel;DemShape;EllipsoidShape;EmbreeShapeModel;NaifDskShape;PlaneShape;ShapeModel,non_gui,present,present,changed_review_required,,isis/src/base/objs/BulletShapeModel/BulletShapeModel.h,isis/src/base/objs/BulletShapeModel/BulletShapeModel.h
src/base/bind_base_shape.cpp,DemShape.h,BulletShapeModel;DemShape;EllipsoidShape;EmbreeShapeModel;NaifDskShape;PlaneShape;ShapeModel,non_gui,present,present,changed_review_required,,isis/src/base/objs/DemShape/DemShape.h,isis/src/base/objs/DemShape/DemShape.h
src/base/bind_base_shape.cpp,Distance.h,BulletShapeModel;DemShape;EllipsoidShape;EmbreeShapeModel;NaifDskShape;PlaneShape;ShapeModel,non_gui,present,present,identical_text,,isis/src/base/objs/Distance/Distance.h,isis/src/base/objs/Distance/Distance.h
src/base/bind_base_shape.cpp,EllipsoidShape.h,BulletShapeModel;DemShape;EllipsoidShape;EmbreeShapeModel;NaifDskShape;PlaneShape;ShapeModel,non_gui,present,present,changed_review_required,,isis/src/base/objs/EllipsoidShape/EllipsoidShape.h,isis/src/base/objs/EllipsoidShape/EllipsoidShape.h
src/base/bind_base_shape.cpp,EmbreeShapeModel.h,BulletShapeModel;DemShape;EllipsoidShape;EmbreeShapeModel;NaifDskShape;PlaneShape;ShapeModel,non_gui,present,present,changed_review_required,,isis/src/base/objs/EmbreeShapeModel/EmbreeShapeModel.h,isis/src/base/objs/EmbreeShapeModel/EmbreeShapeModel.h
src/base/bind_base_shape.cpp,Latitude.h,BulletShapeModel;DemShape;EllipsoidShape;EmbreeShapeModel;NaifDskShape;PlaneShape;ShapeModel,non_gui,present,present,identical_text,,isis/src/base/objs/Latitude/Latitude.h,isis/src/base/objs/Latitude/Latitude.h
src/base/bind_base_shape.cpp,Longitude.h,BulletShapeModel;DemShape;EllipsoidShape;EmbreeShapeModel;NaifDskShape;PlaneShape;ShapeModel,non_gui,present,present,identical_text,,isis/src/base/objs/Longitude/Longitude.h,isis/src/base/objs/Longitude/Longitude.h
src/base/bind_base_shape.cpp,NaifDskShape.h,BulletShapeModel;DemShape;EllipsoidShape;EmbreeShapeModel;NaifDskShape;PlaneShape;ShapeModel,non_gui,present,present,changed_review_required,,isis/src/base/objs/NaifDskShape/NaifDskShape.h,isis/src/base/objs/NaifDskShape/NaifDskShape.h
src/base/bind_base_shape.cpp,PlaneShape.h,BulletShapeModel;DemShape;EllipsoidShape;EmbreeShapeModel;NaifDskShape;PlaneShape;ShapeModel,non_gui,present,present,identical_text,,isis/src/base/objs/PlaneShape/PlaneShape.h,isis/src/base/objs/PlaneShape/PlaneShape.h
src/base/bind_base_shape.cpp,ShapeModel.h,BulletShapeModel;DemShape;EllipsoidShape;EmbreeShapeModel;NaifDskShape;PlaneShape;ShapeModel,non_gui,present,present,changed_review_required,,isis/src/base/objs/ShapeModel/ShapeModel.h,isis/src/base/objs/ShapeModel/ShapeModel.h
src/base/bind_base_shape.cpp,SurfacePoint.h,BulletShapeModel;DemShape;EllipsoidShape;EmbreeShapeModel;NaifDskShape;PlaneShape;ShapeModel,non_gui,present,present,identical_text,,isis/src/base/objs/SurfacePoint/SurfacePoint.h,isis/src/base/objs/SurfacePoint/SurfacePoint.h
src/base/bind_base_shape_support.cpp,AbstractPlate.h,AbstractPlate;BulletTargetShape;BulletWorldManager;EmbreeTargetManager;EmbreeTargetShape;Intercept;NaifDskPlateModel;TriangularPlate,non_gui,present,present,identical_text,,isis/src/base/objs/AbstractPlate/AbstractPlate.h,isis/src/base/objs/AbstractPlate/AbstractPlate.h
src/base/bind_base_shape_support.cpp,BulletTargetShape.h,AbstractPlate;BulletTargetShape;BulletWorldManager;EmbreeTargetManager;EmbreeTargetShape;Intercept;NaifDskPlateModel;TriangularPlate,non_gui,present,present,changed_review_required,,isis/src/base/objs/BulletTargetShape/BulletTargetShape.h,isis/src/base/objs/BulletTargetShape/BulletTargetShape.h
src/base/bind_base_shape_support.cpp,BulletWorldManager.h,AbstractPlate;BulletTargetShape;BulletWorldManager;EmbreeTargetManager;EmbreeTargetShape;Intercept;NaifDskPlateModel;TriangularPlate,non_gui,present,present,identical_text,,isis/src/base/objs/BulletWorldManager/BulletWorldManager.h,isis/src/base/objs/BulletWorldManager/BulletWorldManager.h
src/base/bind_base_shape_support.cpp,EmbreeTargetManager.h,AbstractPlate;BulletTargetShape;BulletWorldManager;EmbreeTargetManager;EmbreeTargetShape;Intercept;NaifDskPlateModel;TriangularPlate,non_gui,present,present,identical_text,,isis/src/base/objs/EmbreeTargetManager/EmbreeTargetManager.h,isis/src/base/objs/EmbreeTargetManager/EmbreeTargetManager.h
src/base/bind_base_shape_support.cpp,EmbreeTargetShape.h,AbstractPlate;BulletTargetShape;BulletWorldManager;EmbreeTargetManager;EmbreeTargetShape;Intercept;NaifDskPlateModel;TriangularPlate,non_gui,present,present,identical_text,,isis/src/base/objs/EmbreeTargetShape/EmbreeTargetShape.h,isis/src/base/objs/EmbreeTargetShape/EmbreeTargetShape.h
src/base/bind_base_shape_support.cpp,Intercept.h,AbstractPlate;BulletTargetShape;BulletWorldManager;EmbreeTargetManager;EmbreeTargetShape;Intercept;NaifDskPlateModel;TriangularPlate,non_gui,present,present,identical_text,,isis/src/base/objs/Intercept/Intercept.h,isis/src/base/objs/Intercept/Intercept.h
src/base/bind_base_shape_support.cpp,Latitude.h,AbstractPlate;BulletTargetShape;BulletWorldManager;EmbreeTargetManager;EmbreeTargetShape;Intercept;NaifDskPlateModel;TriangularPlate,non_gui,present,present,identical_text,,isis/src/base/objs/Latitude/Latitude.h,isis/src/base/objs/Latitude/Latitude.h
src/base/bind_base_shape_support.cpp,Longitude.h,AbstractPlate;BulletTargetShape;BulletWorldManager;EmbreeTargetManager;EmbreeTargetShape;Intercept;NaifDskPlateModel;TriangularPlate,non_gui,present,present,identical_text,,isis/src/base/objs/Longitude/Longitude.h,isis/src/base/objs/Longitude/Longitude.h
src/base/bind_base_shape_support.cpp,NaifDskApi.h,AbstractPlate;BulletTargetShape;BulletWorldManager;EmbreeTargetManager;EmbreeTargetShape;Intercept;NaifDskPlateModel;TriangularPlate,non_gui,present,present,identical_text,,isis/src/base/objs/NaifDskApi/NaifDskApi.h,isis/src/base/objs/NaifDskApi/NaifDskApi.h
src/base/bind_base_shape_support.cpp,NaifDskPlateModel.h,AbstractPlate;BulletTargetShape;BulletWorldManager;EmbreeTargetManager;EmbreeTargetShape;Intercept;NaifDskPlateModel;TriangularPlate,non_gui,present,present,identical_text,,isis/src/base/objs/NaifDskPlateModel/NaifDskPlateModel.h,isis/src/base/objs/NaifDskPlateModel/NaifDskPlateModel.h
src/base/bind_base_shape_support.cpp,SurfacePoint.h,AbstractPlate;BulletTargetShape;BulletWorldManager;EmbreeTargetManager;EmbreeTargetShape;Intercept;NaifDskPlateModel;TriangularPlate,non_gui,present,present,identical_text,,isis/src/base/objs/SurfacePoint/SurfacePoint.h,isis/src/base/objs/SurfacePoint/SurfacePoint.h
src/base/bind_base_shape_support.cpp,TriangularPlate.h,AbstractPlate;BulletTargetShape;BulletWorldManager;EmbreeTargetManager;EmbreeTargetShape;Intercept;NaifDskPlateModel;TriangularPlate,non_gui,present,present,identical_text,,isis/src/base/objs/TriangularPlate/TriangularPlate.h,isis/src/base/objs/TriangularPlate/TriangularPlate.h
src/base/bind_base_support.cpp,Cube.h,FileListWrapper;FileName;ObservationNumber;Progress;SerialNumber;SerialNumberList;iTime,non_gui,present,present,changed_review_required,,isis/src/base/objs/Cube/Cube.h,isis/src/base/objs/Cube/Cube.h
src/base/bind_base_support.cpp,FileList.h,FileListWrapper;FileName;ObservationNumber;Progress;SerialNumber;SerialNumberList;iTime,non_gui,present,present,identical_text,,isis/src/base/objs/FileList/FileList.h,isis/src/base/objs/FileList/FileList.h
src/base/bind_base_support.cpp,FileName.h,FileListWrapper;FileName;ObservationNumber;Progress;SerialNumber;SerialNumberList;iTime,non_gui,present,present,changed_review_required,,isis/src/base/objs/FileName/FileName.h,isis/src/core/include/FileName.h
src/base/bind_base_support.cpp,IException.h,FileListWrapper;FileName;ObservationNumber;Progress;SerialNumber;SerialNumberList;iTime,non_gui,present,present,changed_review_required,,isis/src/base/objs/IException/IException.h,isis/src/core/include/IException.h
src/base/bind_base_support.cpp,ObservationNumber.h,FileListWrapper;FileName;ObservationNumber;Progress;SerialNumber;SerialNumberList;iTime,non_gui,present,present,identical_text,,isis/src/base/objs/ObservationNumber/ObservationNumber.h,isis/src/base/objs/ObservationNumber/ObservationNumber.h
src/base/bind_base_support.cpp,Progress.h,FileListWrapper;FileName;ObservationNumber;Progress;SerialNumber;SerialNumberList;iTime,non_gui,present,present,identical_text,,isis/src/base/objs/Progress/Progress.h,isis/src/base/objs/Progress/Progress.h
src/base/bind_base_support.cpp,Pvl.h,FileListWrapper;FileName;ObservationNumber;Progress;SerialNumber;SerialNumberList;iTime,non_gui,present,present,changed_review_required,,isis/src/base/objs/Pvl/Pvl.h,isis/src/core/include/Pvl.h
src/base/bind_base_support.cpp,SerialNumber.h,FileListWrapper;FileName;ObservationNumber;Progress;SerialNumber;SerialNumberList;iTime,non_gui,present,present,identical_text,,isis/src/base/objs/SerialNumber/SerialNumber.h,isis/src/base/objs/SerialNumber/SerialNumber.h
src/base/bind_base_support.cpp,SerialNumberList.h,FileListWrapper;FileName;ObservationNumber;Progress;SerialNumber;SerialNumberList;iTime,non_gui,present,present,identical_text,,isis/src/base/objs/SerialNumberList/SerialNumberList.h,isis/src/base/objs/SerialNumberList/SerialNumberList.h
src/base/bind_base_support.cpp,iTime.h,FileListWrapper;FileName;ObservationNumber;Progress;SerialNumber;SerialNumberList;iTime,non_gui,present,present,identical_text,,isis/src/base/objs/iTime/iTime.h,isis/src/base/objs/iTime/iTime.h
src/base/bind_base_surface.cpp,Angle.h,SurfacePoint,non_gui,present,present,identical_text,,isis/src/base/objs/Angle/Angle.h,isis/src/base/objs/Angle/Angle.h
src/base/bind_base_surface.cpp,Displacement.h,SurfacePoint,non_gui,present,present,identical_text,,isis/src/base/objs/Displacement/Displacement.h,isis/src/base/objs/Displacement/Displacement.h
src/base/bind_base_surface.cpp,Distance.h,SurfacePoint,non_gui,present,present,identical_text,,isis/src/base/objs/Distance/Distance.h,isis/src/base/objs/Distance/Distance.h
src/base/bind_base_surface.cpp,Latitude.h,SurfacePoint,non_gui,present,present,identical_text,,isis/src/base/objs/Latitude/Latitude.h,isis/src/base/objs/Latitude/Latitude.h
src/base/bind_base_surface.cpp,Longitude.h,SurfacePoint,non_gui,present,present,identical_text,,isis/src/base/objs/Longitude/Longitude.h,isis/src/base/objs/Longitude/Longitude.h
src/base/bind_base_surface.cpp,SurfacePoint.h,SurfacePoint,non_gui,present,present,identical_text,,isis/src/base/objs/SurfacePoint/SurfacePoint.h,isis/src/base/objs/SurfacePoint/SurfacePoint.h
src/base/bind_base_target.cpp,Angle.h,ShapeModelFactory;Target,non_gui,present,present,identical_text,,isis/src/base/objs/Angle/Angle.h,isis/src/base/objs/Angle/Angle.h
src/base/bind_base_target.cpp,Distance.h,ShapeModelFactory;Target,non_gui,present,present,identical_text,,isis/src/base/objs/Distance/Distance.h,isis/src/base/objs/Distance/Distance.h
src/base/bind_base_target.cpp,Pvl.h,ShapeModelFactory;Target,non_gui,present,present,changed_review_required,,isis/src/base/objs/Pvl/Pvl.h,isis/src/core/include/Pvl.h
src/base/bind_base_target.cpp,ShapeModel.h,ShapeModelFactory;Target,non_gui,present,present,changed_review_required,,isis/src/base/objs/ShapeModel/ShapeModel.h,isis/src/base/objs/ShapeModel/ShapeModel.h
src/base/bind_base_target.cpp,ShapeModelFactory.h,ShapeModelFactory;Target,non_gui,present,present,identical_text,,isis/src/base/objs/ShapeModelFactory/ShapeModelFactory.h,isis/src/base/objs/ShapeModelFactory/ShapeModelFactory.h
src/base/bind_base_target.cpp,Target.h,ShapeModelFactory;Target,non_gui,present,present,identical_text,,isis/src/base/objs/Target/Target.h,isis/src/base/objs/Target/Target.h
src/base/bind_base_utility.cpp,CollectorMap.h,CollectorMapIntString;Column;EndianSwapper;Environment;GSL;ID;IString;LineEquation;Pixel;PluginWrapper;PolygonToolsWrapper;Resource;TextFile,non_gui,present,present,identical_text,,isis/src/base/objs/CollectorMap/CollectorMap.h,isis/src/base/objs/CollectorMap/CollectorMap.h
src/base/bind_base_utility.cpp,Column.h,CollectorMapIntString;Column;EndianSwapper;Environment;GSL;ID;IString;LineEquation;Pixel;PluginWrapper;PolygonToolsWrapper;Resource;TextFile,non_gui,present,present,identical_text,,isis/src/base/objs/Column/Column.h,isis/src/base/objs/Column/Column.h
src/base/bind_base_utility.cpp,EndianSwapper.h,CollectorMapIntString;Column;EndianSwapper;Environment;GSL;ID;IString;LineEquation;Pixel;PluginWrapper;PolygonToolsWrapper;Resource;TextFile,non_gui,present,present,identical_text,,isis/src/base/objs/EndianSwapper/EndianSwapper.h,isis/src/base/objs/EndianSwapper/EndianSwapper.h
src/base/bind_base_utility.cpp,Environment.h,CollectorMapIntString;Column;EndianSwapper;Environment;GSL;ID;IString;LineEquation;Pixel;PluginWrapper;PolygonToolsWrapper;Resource;TextFile,non_gui,present,present,changed_review_required,,isis/src/base/objs/Environment/Environment.h,isis/src/base/objs/Environment/Environment.h
src/base/bind_base_utility.cpp,GSLUtility.h,CollectorMapIntString;Column;EndianSwapper;Environment;GSL;ID;IString;LineEquation;Pixel;PluginWrapper;PolygonToolsWrapper;Resource;TextFile,non_gui,present,present,identical_text,,isis/src/base/objs/GSLUtility/GSLUtility.h,isis/src/base/objs/GSLUtility/GSLUtility.h
src/base/bind_base_utility.cpp,ID.h,CollectorMapIntString;Column;EndianSwapper;Environment;GSL;ID;IString;LineEquation;Pixel;PluginWrapper;PolygonToolsWrapper;Resource;TextFile,non_gui,present,present,identical_text,,isis/src/base/objs/ID/ID.h,isis/src/base/objs/ID/ID.h
src/base/bind_base_utility.cpp,IString.h,CollectorMapIntString;Column;EndianSwapper;Environment;GSL;ID;IString;LineEquation;Pixel;PluginWrapper;PolygonToolsWrapper;Resource;TextFile,non_gui,present,present,identical_text,,isis/src/base/objs/IString/IString.h,isis/src/core/include/IString.h
src/base/bind_base_utility.cpp,LineEquation.h,CollectorMapIntString;Column;EndianSwapper;Environment;GSL;ID;IString;LineEquation;Pixel;PluginWrapper;PolygonToolsWrapper;Resource;TextFile,non_gui,present,present,identical_text,,isis/src/base/objs/LineEquation/LineEquation.h,isis/src/base/objs/LineEquation/LineEquation.h
src/base/bind_base_utility.cpp,Message.h,CollectorMapIntString;Column;EndianSwapper;Environment;GSL;ID;IString;LineEquation;Pixel;PluginWrapper;PolygonToolsWrapper;Resource;TextFile,non_gui,present,present,identical_text,,isis/src/base/objs/Message/Message.h,isis/src/core/include/Message.h
src/base/bind_base_utility.cpp,Pixel.h,CollectorMapIntString;Column;EndianSwapper;Environment;GSL;ID;IString;LineEquation;Pixel;PluginWrapper;PolygonToolsWrapper;Resource;TextFile,non_gui,present,present,identical_text,,isis/src/base/objs/Pixel/Pixel.h,isis/src/base/objs/Pixel/Pixel.h
src/base/bind_base_utility.cpp,Plugin.h,CollectorMapIntString;Column;EndianSwapper;Environment;GSL;ID;IString;LineEquation;Pixel;PluginWrapper;PolygonToolsWrapper;Resource;TextFile,non_gui,present,present,identical_text,,isis/src/base/objs/Plugin/Plugin.h,isis/src/base/objs/Plugin/Plugin.h
src/base/bind_base_utility.cpp,PolygonTools.h,CollectorMapIntString;Column;EndianSwapper;Environment;GSL;ID;IString;LineEquation;Pixel;PluginWrapper;PolygonToolsWrapper;Resource;TextFile,non_gui,present,present,identical_text,,isis/src/base/objs/PolygonTools/PolygonTools.h,isis/src/base/objs/PolygonTools/PolygonTools.h
src/base/bind_base_utility.cpp,PvlKeyword.h,CollectorMapIntString;Column;EndianSwapper;Environment;GSL;ID;IString;LineEquation;Pixel;PluginWrapper;PolygonToolsWrapper;Resource;TextFile,non_gui,present,present,changed_review_required,,isis/src/base/objs/PvlKeyword/PvlKeyword.h,isis/src/core/include/PvlKeyword.h
src/base/bind_base_utility.cpp,PvlObject.h,CollectorMapIntString;Column;EndianSwapper;Environment;GSL;ID;IString;LineEquation;Pixel;PluginWrapper;PolygonToolsWrapper;Resource;TextFile,non_gui,present,present,changed_review_required,,isis/src/base/objs/PvlObject/PvlObject.h,isis/src/core/include/PvlObject.h
src/base/bind_base_utility.cpp,Resource.h,CollectorMapIntString;Column;EndianSwapper;Environment;GSL;ID;IString;LineEquation;Pixel;PluginWrapper;PolygonToolsWrapper;Resource;TextFile,non_gui,present,present,identical_text,,isis/src/base/objs/Resource/Resource.h,isis/src/base/objs/Resource/Resource.h
src/base/bind_base_utility.cpp,SpecialPixel.h,CollectorMapIntString;Column;EndianSwapper;Environment;GSL;ID;IString;LineEquation;Pixel;PluginWrapper;PolygonToolsWrapper;Resource;TextFile,non_gui,present,present,changed_review_required,,isis/src/base/objs/SpecialPixel/SpecialPixel.h,isis/src/core/include/SpecialPixel.h
src/base/bind_base_utility.cpp,TextFile.h,CollectorMapIntString;Column;EndianSwapper;Environment;GSL;ID;IString;LineEquation;Pixel;PluginWrapper;PolygonToolsWrapper;Resource;TextFile,non_gui,present,present,identical_text,,isis/src/base/objs/TextFile/TextFile.h,isis/src/base/objs/TextFile/TextFile.h
src/bind_camera.cpp,Camera.h,Camera;CameraPointInfo;LightTimeCorrectionState;PixelFOVWrapper;Quaternion,non_gui,present,present,identical_text,,isis/src/base/objs/Camera/Camera.h,isis/src/base/objs/Camera/Camera.h
src/bind_camera.cpp,CameraDetectorMap.h,Camera;CameraPointInfo;LightTimeCorrectionState;PixelFOVWrapper;Quaternion,non_gui,present,present,identical_text,,isis/src/base/objs/CameraDetectorMap/CameraDetectorMap.h,isis/src/base/objs/CameraDetectorMap/CameraDetectorMap.h
src/bind_camera.cpp,CameraDistortionMap.h,Camera;CameraPointInfo;LightTimeCorrectionState;PixelFOVWrapper;Quaternion,non_gui,present,present,identical_text,,isis/src/base/objs/CameraDistortionMap/CameraDistortionMap.h,isis/src/base/objs/CameraDistortionMap/CameraDistortionMap.h
src/bind_camera.cpp,CameraFocalPlaneMap.h,Camera;CameraPointInfo;LightTimeCorrectionState;PixelFOVWrapper;Quaternion,non_gui,present,present,changed_review_required,,isis/src/base/objs/CameraFocalPlaneMap/CameraFocalPlaneMap.h,isis/src/base/objs/CameraFocalPlaneMap/CameraFocalPlaneMap.h
src/bind_camera.cpp,CameraGroundMap.h,Camera;CameraPointInfo;LightTimeCorrectionState;PixelFOVWrapper;Quaternion,non_gui,present,present,identical_text,,isis/src/base/objs/CameraGroundMap/CameraGroundMap.h,isis/src/base/objs/CameraGroundMap/CameraGroundMap.h
src/bind_camera.cpp,CameraPointInfo.h,Camera;CameraPointInfo;LightTimeCorrectionState;PixelFOVWrapper;Quaternion,non_gui,present,present,identical_text,,isis/src/base/objs/CameraPointInfo/CameraPointInfo.h,isis/src/base/objs/CameraPointInfo/CameraPointInfo.h
src/bind_camera.cpp,CameraSkyMap.h,Camera;CameraPointInfo;LightTimeCorrectionState;PixelFOVWrapper;Quaternion,non_gui,present,present,identical_text,,isis/src/base/objs/CameraSkyMap/CameraSkyMap.h,isis/src/base/objs/CameraSkyMap/CameraSkyMap.h
src/bind_camera.cpp,LightTimeCorrectionState.h,Camera;CameraPointInfo;LightTimeCorrectionState;PixelFOVWrapper;Quaternion,non_gui,present,present,identical_text,,isis/src/base/objs/Spice/LightTimeCorrectionState.h,isis/src/base/objs/Spice/LightTimeCorrectionState.h
src/bind_camera.cpp,PixelFOV.h,Camera;CameraPointInfo;LightTimeCorrectionState;PixelFOVWrapper;Quaternion,non_gui,present,present,identical_text,,isis/src/base/objs/PixelFOV/PixelFOV.h,isis/src/base/objs/PixelFOV/PixelFOV.h
src/bind_camera.cpp,PvlGroup.h,Camera;CameraPointInfo;LightTimeCorrectionState;PixelFOVWrapper;Quaternion,non_gui,present,present,identical_text,,isis/src/base/objs/PvlGroup/PvlGroup.h,isis/src/core/include/PvlGroup.h
src/bind_camera.cpp,Quaternion.h,Camera;CameraPointInfo;LightTimeCorrectionState;PixelFOVWrapper;Quaternion,non_gui,present,present,identical_text,,isis/src/base/objs/Quaternion/Quaternion.h,isis/src/base/objs/Quaternion/Quaternion.h
src/bind_camera.cpp,Sensor.h,Camera;CameraPointInfo;LightTimeCorrectionState;PixelFOVWrapper;Quaternion,non_gui,present,present,identical_text,,isis/src/base/objs/Sensor/Sensor.h,isis/src/base/objs/Sensor/Sensor.h
src/bind_camera.cpp,Target.h,Camera;CameraPointInfo;LightTimeCorrectionState;PixelFOVWrapper;Quaternion,non_gui,present,present,identical_text,,isis/src/base/objs/Target/Target.h,isis/src/base/objs/Target/Target.h
src/bind_camera_factory.cpp,Camera.h,CameraFactory,non_gui,present,present,identical_text,,isis/src/base/objs/Camera/Camera.h,isis/src/base/objs/Camera/Camera.h
src/bind_camera_factory.cpp,CameraFactory.h,CameraFactory,non_gui,present,present,changed_review_required,,isis/src/base/objs/CameraFactory/CameraFactory.h,isis/src/base/objs/CameraFactory/CameraFactory.h
src/bind_camera_factory.cpp,Cube.h,CameraFactory,non_gui,present,present,changed_review_required,,isis/src/base/objs/Cube/Cube.h,isis/src/base/objs/Cube/Cube.h
src/bind_camera_hierarchy.cpp,CSMCamera.h,CSMCamera;FramingCamera;IdealCamera;LineScanCamera;PushFrameCamera;RadarCamera;RollingShutterCamera,non_gui,present,present,identical_text,,isis/src/base/objs/CSMCamera/CSMCamera.h,isis/src/base/objs/CSMCamera/CSMCamera.h
src/bind_camera_hierarchy.cpp,Camera.h,CSMCamera;FramingCamera;IdealCamera;LineScanCamera;PushFrameCamera;RadarCamera;RollingShutterCamera,non_gui,present,present,identical_text,,isis/src/base/objs/Camera/Camera.h,isis/src/base/objs/Camera/Camera.h
src/bind_camera_hierarchy.cpp,FramingCamera.h,CSMCamera;FramingCamera;IdealCamera;LineScanCamera;PushFrameCamera;RadarCamera;RollingShutterCamera,non_gui,present,present,identical_text,,isis/src/base/objs/FramingCamera/FramingCamera.h,isis/src/base/objs/FramingCamera/FramingCamera.h
src/bind_camera_hierarchy.cpp,IdealCamera.h,CSMCamera;FramingCamera;IdealCamera;LineScanCamera;PushFrameCamera;RadarCamera;RollingShutterCamera,non_gui,present,present,identical_text,,isis/src/base/objs/IdealCamera/IdealCamera.h,isis/src/base/objs/IdealCamera/IdealCamera.h
src/bind_camera_hierarchy.cpp,LineScanCamera.h,CSMCamera;FramingCamera;IdealCamera;LineScanCamera;PushFrameCamera;RadarCamera;RollingShutterCamera,non_gui,present,present,identical_text,,isis/src/base/objs/LineScanCamera/LineScanCamera.h,isis/src/base/objs/LineScanCamera/LineScanCamera.h
src/bind_camera_hierarchy.cpp,LineScanCameraDetectorMap.h,CSMCamera;FramingCamera;IdealCamera;LineScanCamera;PushFrameCamera;RadarCamera;RollingShutterCamera,non_gui,present,present,identical_text,,isis/src/base/objs/LineScanCameraDetectorMap/LineScanCameraDetectorMap.h,isis/src/base/objs/LineScanCameraDetectorMap/LineScanCameraDetectorMap.h
src/bind_camera_hierarchy.cpp,LineScanCameraGroundMap.h,CSMCamera;FramingCamera;IdealCamera;LineScanCamera;PushFrameCamera;RadarCamera;RollingShutterCamera,non_gui,present,present,identical_text,,isis/src/base/objs/LineScanCameraGroundMap/LineScanCameraGroundMap.h,isis/src/base/objs/LineScanCameraGroundMap/LineScanCameraGroundMap.h
src/bind_camera_hierarchy.cpp,LineScanCameraSkyMap.h,CSMCamera;FramingCamera;IdealCamera;LineScanCamera;PushFrameCamera;RadarCamera;RollingShutterCamera,non_gui,present,present,identical_text,,isis/src/base/objs/LineScanCameraSkyMap/LineScanCameraSkyMap.h,isis/src/base/objs/LineScanCameraSkyMap/LineScanCameraSkyMap.h
src/bind_camera_hierarchy.cpp,PushFrameCamera.h,CSMCamera;FramingCamera;IdealCamera;LineScanCamera;PushFrameCamera;RadarCamera;RollingShutterCamera,non_gui,present,present,identical_text,,isis/src/base/objs/PushFrameCamera/PushFrameCamera.h,isis/src/base/objs/PushFrameCamera/PushFrameCamera.h
src/bind_camera_hierarchy.cpp,RadarCamera.h,CSMCamera;FramingCamera;IdealCamera;LineScanCamera;PushFrameCamera;RadarCamera;RollingShutterCamera,non_gui,present,present,identical_text,,isis/src/base/objs/RadarCamera/RadarCamera.h,isis/src/base/objs/RadarCamera/RadarCamera.h
src/bind_camera_hierarchy.cpp,RollingShutterCamera.h,CSMCamera;FramingCamera;IdealCamera;LineScanCamera;PushFrameCamera;RadarCamera;RollingShutterCamera,non_gui,present,present,identical_text,,isis/src/base/objs/RollingShutterCamera/RollingShutterCamera.h,isis/src/base/objs/RollingShutterCamera/RollingShutterCamera.h
src/bind_camera_maps.cpp,CSMCamera.h,CSMSkyMap;CameraDetectorMap;CameraDistortionMap;CameraFocalPlaneMap;CameraGroundMap;CameraSkyMap;IrregularBodyCameraGroundMap;LineScanCameraDetectorMap;LineScanCameraGroundMap;LineScanCameraSkyMap;MarciDistortionMap;PushFrameCameraCcdLayout;PushFrameCameraDetectorMap;PushFrameCameraGroundMap;RadarGroundMap;RadarGroundRangeMap;RadarPulseMap;RadarSkyMap;RadarSlantRangeMap;ReseauDistortionMap;RollingShutterCameraDetectorMap;VariableLineScanCameraDetectorMap,non_gui,present,present,identical_text,,isis/src/base/objs/CSMCamera/CSMCamera.h,isis/src/base/objs/CSMCamera/CSMCamera.h
src/bind_camera_maps.cpp,CSMSkyMap.h,CSMSkyMap;CameraDetectorMap;CameraDistortionMap;CameraFocalPlaneMap;CameraGroundMap;CameraSkyMap;IrregularBodyCameraGroundMap;LineScanCameraDetectorMap;LineScanCameraGroundMap;LineScanCameraSkyMap;MarciDistortionMap;PushFrameCameraCcdLayout;PushFrameCameraDetectorMap;PushFrameCameraGroundMap;RadarGroundMap;RadarGroundRangeMap;RadarPulseMap;RadarSkyMap;RadarSlantRangeMap;ReseauDistortionMap;RollingShutterCameraDetectorMap;VariableLineScanCameraDetectorMap,non_gui,present,present,identical_text,,isis/src/base/objs/CSMSkyMap/CSMSkyMap.h,isis/src/base/objs/CSMSkyMap/CSMSkyMap.h
src/bind_camera_maps.cpp,CameraDetectorMap.h,CSMSkyMap;CameraDetectorMap;CameraDistortionMap;CameraFocalPlaneMap;CameraGroundMap;CameraSkyMap;IrregularBodyCameraGroundMap;LineScanCameraDetectorMap;LineScanCameraGroundMap;LineScanCameraSkyMap;MarciDistortionMap;PushFrameCameraCcdLayout;PushFrameCameraDetectorMap;PushFrameCameraGroundMap;RadarGroundMap;RadarGroundRangeMap;RadarPulseMap;RadarSkyMap;RadarSlantRangeMap;ReseauDistortionMap;RollingShutterCameraDetectorMap;VariableLineScanCameraDetectorMap,non_gui,present,present,identical_text,,isis/src/base/objs/CameraDetectorMap/CameraDetectorMap.h,isis/src/base/objs/CameraDetectorMap/CameraDetectorMap.h
src/bind_camera_maps.cpp,CameraDistortionMap.h,CSMSkyMap;CameraDetectorMap;CameraDistortionMap;CameraFocalPlaneMap;CameraGroundMap;CameraSkyMap;IrregularBodyCameraGroundMap;LineScanCameraDetectorMap;LineScanCameraGroundMap;LineScanCameraSkyMap;MarciDistortionMap;PushFrameCameraCcdLayout;PushFrameCameraDetectorMap;PushFrameCameraGroundMap;RadarGroundMap;RadarGroundRangeMap;RadarPulseMap;RadarSkyMap;RadarSlantRangeMap;ReseauDistortionMap;RollingShutterCameraDetectorMap;VariableLineScanCameraDetectorMap,non_gui,present,present,identical_text,,isis/src/base/objs/CameraDistortionMap/CameraDistortionMap.h,isis/src/base/objs/CameraDistortionMap/CameraDistortionMap.h
src/bind_camera_maps.cpp,CameraFocalPlaneMap.h,CSMSkyMap;CameraDetectorMap;CameraDistortionMap;CameraFocalPlaneMap;CameraGroundMap;CameraSkyMap;IrregularBodyCameraGroundMap;LineScanCameraDetectorMap;LineScanCameraGroundMap;LineScanCameraSkyMap;MarciDistortionMap;PushFrameCameraCcdLayout;PushFrameCameraDetectorMap;PushFrameCameraGroundMap;RadarGroundMap;RadarGroundRangeMap;RadarPulseMap;RadarSkyMap;RadarSlantRangeMap;ReseauDistortionMap;RollingShutterCameraDetectorMap;VariableLineScanCameraDetectorMap,non_gui,present,present,changed_review_required,,isis/src/base/objs/CameraFocalPlaneMap/CameraFocalPlaneMap.h,isis/src/base/objs/CameraFocalPlaneMap/CameraFocalPlaneMap.h
src/bind_camera_maps.cpp,CameraGroundMap.h,CSMSkyMap;CameraDetectorMap;CameraDistortionMap;CameraFocalPlaneMap;CameraGroundMap;CameraSkyMap;IrregularBodyCameraGroundMap;LineScanCameraDetectorMap;LineScanCameraGroundMap;LineScanCameraSkyMap;MarciDistortionMap;PushFrameCameraCcdLayout;PushFrameCameraDetectorMap;PushFrameCameraGroundMap;RadarGroundMap;RadarGroundRangeMap;RadarPulseMap;RadarSkyMap;RadarSlantRangeMap;ReseauDistortionMap;RollingShutterCameraDetectorMap;VariableLineScanCameraDetectorMap,non_gui,present,present,identical_text,,isis/src/base/objs/CameraGroundMap/CameraGroundMap.h,isis/src/base/objs/CameraGroundMap/CameraGroundMap.h
src/bind_camera_maps.cpp,CameraSkyMap.h,CSMSkyMap;CameraDetectorMap;CameraDistortionMap;CameraFocalPlaneMap;CameraGroundMap;CameraSkyMap;IrregularBodyCameraGroundMap;LineScanCameraDetectorMap;LineScanCameraGroundMap;LineScanCameraSkyMap;MarciDistortionMap;PushFrameCameraCcdLayout;PushFrameCameraDetectorMap;PushFrameCameraGroundMap;RadarGroundMap;RadarGroundRangeMap;RadarPulseMap;RadarSkyMap;RadarSlantRangeMap;ReseauDistortionMap;RollingShutterCameraDetectorMap;VariableLineScanCameraDetectorMap,non_gui,present,present,identical_text,,isis/src/base/objs/CameraSkyMap/CameraSkyMap.h,isis/src/base/objs/CameraSkyMap/CameraSkyMap.h
src/bind_camera_maps.cpp,Distance.h,CSMSkyMap;CameraDetectorMap;CameraDistortionMap;CameraFocalPlaneMap;CameraGroundMap;CameraSkyMap;IrregularBodyCameraGroundMap;LineScanCameraDetectorMap;LineScanCameraGroundMap;LineScanCameraSkyMap;MarciDistortionMap;PushFrameCameraCcdLayout;PushFrameCameraDetectorMap;PushFrameCameraGroundMap;RadarGroundMap;RadarGroundRangeMap;RadarPulseMap;RadarSkyMap;RadarSlantRangeMap;ReseauDistortionMap;RollingShutterCameraDetectorMap;VariableLineScanCameraDetectorMap,non_gui,present,present,identical_text,,isis/src/base/objs/Distance/Distance.h,isis/src/base/objs/Distance/Distance.h
src/bind_camera_maps.cpp,IrregularBodyCameraGroundMap.h,CSMSkyMap;CameraDetectorMap;CameraDistortionMap;CameraFocalPlaneMap;CameraGroundMap;CameraSkyMap;IrregularBodyCameraGroundMap;LineScanCameraDetectorMap;LineScanCameraGroundMap;LineScanCameraSkyMap;MarciDistortionMap;PushFrameCameraCcdLayout;PushFrameCameraDetectorMap;PushFrameCameraGroundMap;RadarGroundMap;RadarGroundRangeMap;RadarPulseMap;RadarSkyMap;RadarSlantRangeMap;ReseauDistortionMap;RollingShutterCameraDetectorMap;VariableLineScanCameraDetectorMap,non_gui,present,present,identical_text,,isis/src/base/objs/IrregularBodyCameraGroundMap/IrregularBodyCameraGroundMap.h,isis/src/base/objs/IrregularBodyCameraGroundMap/IrregularBodyCameraGroundMap.h
src/bind_camera_maps.cpp,Latitude.h,CSMSkyMap;CameraDetectorMap;CameraDistortionMap;CameraFocalPlaneMap;CameraGroundMap;CameraSkyMap;IrregularBodyCameraGroundMap;LineScanCameraDetectorMap;LineScanCameraGroundMap;LineScanCameraSkyMap;MarciDistortionMap;PushFrameCameraCcdLayout;PushFrameCameraDetectorMap;PushFrameCameraGroundMap;RadarGroundMap;RadarGroundRangeMap;RadarPulseMap;RadarSkyMap;RadarSlantRangeMap;ReseauDistortionMap;RollingShutterCameraDetectorMap;VariableLineScanCameraDetectorMap,non_gui,present,present,identical_text,,isis/src/base/objs/Latitude/Latitude.h,isis/src/base/objs/Latitude/Latitude.h
src/bind_camera_maps.cpp,LineScanCameraDetectorMap.h,CSMSkyMap;CameraDetectorMap;CameraDistortionMap;CameraFocalPlaneMap;CameraGroundMap;CameraSkyMap;IrregularBodyCameraGroundMap;LineScanCameraDetectorMap;LineScanCameraGroundMap;LineScanCameraSkyMap;MarciDistortionMap;PushFrameCameraCcdLayout;PushFrameCameraDetectorMap;PushFrameCameraGroundMap;RadarGroundMap;RadarGroundRangeMap;RadarPulseMap;RadarSkyMap;RadarSlantRangeMap;ReseauDistortionMap;RollingShutterCameraDetectorMap;VariableLineScanCameraDetectorMap,non_gui,present,present,identical_text,,isis/src/base/objs/LineScanCameraDetectorMap/LineScanCameraDetectorMap.h,isis/src/base/objs/LineScanCameraDetectorMap/LineScanCameraDetectorMap.h
src/bind_camera_maps.cpp,LineScanCameraGroundMap.h,CSMSkyMap;CameraDetectorMap;CameraDistortionMap;CameraFocalPlaneMap;CameraGroundMap;CameraSkyMap;IrregularBodyCameraGroundMap;LineScanCameraDetectorMap;LineScanCameraGroundMap;LineScanCameraSkyMap;MarciDistortionMap;PushFrameCameraCcdLayout;PushFrameCameraDetectorMap;PushFrameCameraGroundMap;RadarGroundMap;RadarGroundRangeMap;RadarPulseMap;RadarSkyMap;RadarSlantRangeMap;ReseauDistortionMap;RollingShutterCameraDetectorMap;VariableLineScanCameraDetectorMap,non_gui,present,present,identical_text,,isis/src/base/objs/LineScanCameraGroundMap/LineScanCameraGroundMap.h,isis/src/base/objs/LineScanCameraGroundMap/LineScanCameraGroundMap.h
src/bind_camera_maps.cpp,LineScanCameraSkyMap.h,CSMSkyMap;CameraDetectorMap;CameraDistortionMap;CameraFocalPlaneMap;CameraGroundMap;CameraSkyMap;IrregularBodyCameraGroundMap;LineScanCameraDetectorMap;LineScanCameraGroundMap;LineScanCameraSkyMap;MarciDistortionMap;PushFrameCameraCcdLayout;PushFrameCameraDetectorMap;PushFrameCameraGroundMap;RadarGroundMap;RadarGroundRangeMap;RadarPulseMap;RadarSkyMap;RadarSlantRangeMap;ReseauDistortionMap;RollingShutterCameraDetectorMap;VariableLineScanCameraDetectorMap,non_gui,present,present,identical_text,,isis/src/base/objs/LineScanCameraSkyMap/LineScanCameraSkyMap.h,isis/src/base/objs/LineScanCameraSkyMap/LineScanCameraSkyMap.h
src/bind_camera_maps.cpp,Longitude.h,CSMSkyMap;CameraDetectorMap;CameraDistortionMap;CameraFocalPlaneMap;CameraGroundMap;CameraSkyMap;IrregularBodyCameraGroundMap;LineScanCameraDetectorMap;LineScanCameraGroundMap;LineScanCameraSkyMap;MarciDistortionMap;PushFrameCameraCcdLayout;PushFrameCameraDetectorMap;PushFrameCameraGroundMap;RadarGroundMap;RadarGroundRangeMap;RadarPulseMap;RadarSkyMap;RadarSlantRangeMap;ReseauDistortionMap;RollingShutterCameraDetectorMap;VariableLineScanCameraDetectorMap,non_gui,present,present,identical_text,,isis/src/base/objs/Longitude/Longitude.h,isis/src/base/objs/Longitude/Longitude.h
src/bind_camera_maps.cpp,MarciDistortionMap.h,CSMSkyMap;CameraDetectorMap;CameraDistortionMap;CameraFocalPlaneMap;CameraGroundMap;CameraSkyMap;IrregularBodyCameraGroundMap;LineScanCameraDetectorMap;LineScanCameraGroundMap;LineScanCameraSkyMap;MarciDistortionMap;PushFrameCameraCcdLayout;PushFrameCameraDetectorMap;PushFrameCameraGroundMap;RadarGroundMap;RadarGroundRangeMap;RadarPulseMap;RadarSkyMap;RadarSlantRangeMap;ReseauDistortionMap;RollingShutterCameraDetectorMap;VariableLineScanCameraDetectorMap,non_gui,present,present,identical_text,,isis/src/mro/objs/MarciCamera/MarciDistortionMap.h,isis/src/mro/objs/MarciCamera/MarciDistortionMap.h
src/bind_camera_maps.cpp,PushFrameCameraCcdLayout.h,CSMSkyMap;CameraDetectorMap;CameraDistortionMap;CameraFocalPlaneMap;CameraGroundMap;CameraSkyMap;IrregularBodyCameraGroundMap;LineScanCameraDetectorMap;LineScanCameraGroundMap;LineScanCameraSkyMap;MarciDistortionMap;PushFrameCameraCcdLayout;PushFrameCameraDetectorMap;PushFrameCameraGroundMap;RadarGroundMap;RadarGroundRangeMap;RadarPulseMap;RadarSkyMap;RadarSlantRangeMap;ReseauDistortionMap;RollingShutterCameraDetectorMap;VariableLineScanCameraDetectorMap,non_gui,present,present,identical_text,,isis/src/base/objs/PushFrameCameraCcdLayout/PushFrameCameraCcdLayout.h,isis/src/base/objs/PushFrameCameraCcdLayout/PushFrameCameraCcdLayout.h
src/bind_camera_maps.cpp,PushFrameCameraDetectorMap.h,CSMSkyMap;CameraDetectorMap;CameraDistortionMap;CameraFocalPlaneMap;CameraGroundMap;CameraSkyMap;IrregularBodyCameraGroundMap;LineScanCameraDetectorMap;LineScanCameraGroundMap;LineScanCameraSkyMap;MarciDistortionMap;PushFrameCameraCcdLayout;PushFrameCameraDetectorMap;PushFrameCameraGroundMap;RadarGroundMap;RadarGroundRangeMap;RadarPulseMap;RadarSkyMap;RadarSlantRangeMap;ReseauDistortionMap;RollingShutterCameraDetectorMap;VariableLineScanCameraDetectorMap,non_gui,present,present,identical_text,,isis/src/base/objs/PushFrameCameraDetectorMap/PushFrameCameraDetectorMap.h,isis/src/base/objs/PushFrameCameraDetectorMap/PushFrameCameraDetectorMap.h
src/bind_camera_maps.cpp,PushFrameCameraGroundMap.h,CSMSkyMap;CameraDetectorMap;CameraDistortionMap;CameraFocalPlaneMap;CameraGroundMap;CameraSkyMap;IrregularBodyCameraGroundMap;LineScanCameraDetectorMap;LineScanCameraGroundMap;LineScanCameraSkyMap;MarciDistortionMap;PushFrameCameraCcdLayout;PushFrameCameraDetectorMap;PushFrameCameraGroundMap;RadarGroundMap;RadarGroundRangeMap;RadarPulseMap;RadarSkyMap;RadarSlantRangeMap;ReseauDistortionMap;RollingShutterCameraDetectorMap;VariableLineScanCameraDetectorMap,non_gui,present,present,identical_text,,isis/src/base/objs/PushFrameCameraGroundMap/PushFrameCameraGroundMap.h,isis/src/base/objs/PushFrameCameraGroundMap/PushFrameCameraGroundMap.h
src/bind_camera_maps.cpp,Pvl.h,CSMSkyMap;CameraDetectorMap;CameraDistortionMap;CameraFocalPlaneMap;CameraGroundMap;CameraSkyMap;IrregularBodyCameraGroundMap;LineScanCameraDetectorMap;LineScanCameraGroundMap;LineScanCameraSkyMap;MarciDistortionMap;PushFrameCameraCcdLayout;PushFrameCameraDetectorMap;PushFrameCameraGroundMap;RadarGroundMap;RadarGroundRangeMap;RadarPulseMap;RadarSkyMap;RadarSlantRangeMap;ReseauDistortionMap;RollingShutterCameraDetectorMap;VariableLineScanCameraDetectorMap,non_gui,present,present,changed_review_required,,isis/src/base/objs/Pvl/Pvl.h,isis/src/core/include/Pvl.h
src/bind_camera_maps.cpp,RadarGroundMap.h,CSMSkyMap;CameraDetectorMap;CameraDistortionMap;CameraFocalPlaneMap;CameraGroundMap;CameraSkyMap;IrregularBodyCameraGroundMap;LineScanCameraDetectorMap;LineScanCameraGroundMap;LineScanCameraSkyMap;MarciDistortionMap;PushFrameCameraCcdLayout;PushFrameCameraDetectorMap;PushFrameCameraGroundMap;RadarGroundMap;RadarGroundRangeMap;RadarPulseMap;RadarSkyMap;RadarSlantRangeMap;ReseauDistortionMap;RollingShutterCameraDetectorMap;VariableLineScanCameraDetectorMap,non_gui,present,present,identical_text,,isis/src/base/objs/RadarGroundMap/RadarGroundMap.h,isis/src/base/objs/RadarGroundMap/RadarGroundMap.h
src/bind_camera_maps.cpp,RadarGroundRangeMap.h,CSMSkyMap;CameraDetectorMap;CameraDistortionMap;CameraFocalPlaneMap;CameraGroundMap;CameraSkyMap;IrregularBodyCameraGroundMap;LineScanCameraDetectorMap;LineScanCameraGroundMap;LineScanCameraSkyMap;MarciDistortionMap;PushFrameCameraCcdLayout;PushFrameCameraDetectorMap;PushFrameCameraGroundMap;RadarGroundMap;RadarGroundRangeMap;RadarPulseMap;RadarSkyMap;RadarSlantRangeMap;ReseauDistortionMap;RollingShutterCameraDetectorMap;VariableLineScanCameraDetectorMap,non_gui,present,present,identical_text,,isis/src/base/objs/RadarGroundRangeMap/RadarGroundRangeMap.h,isis/src/base/objs/RadarGroundRangeMap/RadarGroundRangeMap.h
src/bind_camera_maps.cpp,RadarPulseMap.h,CSMSkyMap;CameraDetectorMap;CameraDistortionMap;CameraFocalPlaneMap;CameraGroundMap;CameraSkyMap;IrregularBodyCameraGroundMap;LineScanCameraDetectorMap;LineScanCameraGroundMap;LineScanCameraSkyMap;MarciDistortionMap;PushFrameCameraCcdLayout;PushFrameCameraDetectorMap;PushFrameCameraGroundMap;RadarGroundMap;RadarGroundRangeMap;RadarPulseMap;RadarSkyMap;RadarSlantRangeMap;ReseauDistortionMap;RollingShutterCameraDetectorMap;VariableLineScanCameraDetectorMap,non_gui,present,present,identical_text,,isis/src/base/objs/RadarPulseMap/RadarPulseMap.h,isis/src/base/objs/RadarPulseMap/RadarPulseMap.h
src/bind_camera_maps.cpp,RadarSkyMap.h,CSMSkyMap;CameraDetectorMap;CameraDistortionMap;CameraFocalPlaneMap;CameraGroundMap;CameraSkyMap;IrregularBodyCameraGroundMap;LineScanCameraDetectorMap;LineScanCameraGroundMap;LineScanCameraSkyMap;MarciDistortionMap;PushFrameCameraCcdLayout;PushFrameCameraDetectorMap;PushFrameCameraGroundMap;RadarGroundMap;RadarGroundRangeMap;RadarPulseMap;RadarSkyMap;RadarSlantRangeMap;ReseauDistortionMap;RollingShutterCameraDetectorMap;VariableLineScanCameraDetectorMap,non_gui,present,present,identical_text,,isis/src/base/objs/RadarSkyMap/RadarSkyMap.h,isis/src/base/objs/RadarSkyMap/RadarSkyMap.h
src/bind_camera_maps.cpp,RadarSlantRangeMap.h,CSMSkyMap;CameraDetectorMap;CameraDistortionMap;CameraFocalPlaneMap;CameraGroundMap;CameraSkyMap;IrregularBodyCameraGroundMap;LineScanCameraDetectorMap;LineScanCameraGroundMap;LineScanCameraSkyMap;MarciDistortionMap;PushFrameCameraCcdLayout;PushFrameCameraDetectorMap;PushFrameCameraGroundMap;RadarGroundMap;RadarGroundRangeMap;RadarPulseMap;RadarSkyMap;RadarSlantRangeMap;ReseauDistortionMap;RollingShutterCameraDetectorMap;VariableLineScanCameraDetectorMap,non_gui,present,present,identical_text,,isis/src/base/objs/RadarSlantRangeMap/RadarSlantRangeMap.h,isis/src/base/objs/RadarSlantRangeMap/RadarSlantRangeMap.h
src/bind_camera_maps.cpp,ReseauDistortionMap.h,CSMSkyMap;CameraDetectorMap;CameraDistortionMap;CameraFocalPlaneMap;CameraGroundMap;CameraSkyMap;IrregularBodyCameraGroundMap;LineScanCameraDetectorMap;LineScanCameraGroundMap;LineScanCameraSkyMap;MarciDistortionMap;PushFrameCameraCcdLayout;PushFrameCameraDetectorMap;PushFrameCameraGroundMap;RadarGroundMap;RadarGroundRangeMap;RadarPulseMap;RadarSkyMap;RadarSlantRangeMap;ReseauDistortionMap;RollingShutterCameraDetectorMap;VariableLineScanCameraDetectorMap,non_gui,present,present,identical_text,,isis/src/base/objs/ReseauDistortionMap/ReseauDistortionMap.h,isis/src/base/objs/ReseauDistortionMap/ReseauDistortionMap.h
src/bind_camera_maps.cpp,RollingShutterCameraDetectorMap.h,CSMSkyMap;CameraDetectorMap;CameraDistortionMap;CameraFocalPlaneMap;CameraGroundMap;CameraSkyMap;IrregularBodyCameraGroundMap;LineScanCameraDetectorMap;LineScanCameraGroundMap;LineScanCameraSkyMap;MarciDistortionMap;PushFrameCameraCcdLayout;PushFrameCameraDetectorMap;PushFrameCameraGroundMap;RadarGroundMap;RadarGroundRangeMap;RadarPulseMap;RadarSkyMap;RadarSlantRangeMap;ReseauDistortionMap;RollingShutterCameraDetectorMap;VariableLineScanCameraDetectorMap,non_gui,present,present,identical_text,,isis/src/base/objs/RollingShutterCameraDetectorMap/RollingShutterCameraDetectorMap.h,isis/src/base/objs/RollingShutterCameraDetectorMap/RollingShutterCameraDetectorMap.h
src/bind_camera_maps.cpp,SurfacePoint.h,CSMSkyMap;CameraDetectorMap;CameraDistortionMap;CameraFocalPlaneMap;CameraGroundMap;CameraSkyMap;IrregularBodyCameraGroundMap;LineScanCameraDetectorMap;LineScanCameraGroundMap;LineScanCameraSkyMap;MarciDistortionMap;PushFrameCameraCcdLayout;PushFrameCameraDetectorMap;PushFrameCameraGroundMap;RadarGroundMap;RadarGroundRangeMap;RadarPulseMap;RadarSkyMap;RadarSlantRangeMap;ReseauDistortionMap;RollingShutterCameraDetectorMap;VariableLineScanCameraDetectorMap,non_gui,present,present,identical_text,,isis/src/base/objs/SurfacePoint/SurfacePoint.h,isis/src/base/objs/SurfacePoint/SurfacePoint.h
src/bind_camera_maps.cpp,VariableLineScanCameraDetectorMap.h,CSMSkyMap;CameraDetectorMap;CameraDistortionMap;CameraFocalPlaneMap;CameraGroundMap;CameraSkyMap;IrregularBodyCameraGroundMap;LineScanCameraDetectorMap;LineScanCameraGroundMap;LineScanCameraSkyMap;MarciDistortionMap;PushFrameCameraCcdLayout;PushFrameCameraDetectorMap;PushFrameCameraGroundMap;RadarGroundMap;RadarGroundRangeMap;RadarPulseMap;RadarSkyMap;RadarSlantRangeMap;ReseauDistortionMap;RollingShutterCameraDetectorMap;VariableLineScanCameraDetectorMap,non_gui,present,present,identical_text,,isis/src/base/objs/VariableLineScanCameraDetectorMap/VariableLineScanCameraDetectorMap.h,isis/src/base/objs/VariableLineScanCameraDetectorMap/VariableLineScanCameraDetectorMap.h
src/bind_high_level_cube_io.cpp,CubeAttribute.h,ExportDescription;ImageExporter;ImageImporter;JP2Decoder;JP2Encoder;JP2Error;JP2Exporter;JP2Importer;Process;ProcessByBoxcar;ProcessByBrick;ProcessByLine;ProcessByQuickFilter;ProcessBySample;ProcessBySpectra;ProcessByTile;ProcessGroundPolygons;ProcessImport;ProcessImportFits;ProcessImportPds;ProcessImportVicar;ProcessMapMosaic;ProcessMosaic;ProcessPolygons;ProcessRubberSheet;QtExporter;QtImporter;StreamExporter;SubArea;TiffExporter;TiffImporter,non_gui,present,present,changed_review_required,,isis/src/base/objs/CubeAttribute/CubeAttribute.h,isis/src/base/objs/CubeAttribute/CubeAttribute.h
src/bind_high_level_cube_io.cpp,ExportDescription.h,ExportDescription;ImageExporter;ImageImporter;JP2Decoder;JP2Encoder;JP2Error;JP2Exporter;JP2Importer;Process;ProcessByBoxcar;ProcessByBrick;ProcessByLine;ProcessByQuickFilter;ProcessBySample;ProcessBySpectra;ProcessByTile;ProcessGroundPolygons;ProcessImport;ProcessImportFits;ProcessImportPds;ProcessImportVicar;ProcessMapMosaic;ProcessMosaic;ProcessPolygons;ProcessRubberSheet;QtExporter;QtImporter;StreamExporter;SubArea;TiffExporter;TiffImporter,non_gui,present,present,identical_text,,isis/src/base/objs/ExportDescription/ExportDescription.h,isis/src/base/objs/ExportDescription/ExportDescription.h
src/bind_high_level_cube_io.cpp,FileName.h,ExportDescription;ImageExporter;ImageImporter;JP2Decoder;JP2Encoder;JP2Error;JP2Exporter;JP2Importer;Process;ProcessByBoxcar;ProcessByBrick;ProcessByLine;ProcessByQuickFilter;ProcessBySample;ProcessBySpectra;ProcessByTile;ProcessGroundPolygons;ProcessImport;ProcessImportFits;ProcessImportPds;ProcessImportVicar;ProcessMapMosaic;ProcessMosaic;ProcessPolygons;ProcessRubberSheet;QtExporter;QtImporter;StreamExporter;SubArea;TiffExporter;TiffImporter,non_gui,present,present,changed_review_required,,isis/src/base/objs/FileName/FileName.h,isis/src/core/include/FileName.h
src/bind_high_level_cube_io.cpp,ImageExporter.h,ExportDescription;ImageExporter;ImageImporter;JP2Decoder;JP2Encoder;JP2Error;JP2Exporter;JP2Importer;Process;ProcessByBoxcar;ProcessByBrick;ProcessByLine;ProcessByQuickFilter;ProcessBySample;ProcessBySpectra;ProcessByTile;ProcessGroundPolygons;ProcessImport;ProcessImportFits;ProcessImportPds;ProcessImportVicar;ProcessMapMosaic;ProcessMosaic;ProcessPolygons;ProcessRubberSheet;QtExporter;QtImporter;StreamExporter;SubArea;TiffExporter;TiffImporter,non_gui,present,present,identical_text,,isis/src/base/objs/ImageExporter/ImageExporter.h,isis/src/base/objs/ImageExporter/ImageExporter.h
src/bind_high_level_cube_io.cpp,ImageImporter.h,ExportDescription;ImageExporter;ImageImporter;JP2Decoder;JP2Encoder;JP2Error;JP2Exporter;JP2Importer;Process;ProcessByBoxcar;ProcessByBrick;ProcessByLine;ProcessByQuickFilter;ProcessBySample;ProcessBySpectra;ProcessByTile;ProcessGroundPolygons;ProcessImport;ProcessImportFits;ProcessImportPds;ProcessImportVicar;ProcessMapMosaic;ProcessMosaic;ProcessPolygons;ProcessRubberSheet;QtExporter;QtImporter;StreamExporter;SubArea;TiffExporter;TiffImporter,non_gui,present,present,identical_text,,isis/src/base/objs/ImageImporter/ImageImporter.h,isis/src/base/objs/ImageImporter/ImageImporter.h
src/bind_high_level_cube_io.cpp,Interpolator.h,ExportDescription;ImageExporter;ImageImporter;JP2Decoder;JP2Encoder;JP2Error;JP2Exporter;JP2Importer;Process;ProcessByBoxcar;ProcessByBrick;ProcessByLine;ProcessByQuickFilter;ProcessBySample;ProcessBySpectra;ProcessByTile;ProcessGroundPolygons;ProcessImport;ProcessImportFits;ProcessImportPds;ProcessImportVicar;ProcessMapMosaic;ProcessMosaic;ProcessPolygons;ProcessRubberSheet;QtExporter;QtImporter;StreamExporter;SubArea;TiffExporter;TiffImporter,non_gui,present,present,identical_text,,isis/src/base/objs/Interpolator/Interpolator.h,isis/src/base/objs/Interpolator/Interpolator.h
src/bind_high_level_cube_io.cpp,JP2Decoder.h,ExportDescription;ImageExporter;ImageImporter;JP2Decoder;JP2Encoder;JP2Error;JP2Exporter;JP2Importer;Process;ProcessByBoxcar;ProcessByBrick;ProcessByLine;ProcessByQuickFilter;ProcessBySample;ProcessBySpectra;ProcessByTile;ProcessGroundPolygons;ProcessImport;ProcessImportFits;ProcessImportPds;ProcessImportVicar;ProcessMapMosaic;ProcessMosaic;ProcessPolygons;ProcessRubberSheet;QtExporter;QtImporter;StreamExporter;SubArea;TiffExporter;TiffImporter,non_gui,present,present,identical_text,,isis/src/base/objs/JP2Decoder/JP2Decoder.h,isis/src/base/objs/JP2Decoder/JP2Decoder.h
src/bind_high_level_cube_io.cpp,JP2Encoder.h,ExportDescription;ImageExporter;ImageImporter;JP2Decoder;JP2Encoder;JP2Error;JP2Exporter;JP2Importer;Process;ProcessByBoxcar;ProcessByBrick;ProcessByLine;ProcessByQuickFilter;ProcessBySample;ProcessBySpectra;ProcessByTile;ProcessGroundPolygons;ProcessImport;ProcessImportFits;ProcessImportPds;ProcessImportVicar;ProcessMapMosaic;ProcessMosaic;ProcessPolygons;ProcessRubberSheet;QtExporter;QtImporter;StreamExporter;SubArea;TiffExporter;TiffImporter,non_gui,present,present,identical_text,,isis/src/base/objs/JP2Encoder/JP2Encoder.h,isis/src/base/objs/JP2Encoder/JP2Encoder.h
src/bind_high_level_cube_io.cpp,JP2Error.h,ExportDescription;ImageExporter;ImageImporter;JP2Decoder;JP2Encoder;JP2Error;JP2Exporter;JP2Importer;Process;ProcessByBoxcar;ProcessByBrick;ProcessByLine;ProcessByQuickFilter;ProcessBySample;ProcessBySpectra;ProcessByTile;ProcessGroundPolygons;ProcessImport;ProcessImportFits;ProcessImportPds;ProcessImportVicar;ProcessMapMosaic;ProcessMosaic;ProcessPolygons;ProcessRubberSheet;QtExporter;QtImporter;StreamExporter;SubArea;TiffExporter;TiffImporter,non_gui,present,present,identical_text,,isis/src/base/objs/JP2Error/JP2Error.h,isis/src/base/objs/JP2Error/JP2Error.h
src/bind_high_level_cube_io.cpp,JP2Exporter.h,ExportDescription;ImageExporter;ImageImporter;JP2Decoder;JP2Encoder;JP2Error;JP2Exporter;JP2Importer;Process;ProcessByBoxcar;ProcessByBrick;ProcessByLine;ProcessByQuickFilter;ProcessBySample;ProcessBySpectra;ProcessByTile;ProcessGroundPolygons;ProcessImport;ProcessImportFits;ProcessImportPds;ProcessImportVicar;ProcessMapMosaic;ProcessMosaic;ProcessPolygons;ProcessRubberSheet;QtExporter;QtImporter;StreamExporter;SubArea;TiffExporter;TiffImporter,non_gui,present,present,identical_text,,isis/src/base/objs/JP2Exporter/JP2Exporter.h,isis/src/base/objs/JP2Exporter/JP2Exporter.h
src/bind_high_level_cube_io.cpp,JP2Importer.h,ExportDescription;ImageExporter;ImageImporter;JP2Decoder;JP2Encoder;JP2Error;JP2Exporter;JP2Importer;Process;ProcessByBoxcar;ProcessByBrick;ProcessByLine;ProcessByQuickFilter;ProcessBySample;ProcessBySpectra;ProcessByTile;ProcessGroundPolygons;ProcessImport;ProcessImportFits;ProcessImportPds;ProcessImportVicar;ProcessMapMosaic;ProcessMosaic;ProcessPolygons;ProcessRubberSheet;QtExporter;QtImporter;StreamExporter;SubArea;TiffExporter;TiffImporter,non_gui,present,present,identical_text,,isis/src/base/objs/JP2Importer/JP2Importer.h,isis/src/base/objs/JP2Importer/JP2Importer.h
src/bind_high_level_cube_io.cpp,Process.h,ExportDescription;ImageExporter;ImageImporter;JP2Decoder;JP2Encoder;JP2Error;JP2Exporter;JP2Importer;Process;ProcessByBoxcar;ProcessByBrick;ProcessByLine;ProcessByQuickFilter;ProcessBySample;ProcessBySpectra;ProcessByTile;ProcessGroundPolygons;ProcessImport;ProcessImportFits;ProcessImportPds;ProcessImportVicar;ProcessMapMosaic;ProcessMosaic;ProcessPolygons;ProcessRubberSheet;QtExporter;QtImporter;StreamExporter;SubArea;TiffExporter;TiffImporter,non_gui,present,present,identical_text,,isis/src/base/objs/Process/Process.h,isis/src/base/objs/Process/Process.h
src/bind_high_level_cube_io.cpp,ProcessByBoxcar.h,ExportDescription;ImageExporter;ImageImporter;JP2Decoder;JP2Encoder;JP2Error;JP2Exporter;JP2Importer;Process;ProcessByBoxcar;ProcessByBrick;ProcessByLine;ProcessByQuickFilter;ProcessBySample;ProcessBySpectra;ProcessByTile;ProcessGroundPolygons;ProcessImport;ProcessImportFits;ProcessImportPds;ProcessImportVicar;ProcessMapMosaic;ProcessMosaic;ProcessPolygons;ProcessRubberSheet;QtExporter;QtImporter;StreamExporter;SubArea;TiffExporter;TiffImporter,non_gui,present,present,identical_text,,isis/src/base/objs/ProcessByBoxcar/ProcessByBoxcar.h,isis/src/base/objs/ProcessByBoxcar/ProcessByBoxcar.h
src/bind_high_level_cube_io.cpp,ProcessByBrick.h,ExportDescription;ImageExporter;ImageImporter;JP2Decoder;JP2Encoder;JP2Error;JP2Exporter;JP2Importer;Process;ProcessByBoxcar;ProcessByBrick;ProcessByLine;ProcessByQuickFilter;ProcessBySample;ProcessBySpectra;ProcessByTile;ProcessGroundPolygons;ProcessImport;ProcessImportFits;ProcessImportPds;ProcessImportVicar;ProcessMapMosaic;ProcessMosaic;ProcessPolygons;ProcessRubberSheet;QtExporter;QtImporter;StreamExporter;SubArea;TiffExporter;TiffImporter,non_gui,present,present,changed_review_required,,isis/src/base/objs/ProcessByBrick/ProcessByBrick.h,isis/src/base/objs/ProcessByBrick/ProcessByBrick.h
src/bind_high_level_cube_io.cpp,ProcessByLine.h,ExportDescription;ImageExporter;ImageImporter;JP2Decoder;JP2Encoder;JP2Error;JP2Exporter;JP2Importer;Process;ProcessByBoxcar;ProcessByBrick;ProcessByLine;ProcessByQuickFilter;ProcessBySample;ProcessBySpectra;ProcessByTile;ProcessGroundPolygons;ProcessImport;ProcessImportFits;ProcessImportPds;ProcessImportVicar;ProcessMapMosaic;ProcessMosaic;ProcessPolygons;ProcessRubberSheet;QtExporter;QtImporter;StreamExporter;SubArea;TiffExporter;TiffImporter,non_gui,present,present,identical_text,,isis/src/base/objs/ProcessByLine/ProcessByLine.h,isis/src/base/objs/ProcessByLine/ProcessByLine.h
src/bind_high_level_cube_io.cpp,ProcessByQuickFilter.h,ExportDescription;ImageExporter;ImageImporter;JP2Decoder;JP2Encoder;JP2Error;JP2Exporter;JP2Importer;Process;ProcessByBoxcar;ProcessByBrick;ProcessByLine;ProcessByQuickFilter;ProcessBySample;ProcessBySpectra;ProcessByTile;ProcessGroundPolygons;ProcessImport;ProcessImportFits;ProcessImportPds;ProcessImportVicar;ProcessMapMosaic;ProcessMosaic;ProcessPolygons;ProcessRubberSheet;QtExporter;QtImporter;StreamExporter;SubArea;TiffExporter;TiffImporter,non_gui,present,present,identical_text,,isis/src/base/objs/ProcessByQuickFilter/ProcessByQuickFilter.h,isis/src/base/objs/ProcessByQuickFilter/ProcessByQuickFilter.h
src/bind_high_level_cube_io.cpp,ProcessBySample.h,ExportDescription;ImageExporter;ImageImporter;JP2Decoder;JP2Encoder;JP2Error;JP2Exporter;JP2Importer;Process;ProcessByBoxcar;ProcessByBrick;ProcessByLine;ProcessByQuickFilter;ProcessBySample;ProcessBySpectra;ProcessByTile;ProcessGroundPolygons;ProcessImport;ProcessImportFits;ProcessImportPds;ProcessImportVicar;ProcessMapMosaic;ProcessMosaic;ProcessPolygons;ProcessRubberSheet;QtExporter;QtImporter;StreamExporter;SubArea;TiffExporter;TiffImporter,non_gui,present,present,identical_text,,isis/src/base/objs/ProcessBySample/ProcessBySample.h,isis/src/base/objs/ProcessBySample/ProcessBySample.h
src/bind_high_level_cube_io.cpp,ProcessBySpectra.h,ExportDescription;ImageExporter;ImageImporter;JP2Decoder;JP2Encoder;JP2Error;JP2Exporter;JP2Importer;Process;ProcessByBoxcar;ProcessByBrick;ProcessByLine;ProcessByQuickFilter;ProcessBySample;ProcessBySpectra;ProcessByTile;ProcessGroundPolygons;ProcessImport;ProcessImportFits;ProcessImportPds;ProcessImportVicar;ProcessMapMosaic;ProcessMosaic;ProcessPolygons;ProcessRubberSheet;QtExporter;QtImporter;StreamExporter;SubArea;TiffExporter;TiffImporter,non_gui,present,present,identical_text,,isis/src/base/objs/ProcessBySpectra/ProcessBySpectra.h,isis/src/base/objs/ProcessBySpectra/ProcessBySpectra.h
src/bind_high_level_cube_io.cpp,ProcessByTile.h,ExportDescription;ImageExporter;ImageImporter;JP2Decoder;JP2Encoder;JP2Error;JP2Exporter;JP2Importer;Process;ProcessByBoxcar;ProcessByBrick;ProcessByLine;ProcessByQuickFilter;ProcessBySample;ProcessBySpectra;ProcessByTile;ProcessGroundPolygons;ProcessImport;ProcessImportFits;ProcessImportPds;ProcessImportVicar;ProcessMapMosaic;ProcessMosaic;ProcessPolygons;ProcessRubberSheet;QtExporter;QtImporter;StreamExporter;SubArea;TiffExporter;TiffImporter,non_gui,present,present,identical_text,,isis/src/base/objs/ProcessByTile/ProcessByTile.h,isis/src/base/objs/ProcessByTile/ProcessByTile.h
src/bind_high_level_cube_io.cpp,ProcessGroundPolygons.h,ExportDescription;ImageExporter;ImageImporter;JP2Decoder;JP2Encoder;JP2Error;JP2Exporter;JP2Importer;Process;ProcessByBoxcar;ProcessByBrick;ProcessByLine;ProcessByQuickFilter;ProcessBySample;ProcessBySpectra;ProcessByTile;ProcessGroundPolygons;ProcessImport;ProcessImportFits;ProcessImportPds;ProcessImportVicar;ProcessMapMosaic;ProcessMosaic;ProcessPolygons;ProcessRubberSheet;QtExporter;QtImporter;StreamExporter;SubArea;TiffExporter;TiffImporter,non_gui,present,present,identical_text,,isis/src/base/objs/ProcessGroundPolygons/ProcessGroundPolygons.h,isis/src/base/objs/ProcessGroundPolygons/ProcessGroundPolygons.h
src/bind_high_level_cube_io.cpp,ProcessImport.h,ExportDescription;ImageExporter;ImageImporter;JP2Decoder;JP2Encoder;JP2Error;JP2Exporter;JP2Importer;Process;ProcessByBoxcar;ProcessByBrick;ProcessByLine;ProcessByQuickFilter;ProcessBySample;ProcessBySpectra;ProcessByTile;ProcessGroundPolygons;ProcessImport;ProcessImportFits;ProcessImportPds;ProcessImportVicar;ProcessMapMosaic;ProcessMosaic;ProcessPolygons;ProcessRubberSheet;QtExporter;QtImporter;StreamExporter;SubArea;TiffExporter;TiffImporter,non_gui,present,present,identical_text,,isis/src/base/objs/ProcessImport/ProcessImport.h,isis/src/base/objs/ProcessImport/ProcessImport.h
src/bind_high_level_cube_io.cpp,ProcessImportFits.h,ExportDescription;ImageExporter;ImageImporter;JP2Decoder;JP2Encoder;JP2Error;JP2Exporter;JP2Importer;Process;ProcessByBoxcar;ProcessByBrick;ProcessByLine;ProcessByQuickFilter;ProcessBySample;ProcessBySpectra;ProcessByTile;ProcessGroundPolygons;ProcessImport;ProcessImportFits;ProcessImportPds;ProcessImportVicar;ProcessMapMosaic;ProcessMosaic;ProcessPolygons;ProcessRubberSheet;QtExporter;QtImporter;StreamExporter;SubArea;TiffExporter;TiffImporter,non_gui,present,present,identical_text,,isis/src/base/objs/ProcessImportFits/ProcessImportFits.h,isis/src/base/objs/ProcessImportFits/ProcessImportFits.h
src/bind_high_level_cube_io.cpp,ProcessImportPds.h,ExportDescription;ImageExporter;ImageImporter;JP2Decoder;JP2Encoder;JP2Error;JP2Exporter;JP2Importer;Process;ProcessByBoxcar;ProcessByBrick;ProcessByLine;ProcessByQuickFilter;ProcessBySample;ProcessBySpectra;ProcessByTile;ProcessGroundPolygons;ProcessImport;ProcessImportFits;ProcessImportPds;ProcessImportVicar;ProcessMapMosaic;ProcessMosaic;ProcessPolygons;ProcessRubberSheet;QtExporter;QtImporter;StreamExporter;SubArea;TiffExporter;TiffImporter,non_gui,present,present,identical_text,,isis/src/base/objs/ProcessImportPds/ProcessImportPds.h,isis/src/base/objs/ProcessImportPds/ProcessImportPds.h
src/bind_high_level_cube_io.cpp,ProcessImportVicar.h,ExportDescription;ImageExporter;ImageImporter;JP2Decoder;JP2Encoder;JP2Error;JP2Exporter;JP2Importer;Process;ProcessByBoxcar;ProcessByBrick;ProcessByLine;ProcessByQuickFilter;ProcessBySample;ProcessBySpectra;ProcessByTile;ProcessGroundPolygons;ProcessImport;ProcessImportFits;ProcessImportPds;ProcessImportVicar;ProcessMapMosaic;ProcessMosaic;ProcessPolygons;ProcessRubberSheet;QtExporter;QtImporter;StreamExporter;SubArea;TiffExporter;TiffImporter,non_gui,present,present,identical_text,,isis/src/base/objs/ProcessImportVicar/ProcessImportVicar.h,isis/src/base/objs/ProcessImportVicar/ProcessImportVicar.h
src/bind_high_level_cube_io.cpp,ProcessMapMosaic.h,ExportDescription;ImageExporter;ImageImporter;JP2Decoder;JP2Encoder;JP2Error;JP2Exporter;JP2Importer;Process;ProcessByBoxcar;ProcessByBrick;ProcessByLine;ProcessByQuickFilter;ProcessBySample;ProcessBySpectra;ProcessByTile;ProcessGroundPolygons;ProcessImport;ProcessImportFits;ProcessImportPds;ProcessImportVicar;ProcessMapMosaic;ProcessMosaic;ProcessPolygons;ProcessRubberSheet;QtExporter;QtImporter;StreamExporter;SubArea;TiffExporter;TiffImporter,non_gui,present,present,identical_text,,isis/src/base/objs/ProcessMapMosaic/ProcessMapMosaic.h,isis/src/base/objs/ProcessMapMosaic/ProcessMapMosaic.h
src/bind_high_level_cube_io.cpp,ProcessMosaic.h,ExportDescription;ImageExporter;ImageImporter;JP2Decoder;JP2Encoder;JP2Error;JP2Exporter;JP2Importer;Process;ProcessByBoxcar;ProcessByBrick;ProcessByLine;ProcessByQuickFilter;ProcessBySample;ProcessBySpectra;ProcessByTile;ProcessGroundPolygons;ProcessImport;ProcessImportFits;ProcessImportPds;ProcessImportVicar;ProcessMapMosaic;ProcessMosaic;ProcessPolygons;ProcessRubberSheet;QtExporter;QtImporter;StreamExporter;SubArea;TiffExporter;TiffImporter,non_gui,present,present,identical_text,,isis/src/base/objs/ProcessMosaic/ProcessMosaic.h,isis/src/base/objs/ProcessMosaic/ProcessMosaic.h
src/bind_high_level_cube_io.cpp,ProcessPolygons.h,ExportDescription;ImageExporter;ImageImporter;JP2Decoder;JP2Encoder;JP2Error;JP2Exporter;JP2Importer;Process;ProcessByBoxcar;ProcessByBrick;ProcessByLine;ProcessByQuickFilter;ProcessBySample;ProcessBySpectra;ProcessByTile;ProcessGroundPolygons;ProcessImport;ProcessImportFits;ProcessImportPds;ProcessImportVicar;ProcessMapMosaic;ProcessMosaic;ProcessPolygons;ProcessRubberSheet;QtExporter;QtImporter;StreamExporter;SubArea;TiffExporter;TiffImporter,non_gui,present,present,identical_text,,isis/src/base/objs/ProcessPolygons/ProcessPolygons.h,isis/src/base/objs/ProcessPolygons/ProcessPolygons.h
src/bind_high_level_cube_io.cpp,ProcessRubberSheet.h,ExportDescription;ImageExporter;ImageImporter;JP2Decoder;JP2Encoder;JP2Error;JP2Exporter;JP2Importer;Process;ProcessByBoxcar;ProcessByBrick;ProcessByLine;ProcessByQuickFilter;ProcessBySample;ProcessBySpectra;ProcessByTile;ProcessGroundPolygons;ProcessImport;ProcessImportFits;ProcessImportPds;ProcessImportVicar;ProcessMapMosaic;ProcessMosaic;ProcessPolygons;ProcessRubberSheet;QtExporter;QtImporter;StreamExporter;SubArea;TiffExporter;TiffImporter,non_gui,present,present,identical_text,,isis/src/base/objs/ProcessRubberSheet/ProcessRubberSheet.h,isis/src/base/objs/ProcessRubberSheet/ProcessRubberSheet.h
src/bind_high_level_cube_io.cpp,Progress.h,ExportDescription;ImageExporter;ImageImporter;JP2Decoder;JP2Encoder;JP2Error;JP2Exporter;JP2Importer;Process;ProcessByBoxcar;ProcessByBrick;ProcessByLine;ProcessByQuickFilter;ProcessBySample;ProcessBySpectra;ProcessByTile;ProcessGroundPolygons;ProcessImport;ProcessImportFits;ProcessImportPds;ProcessImportVicar;ProcessMapMosaic;ProcessMosaic;ProcessPolygons;ProcessRubberSheet;QtExporter;QtImporter;StreamExporter;SubArea;TiffExporter;TiffImporter,non_gui,present,present,identical_text,,isis/src/base/objs/Progress/Progress.h,isis/src/base/objs/Progress/Progress.h
src/bind_high_level_cube_io.cpp,QtExporter.h,ExportDescription;ImageExporter;ImageImporter;JP2Decoder;JP2Encoder;JP2Error;JP2Exporter;JP2Importer;Process;ProcessByBoxcar;ProcessByBrick;ProcessByLine;ProcessByQuickFilter;ProcessBySample;ProcessBySpectra;ProcessByTile;ProcessGroundPolygons;ProcessImport;ProcessImportFits;ProcessImportPds;ProcessImportVicar;ProcessMapMosaic;ProcessMosaic;ProcessPolygons;ProcessRubberSheet;QtExporter;QtImporter;StreamExporter;SubArea;TiffExporter;TiffImporter,non_gui,present,present,identical_text,,isis/src/base/objs/QtExporter/QtExporter.h,isis/src/base/objs/QtExporter/QtExporter.h
src/bind_high_level_cube_io.cpp,QtImporter.h,ExportDescription;ImageExporter;ImageImporter;JP2Decoder;JP2Encoder;JP2Error;JP2Exporter;JP2Importer;Process;ProcessByBoxcar;ProcessByBrick;ProcessByLine;ProcessByQuickFilter;ProcessBySample;ProcessBySpectra;ProcessByTile;ProcessGroundPolygons;ProcessImport;ProcessImportFits;ProcessImportPds;ProcessImportVicar;ProcessMapMosaic;ProcessMosaic;ProcessPolygons;ProcessRubberSheet;QtExporter;QtImporter;StreamExporter;SubArea;TiffExporter;TiffImporter,non_gui,present,present,identical_text,,isis/src/base/objs/QtImporter/QtImporter.h,isis/src/base/objs/QtImporter/QtImporter.h
src/bind_high_level_cube_io.cpp,StreamExporter.h,ExportDescription;ImageExporter;ImageImporter;JP2Decoder;JP2Encoder;JP2Error;JP2Exporter;JP2Importer;Process;ProcessByBoxcar;ProcessByBrick;ProcessByLine;ProcessByQuickFilter;ProcessBySample;ProcessBySpectra;ProcessByTile;ProcessGroundPolygons;ProcessImport;ProcessImportFits;ProcessImportPds;ProcessImportVicar;ProcessMapMosaic;ProcessMosaic;ProcessPolygons;ProcessRubberSheet;QtExporter;QtImporter;StreamExporter;SubArea;TiffExporter;TiffImporter,non_gui,present,present,identical_text,,isis/src/base/objs/StreamExporter/StreamExporter.h,isis/src/base/objs/StreamExporter/StreamExporter.h
src/bind_high_level_cube_io.cpp,SubArea.h,ExportDescription;ImageExporter;ImageImporter;JP2Decoder;JP2Encoder;JP2Error;JP2Exporter;JP2Importer;Process;ProcessByBoxcar;ProcessByBrick;ProcessByLine;ProcessByQuickFilter;ProcessBySample;ProcessBySpectra;ProcessByTile;ProcessGroundPolygons;ProcessImport;ProcessImportFits;ProcessImportPds;ProcessImportVicar;ProcessMapMosaic;ProcessMosaic;ProcessPolygons;ProcessRubberSheet;QtExporter;QtImporter;StreamExporter;SubArea;TiffExporter;TiffImporter,non_gui,present,present,identical_text,,isis/src/base/objs/SubArea/SubArea.h,isis/src/base/objs/SubArea/SubArea.h
src/bind_high_level_cube_io.cpp,TiffExporter.h,ExportDescription;ImageExporter;ImageImporter;JP2Decoder;JP2Encoder;JP2Error;JP2Exporter;JP2Importer;Process;ProcessByBoxcar;ProcessByBrick;ProcessByLine;ProcessByQuickFilter;ProcessBySample;ProcessBySpectra;ProcessByTile;ProcessGroundPolygons;ProcessImport;ProcessImportFits;ProcessImportPds;ProcessImportVicar;ProcessMapMosaic;ProcessMosaic;ProcessPolygons;ProcessRubberSheet;QtExporter;QtImporter;StreamExporter;SubArea;TiffExporter;TiffImporter,non_gui,present,present,identical_text,,isis/src/base/objs/TiffExporter/TiffExporter.h,isis/src/base/objs/TiffExporter/TiffExporter.h
src/bind_high_level_cube_io.cpp,TiffImporter.h,ExportDescription;ImageExporter;ImageImporter;JP2Decoder;JP2Encoder;JP2Error;JP2Exporter;JP2Importer;Process;ProcessByBoxcar;ProcessByBrick;ProcessByLine;ProcessByQuickFilter;ProcessBySample;ProcessBySpectra;ProcessByTile;ProcessGroundPolygons;ProcessImport;ProcessImportFits;ProcessImportPds;ProcessImportVicar;ProcessMapMosaic;ProcessMosaic;ProcessPolygons;ProcessRubberSheet;QtExporter;QtImporter;StreamExporter;SubArea;TiffExporter;TiffImporter,non_gui,present,present,identical_text,,isis/src/base/objs/TiffImporter/TiffImporter.h,isis/src/base/objs/TiffImporter/TiffImporter.h
src/bind_high_level_cube_io.cpp,Transform.h,ExportDescription;ImageExporter;ImageImporter;JP2Decoder;JP2Encoder;JP2Error;JP2Exporter;JP2Importer;Process;ProcessByBoxcar;ProcessByBrick;ProcessByLine;ProcessByQuickFilter;ProcessBySample;ProcessBySpectra;ProcessByTile;ProcessGroundPolygons;ProcessImport;ProcessImportFits;ProcessImportPds;ProcessImportVicar;ProcessMapMosaic;ProcessMosaic;ProcessPolygons;ProcessRubberSheet;QtExporter;QtImporter;StreamExporter;SubArea;TiffExporter;TiffImporter,non_gui,present,present,identical_text,,isis/src/base/objs/Transform/Transform.h,isis/src/base/objs/Transform/Transform.h
src/bind_low_level_cube_io.cpp,AlphaCube.h,AlphaCube;BandManager;Blob;Blobber;BoxcarManager;Brick;Buffer;BufferManager;Cube;CubeAttributeInput;CubeAttributeOutput;CubeBsqHandlerWrapper;CubeCachingAlgorithm;CubeIoHandlerWrapper;CubeTileHandlerWrapper;HiBlob;LineManager;OriginalLabel;OriginalXmlLabel;Portal;RawCubeChunk;RegionalCachingAlgorithm;SampleManager;Table;TableField;TableRecord;TileManager;TrackingTable,non_gui,present,present,identical_text,,isis/src/base/objs/AlphaCube/AlphaCube.h,isis/src/base/objs/AlphaCube/AlphaCube.h
src/bind_low_level_cube_io.cpp,BandManager.h,AlphaCube;BandManager;Blob;Blobber;BoxcarManager;Brick;Buffer;BufferManager;Cube;CubeAttributeInput;CubeAttributeOutput;CubeBsqHandlerWrapper;CubeCachingAlgorithm;CubeIoHandlerWrapper;CubeTileHandlerWrapper;HiBlob;LineManager;OriginalLabel;OriginalXmlLabel;Portal;RawCubeChunk;RegionalCachingAlgorithm;SampleManager;Table;TableField;TableRecord;TileManager;TrackingTable,non_gui,present,present,identical_text,,isis/src/base/objs/BandManager/BandManager.h,isis/src/base/objs/BandManager/BandManager.h
src/bind_low_level_cube_io.cpp,Blob.h,AlphaCube;BandManager;Blob;Blobber;BoxcarManager;Brick;Buffer;BufferManager;Cube;CubeAttributeInput;CubeAttributeOutput;CubeBsqHandlerWrapper;CubeCachingAlgorithm;CubeIoHandlerWrapper;CubeTileHandlerWrapper;HiBlob;LineManager;OriginalLabel;OriginalXmlLabel;Portal;RawCubeChunk;RegionalCachingAlgorithm;SampleManager;Table;TableField;TableRecord;TileManager;TrackingTable,non_gui,present,present,changed_review_required,,isis/src/base/objs/Blob/Blob.h,isis/src/core/include/Blob.h
src/bind_low_level_cube_io.cpp,Blobber.h,AlphaCube;BandManager;Blob;Blobber;BoxcarManager;Brick;Buffer;BufferManager;Cube;CubeAttributeInput;CubeAttributeOutput;CubeBsqHandlerWrapper;CubeCachingAlgorithm;CubeIoHandlerWrapper;CubeTileHandlerWrapper;HiBlob;LineManager;OriginalLabel;OriginalXmlLabel;Portal;RawCubeChunk;RegionalCachingAlgorithm;SampleManager;Table;TableField;TableRecord;TileManager;TrackingTable,non_gui,present,present,identical_text,,isis/src/base/objs/Blobber/Blobber.h,isis/src/base/objs/Blobber/Blobber.h
src/bind_low_level_cube_io.cpp,BoxcarManager.h,AlphaCube;BandManager;Blob;Blobber;BoxcarManager;Brick;Buffer;BufferManager;Cube;CubeAttributeInput;CubeAttributeOutput;CubeBsqHandlerWrapper;CubeCachingAlgorithm;CubeIoHandlerWrapper;CubeTileHandlerWrapper;HiBlob;LineManager;OriginalLabel;OriginalXmlLabel;Portal;RawCubeChunk;RegionalCachingAlgorithm;SampleManager;Table;TableField;TableRecord;TileManager;TrackingTable,non_gui,present,present,identical_text,,isis/src/base/objs/BoxcarManager/BoxcarManager.h,isis/src/base/objs/BoxcarManager/BoxcarManager.h
src/bind_low_level_cube_io.cpp,Brick.h,AlphaCube;BandManager;Blob;Blobber;BoxcarManager;Brick;Buffer;BufferManager;Cube;CubeAttributeInput;CubeAttributeOutput;CubeBsqHandlerWrapper;CubeCachingAlgorithm;CubeIoHandlerWrapper;CubeTileHandlerWrapper;HiBlob;LineManager;OriginalLabel;OriginalXmlLabel;Portal;RawCubeChunk;RegionalCachingAlgorithm;SampleManager;Table;TableField;TableRecord;TileManager;TrackingTable,non_gui,present,present,identical_text,,isis/src/base/objs/Brick/Brick.h,isis/src/base/objs/Brick/Brick.h
src/bind_low_level_cube_io.cpp,Buffer.h,AlphaCube;BandManager;Blob;Blobber;BoxcarManager;Brick;Buffer;BufferManager;Cube;CubeAttributeInput;CubeAttributeOutput;CubeBsqHandlerWrapper;CubeCachingAlgorithm;CubeIoHandlerWrapper;CubeTileHandlerWrapper;HiBlob;LineManager;OriginalLabel;OriginalXmlLabel;Portal;RawCubeChunk;RegionalCachingAlgorithm;SampleManager;Table;TableField;TableRecord;TileManager;TrackingTable,non_gui,present,present,identical_text,,isis/src/base/objs/Buffer/Buffer.h,isis/src/base/objs/Buffer/Buffer.h
src/bind_low_level_cube_io.cpp,BufferManager.h,AlphaCube;BandManager;Blob;Blobber;BoxcarManager;Brick;Buffer;BufferManager;Cube;CubeAttributeInput;CubeAttributeOutput;CubeBsqHandlerWrapper;CubeCachingAlgorithm;CubeIoHandlerWrapper;CubeTileHandlerWrapper;HiBlob;LineManager;OriginalLabel;OriginalXmlLabel;Portal;RawCubeChunk;RegionalCachingAlgorithm;SampleManager;Table;TableField;TableRecord;TileManager;TrackingTable,non_gui,present,present,identical_text,,isis/src/base/objs/BufferManager/BufferManager.h,isis/src/base/objs/BufferManager/BufferManager.h
src/bind_low_level_cube_io.cpp,Camera.h,AlphaCube;BandManager;Blob;Blobber;BoxcarManager;Brick;Buffer;BufferManager;Cube;CubeAttributeInput;CubeAttributeOutput;CubeBsqHandlerWrapper;CubeCachingAlgorithm;CubeIoHandlerWrapper;CubeTileHandlerWrapper;HiBlob;LineManager;OriginalLabel;OriginalXmlLabel;Portal;RawCubeChunk;RegionalCachingAlgorithm;SampleManager;Table;TableField;TableRecord;TileManager;TrackingTable,non_gui,present,present,identical_text,,isis/src/base/objs/Camera/Camera.h,isis/src/base/objs/Camera/Camera.h
src/bind_low_level_cube_io.cpp,Cube.h,AlphaCube;BandManager;Blob;Blobber;BoxcarManager;Brick;Buffer;BufferManager;Cube;CubeAttributeInput;CubeAttributeOutput;CubeBsqHandlerWrapper;CubeCachingAlgorithm;CubeIoHandlerWrapper;CubeTileHandlerWrapper;HiBlob;LineManager;OriginalLabel;OriginalXmlLabel;Portal;RawCubeChunk;RegionalCachingAlgorithm;SampleManager;Table;TableField;TableRecord;TileManager;TrackingTable,non_gui,present,present,changed_review_required,,isis/src/base/objs/Cube/Cube.h,isis/src/base/objs/Cube/Cube.h
src/bind_low_level_cube_io.cpp,CubeAttribute.h,AlphaCube;BandManager;Blob;Blobber;BoxcarManager;Brick;Buffer;BufferManager;Cube;CubeAttributeInput;CubeAttributeOutput;CubeBsqHandlerWrapper;CubeCachingAlgorithm;CubeIoHandlerWrapper;CubeTileHandlerWrapper;HiBlob;LineManager;OriginalLabel;OriginalXmlLabel;Portal;RawCubeChunk;RegionalCachingAlgorithm;SampleManager;Table;TableField;TableRecord;TileManager;TrackingTable,non_gui,present,present,changed_review_required,,isis/src/base/objs/CubeAttribute/CubeAttribute.h,isis/src/base/objs/CubeAttribute/CubeAttribute.h
src/bind_low_level_cube_io.cpp,CubeBsqHandler.h,AlphaCube;BandManager;Blob;Blobber;BoxcarManager;Brick;Buffer;BufferManager;Cube;CubeAttributeInput;CubeAttributeOutput;CubeBsqHandlerWrapper;CubeCachingAlgorithm;CubeIoHandlerWrapper;CubeTileHandlerWrapper;HiBlob;LineManager;OriginalLabel;OriginalXmlLabel;Portal;RawCubeChunk;RegionalCachingAlgorithm;SampleManager;Table;TableField;TableRecord;TileManager;TrackingTable,non_gui,present,present,identical_text,,isis/src/base/objs/Cube/CubeBsqHandler.h,isis/src/base/objs/Cube/CubeBsqHandler.h
src/bind_low_level_cube_io.cpp,CubeCachingAlgorithm.h,AlphaCube;BandManager;Blob;Blobber;BoxcarManager;Brick;Buffer;BufferManager;Cube;CubeAttributeInput;CubeAttributeOutput;CubeBsqHandlerWrapper;CubeCachingAlgorithm;CubeIoHandlerWrapper;CubeTileHandlerWrapper;HiBlob;LineManager;OriginalLabel;OriginalXmlLabel;Portal;RawCubeChunk;RegionalCachingAlgorithm;SampleManager;Table;TableField;TableRecord;TileManager;TrackingTable,non_gui,present,present,identical_text,,isis/src/base/objs/CubeCachingAlgorithm/CubeCachingAlgorithm.h,isis/src/base/objs/CubeCachingAlgorithm/CubeCachingAlgorithm.h
src/bind_low_level_cube_io.cpp,CubeTileHandler.h,AlphaCube;BandManager;Blob;Blobber;BoxcarManager;Brick;Buffer;BufferManager;Cube;CubeAttributeInput;CubeAttributeOutput;CubeBsqHandlerWrapper;CubeCachingAlgorithm;CubeIoHandlerWrapper;CubeTileHandlerWrapper;HiBlob;LineManager;OriginalLabel;OriginalXmlLabel;Portal;RawCubeChunk;RegionalCachingAlgorithm;SampleManager;Table;TableField;TableRecord;TileManager;TrackingTable,non_gui,present,present,identical_text,,isis/src/base/objs/Cube/CubeTileHandler.h,isis/src/base/objs/Cube/CubeTileHandler.h
src/bind_low_level_cube_io.cpp,Endian.h,AlphaCube;BandManager;Blob;Blobber;BoxcarManager;Brick;Buffer;BufferManager;Cube;CubeAttributeInput;CubeAttributeOutput;CubeBsqHandlerWrapper;CubeCachingAlgorithm;CubeIoHandlerWrapper;CubeTileHandlerWrapper;HiBlob;LineManager;OriginalLabel;OriginalXmlLabel;Portal;RawCubeChunk;RegionalCachingAlgorithm;SampleManager;Table;TableField;TableRecord;TileManager;TrackingTable,non_gui,present,missing,renamed_review_required,IEndian.h:isis/src/core/include/IEndian.h,isis/src/base/objs/Endian/Endian.h,
src/bind_low_level_cube_io.cpp,FileName.h,AlphaCube;BandManager;Blob;Blobber;BoxcarManager;Brick;Buffer;BufferManager;Cube;CubeAttributeInput;CubeAttributeOutput;CubeBsqHandlerWrapper;CubeCachingAlgorithm;CubeIoHandlerWrapper;CubeTileHandlerWrapper;HiBlob;LineManager;OriginalLabel;OriginalXmlLabel;Portal;RawCubeChunk;RegionalCachingAlgorithm;SampleManager;Table;TableField;TableRecord;TileManager;TrackingTable,non_gui,present,present,changed_review_required,,isis/src/base/objs/FileName/FileName.h,isis/src/core/include/FileName.h
src/bind_low_level_cube_io.cpp,HiBlob.h,AlphaCube;BandManager;Blob;Blobber;BoxcarManager;Brick;Buffer;BufferManager;Cube;CubeAttributeInput;CubeAttributeOutput;CubeBsqHandlerWrapper;CubeCachingAlgorithm;CubeIoHandlerWrapper;CubeTileHandlerWrapper;HiBlob;LineManager;OriginalLabel;OriginalXmlLabel;Portal;RawCubeChunk;RegionalCachingAlgorithm;SampleManager;Table;TableField;TableRecord;TileManager;TrackingTable,non_gui,present,present,identical_text,,isis/src/mro/objs/HiCal/HiBlob.h,isis/src/mro/objs/HiCal/HiBlob.h
src/bind_low_level_cube_io.cpp,Histogram.h,AlphaCube;BandManager;Blob;Blobber;BoxcarManager;Brick;Buffer;BufferManager;Cube;CubeAttributeInput;CubeAttributeOutput;CubeBsqHandlerWrapper;CubeCachingAlgorithm;CubeIoHandlerWrapper;CubeTileHandlerWrapper;HiBlob;LineManager;OriginalLabel;OriginalXmlLabel;Portal;RawCubeChunk;RegionalCachingAlgorithm;SampleManager;Table;TableField;TableRecord;TileManager;TrackingTable,non_gui,present,present,identical_text,,isis/src/base/objs/Histogram/Histogram.h,isis/src/base/objs/Histogram/Histogram.h
src/bind_low_level_cube_io.cpp,IEndian.h,AlphaCube;BandManager;Blob;Blobber;BoxcarManager;Brick;Buffer;BufferManager;Cube;CubeAttributeInput;CubeAttributeOutput;CubeBsqHandlerWrapper;CubeCachingAlgorithm;CubeIoHandlerWrapper;CubeTileHandlerWrapper;HiBlob;LineManager;OriginalLabel;OriginalXmlLabel;Portal;RawCubeChunk;RegionalCachingAlgorithm;SampleManager;Table;TableField;TableRecord;TileManager;TrackingTable,non_gui,missing,present,missing_in_isis9,,,isis/src/core/include/IEndian.h
src/bind_low_level_cube_io.cpp,LineManager.h,AlphaCube;BandManager;Blob;Blobber;BoxcarManager;Brick;Buffer;BufferManager;Cube;CubeAttributeInput;CubeAttributeOutput;CubeBsqHandlerWrapper;CubeCachingAlgorithm;CubeIoHandlerWrapper;CubeTileHandlerWrapper;HiBlob;LineManager;OriginalLabel;OriginalXmlLabel;Portal;RawCubeChunk;RegionalCachingAlgorithm;SampleManager;Table;TableField;TableRecord;TileManager;TrackingTable,non_gui,present,present,identical_text,,isis/src/base/objs/LineManager/LineManager.h,isis/src/base/objs/LineManager/LineManager.h
src/bind_low_level_cube_io.cpp,OriginalLabel.h,AlphaCube;BandManager;Blob;Blobber;BoxcarManager;Brick;Buffer;BufferManager;Cube;CubeAttributeInput;CubeAttributeOutput;CubeBsqHandlerWrapper;CubeCachingAlgorithm;CubeIoHandlerWrapper;CubeTileHandlerWrapper;HiBlob;LineManager;OriginalLabel;OriginalXmlLabel;Portal;RawCubeChunk;RegionalCachingAlgorithm;SampleManager;Table;TableField;TableRecord;TileManager;TrackingTable,non_gui,present,present,identical_text,,isis/src/base/objs/OriginalLabel/OriginalLabel.h,isis/src/base/objs/OriginalLabel/OriginalLabel.h
src/bind_low_level_cube_io.cpp,OriginalXmlLabel.h,AlphaCube;BandManager;Blob;Blobber;BoxcarManager;Brick;Buffer;BufferManager;Cube;CubeAttributeInput;CubeAttributeOutput;CubeBsqHandlerWrapper;CubeCachingAlgorithm;CubeIoHandlerWrapper;CubeTileHandlerWrapper;HiBlob;LineManager;OriginalLabel;OriginalXmlLabel;Portal;RawCubeChunk;RegionalCachingAlgorithm;SampleManager;Table;TableField;TableRecord;TileManager;TrackingTable,non_gui,present,present,identical_text,,isis/src/base/objs/OriginalXmlLabel/OriginalXmlLabel.h,isis/src/base/objs/OriginalXmlLabel/OriginalXmlLabel.h
src/bind_low_level_cube_io.cpp,PixelType.h,AlphaCube;BandManager;Blob;Blobber;BoxcarManager;Brick;Buffer;BufferManager;Cube;CubeAttributeInput;CubeAttributeOutput;CubeBsqHandlerWrapper;CubeCachingAlgorithm;CubeIoHandlerWrapper;CubeTileHandlerWrapper;HiBlob;LineManager;OriginalLabel;OriginalXmlLabel;Portal;RawCubeChunk;RegionalCachingAlgorithm;SampleManager;Table;TableField;TableRecord;TileManager;TrackingTable,non_gui,present,present,changed_review_required,,isis/src/base/objs/PixelType/PixelType.h,isis/src/core/include/PixelType.h
src/bind_low_level_cube_io.cpp,Portal.h,AlphaCube;BandManager;Blob;Blobber;BoxcarManager;Brick;Buffer;BufferManager;Cube;CubeAttributeInput;CubeAttributeOutput;CubeBsqHandlerWrapper;CubeCachingAlgorithm;CubeIoHandlerWrapper;CubeTileHandlerWrapper;HiBlob;LineManager;OriginalLabel;OriginalXmlLabel;Portal;RawCubeChunk;RegionalCachingAlgorithm;SampleManager;Table;TableField;TableRecord;TileManager;TrackingTable,non_gui,present,present,identical_text,,isis/src/base/objs/Portal/Portal.h,isis/src/base/objs/Portal/Portal.h
src/bind_low_level_cube_io.cpp,Projection.h,AlphaCube;BandManager;Blob;Blobber;BoxcarManager;Brick;Buffer;BufferManager;Cube;CubeAttributeInput;CubeAttributeOutput;CubeBsqHandlerWrapper;CubeCachingAlgorithm;CubeIoHandlerWrapper;CubeTileHandlerWrapper;HiBlob;LineManager;OriginalLabel;OriginalXmlLabel;Portal;RawCubeChunk;RegionalCachingAlgorithm;SampleManager;Table;TableField;TableRecord;TileManager;TrackingTable,non_gui,present,present,changed_review_required,,isis/src/base/objs/Projection/Projection.h,isis/src/base/objs/Projection/Projection.h
src/bind_low_level_cube_io.cpp,Pvl.h,AlphaCube;BandManager;Blob;Blobber;BoxcarManager;Brick;Buffer;BufferManager;Cube;CubeAttributeInput;CubeAttributeOutput;CubeBsqHandlerWrapper;CubeCachingAlgorithm;CubeIoHandlerWrapper;CubeTileHandlerWrapper;HiBlob;LineManager;OriginalLabel;OriginalXmlLabel;Portal;RawCubeChunk;RegionalCachingAlgorithm;SampleManager;Table;TableField;TableRecord;TileManager;TrackingTable,non_gui,present,present,changed_review_required,,isis/src/base/objs/Pvl/Pvl.h,isis/src/core/include/Pvl.h
src/bind_low_level_cube_io.cpp,PvlGroup.h,AlphaCube;BandManager;Blob;Blobber;BoxcarManager;Brick;Buffer;BufferManager;Cube;CubeAttributeInput;CubeAttributeOutput;CubeBsqHandlerWrapper;CubeCachingAlgorithm;CubeIoHandlerWrapper;CubeTileHandlerWrapper;HiBlob;LineManager;OriginalLabel;OriginalXmlLabel;Portal;RawCubeChunk;RegionalCachingAlgorithm;SampleManager;Table;TableField;TableRecord;TileManager;TrackingTable,non_gui,present,present,identical_text,,isis/src/base/objs/PvlGroup/PvlGroup.h,isis/src/core/include/PvlGroup.h
src/bind_low_level_cube_io.cpp,RawCubeChunk.h,AlphaCube;BandManager;Blob;Blobber;BoxcarManager;Brick;Buffer;BufferManager;Cube;CubeAttributeInput;CubeAttributeOutput;CubeBsqHandlerWrapper;CubeCachingAlgorithm;CubeIoHandlerWrapper;CubeTileHandlerWrapper;HiBlob;LineManager;OriginalLabel;OriginalXmlLabel;Portal;RawCubeChunk;RegionalCachingAlgorithm;SampleManager;Table;TableField;TableRecord;TileManager;TrackingTable,non_gui,present,present,identical_text,,isis/src/base/objs/Cube/RawCubeChunk.h,isis/src/base/objs/Cube/RawCubeChunk.h
src/bind_low_level_cube_io.cpp,RegionalCachingAlgorithm.h,AlphaCube;BandManager;Blob;Blobber;BoxcarManager;Brick;Buffer;BufferManager;Cube;CubeAttributeInput;CubeAttributeOutput;CubeBsqHandlerWrapper;CubeCachingAlgorithm;CubeIoHandlerWrapper;CubeTileHandlerWrapper;HiBlob;LineManager;OriginalLabel;OriginalXmlLabel;Portal;RawCubeChunk;RegionalCachingAlgorithm;SampleManager;Table;TableField;TableRecord;TileManager;TrackingTable,non_gui,present,present,identical_text,,isis/src/base/objs/Cube/RegionalCachingAlgorithm.h,isis/src/base/objs/Cube/RegionalCachingAlgorithm.h
src/bind_low_level_cube_io.cpp,SampleManager.h,AlphaCube;BandManager;Blob;Blobber;BoxcarManager;Brick;Buffer;BufferManager;Cube;CubeAttributeInput;CubeAttributeOutput;CubeBsqHandlerWrapper;CubeCachingAlgorithm;CubeIoHandlerWrapper;CubeTileHandlerWrapper;HiBlob;LineManager;OriginalLabel;OriginalXmlLabel;Portal;RawCubeChunk;RegionalCachingAlgorithm;SampleManager;Table;TableField;TableRecord;TileManager;TrackingTable,non_gui,present,present,identical_text,,isis/src/base/objs/SampleManager/SampleManager.h,isis/src/base/objs/SampleManager/SampleManager.h
src/bind_low_level_cube_io.cpp,Statistics.h,AlphaCube;BandManager;Blob;Blobber;BoxcarManager;Brick;Buffer;BufferManager;Cube;CubeAttributeInput;CubeAttributeOutput;CubeBsqHandlerWrapper;CubeCachingAlgorithm;CubeIoHandlerWrapper;CubeTileHandlerWrapper;HiBlob;LineManager;OriginalLabel;OriginalXmlLabel;Portal;RawCubeChunk;RegionalCachingAlgorithm;SampleManager;Table;TableField;TableRecord;TileManager;TrackingTable,qt_observer_review,present,present,identical_text,,isis/src/base/objs/Statistics/Statistics.h,isis/src/base/objs/Statistics/Statistics.h
src/bind_low_level_cube_io.cpp,Table.h,AlphaCube;BandManager;Blob;Blobber;BoxcarManager;Brick;Buffer;BufferManager;Cube;CubeAttributeInput;CubeAttributeOutput;CubeBsqHandlerWrapper;CubeCachingAlgorithm;CubeIoHandlerWrapper;CubeTileHandlerWrapper;HiBlob;LineManager;OriginalLabel;OriginalXmlLabel;Portal;RawCubeChunk;RegionalCachingAlgorithm;SampleManager;Table;TableField;TableRecord;TileManager;TrackingTable,non_gui,present,present,changed_review_required,,isis/src/base/objs/Table/Table.h,isis/src/core/include/Table.h
src/bind_low_level_cube_io.cpp,TableField.h,AlphaCube;BandManager;Blob;Blobber;BoxcarManager;Brick;Buffer;BufferManager;Cube;CubeAttributeInput;CubeAttributeOutput;CubeBsqHandlerWrapper;CubeCachingAlgorithm;CubeIoHandlerWrapper;CubeTileHandlerWrapper;HiBlob;LineManager;OriginalLabel;OriginalXmlLabel;Portal;RawCubeChunk;RegionalCachingAlgorithm;SampleManager;Table;TableField;TableRecord;TileManager;TrackingTable,non_gui,present,present,identical_text,,isis/src/base/objs/TableField/TableField.h,isis/src/core/include/TableField.h
src/bind_low_level_cube_io.cpp,TableRecord.h,AlphaCube;BandManager;Blob;Blobber;BoxcarManager;Brick;Buffer;BufferManager;Cube;CubeAttributeInput;CubeAttributeOutput;CubeBsqHandlerWrapper;CubeCachingAlgorithm;CubeIoHandlerWrapper;CubeTileHandlerWrapper;HiBlob;LineManager;OriginalLabel;OriginalXmlLabel;Portal;RawCubeChunk;RegionalCachingAlgorithm;SampleManager;Table;TableField;TableRecord;TileManager;TrackingTable,non_gui,present,present,identical_text,,isis/src/base/objs/TableRecord/TableRecord.h,isis/src/core/include/TableRecord.h
src/bind_low_level_cube_io.cpp,TileManager.h,AlphaCube;BandManager;Blob;Blobber;BoxcarManager;Brick;Buffer;BufferManager;Cube;CubeAttributeInput;CubeAttributeOutput;CubeBsqHandlerWrapper;CubeCachingAlgorithm;CubeIoHandlerWrapper;CubeTileHandlerWrapper;HiBlob;LineManager;OriginalLabel;OriginalXmlLabel;Portal;RawCubeChunk;RegionalCachingAlgorithm;SampleManager;Table;TableField;TableRecord;TileManager;TrackingTable,non_gui,present,present,identical_text,,isis/src/base/objs/TileManager/TileManager.h,isis/src/base/objs/TileManager/TileManager.h
src/bind_low_level_cube_io.cpp,TrackingTable.h,AlphaCube;BandManager;Blob;Blobber;BoxcarManager;Brick;Buffer;BufferManager;Cube;CubeAttributeInput;CubeAttributeOutput;CubeBsqHandlerWrapper;CubeCachingAlgorithm;CubeIoHandlerWrapper;CubeTileHandlerWrapper;HiBlob;LineManager;OriginalLabel;OriginalXmlLabel;Portal;RawCubeChunk;RegionalCachingAlgorithm;SampleManager;Table;TableField;TableRecord;TileManager;TrackingTable,non_gui,present,present,identical_text,,isis/src/base/objs/TrackingTable/TrackingTable.h,isis/src/base/objs/TrackingTable/TrackingTable.h
src/bind_mro_hical.cpp,Cube.h,GainNonLinearityWrapper;GainTemperatureWrapper;GainUnitConversionWrapper;HiLabWrapper;WrapperType,non_gui,present,present,changed_review_required,,isis/src/base/objs/Cube/Cube.h,isis/src/base/objs/Cube/Cube.h
src/bind_mro_hical.cpp,IException.h,GainNonLinearityWrapper;GainTemperatureWrapper;GainUnitConversionWrapper;HiLabWrapper;WrapperType,non_gui,present,present,changed_review_required,,isis/src/base/objs/IException/IException.h,isis/src/core/include/IException.h
src/bind_mro_hical.cpp,Pvl.h,GainNonLinearityWrapper;GainTemperatureWrapper;GainUnitConversionWrapper;HiLabWrapper;WrapperType,non_gui,present,present,changed_review_required,,isis/src/base/objs/Pvl/Pvl.h,isis/src/core/include/Pvl.h
src/bind_sensor.cpp,MathUtils.h,Sensor;SensorUtilities,non_gui,present,present,identical_text,,SensorUtilities/include/MathUtils.h,SensorUtilities/include/MathUtils.h
src/bind_sensor.cpp,Sensor.h,Sensor;SensorUtilities,non_gui,present,present,identical_text,,isis/src/base/objs/Sensor/Sensor.h,isis/src/base/objs/Sensor/Sensor.h
src/bind_sensor.cpp,SensorUtilities.h,Sensor;SensorUtilities,non_gui,present,present,identical_text,,SensorUtilities/include/SensorUtilities.h,SensorUtilities/include/SensorUtilities.h
src/bind_sensor.cpp,SurfacePoint.h,Sensor;SensorUtilities,non_gui,present,present,identical_text,,isis/src/base/objs/SurfacePoint/SurfacePoint.h,isis/src/base/objs/SurfacePoint/SurfacePoint.h
src/bind_spice_navigation.cpp,Cube.h,SpacecraftPosition;Spice;SpicePosition;SpiceRotation,non_gui,present,present,changed_review_required,,isis/src/base/objs/Cube/Cube.h,isis/src/base/objs/Cube/Cube.h
src/bind_spice_navigation.cpp,Distance.h,SpacecraftPosition;Spice;SpicePosition;SpiceRotation,non_gui,present,present,identical_text,,isis/src/base/objs/Distance/Distance.h,isis/src/base/objs/Distance/Distance.h
src/bind_spice_navigation.cpp,IException.h,SpacecraftPosition;Spice;SpicePosition;SpiceRotation,non_gui,present,present,changed_review_required,,isis/src/base/objs/IException/IException.h,isis/src/core/include/IException.h
src/bind_spice_navigation.cpp,LightTimeCorrectionState.h,SpacecraftPosition;Spice;SpicePosition;SpiceRotation,non_gui,present,present,identical_text,,isis/src/base/objs/Spice/LightTimeCorrectionState.h,isis/src/base/objs/Spice/LightTimeCorrectionState.h
src/bind_spice_navigation.cpp,Longitude.h,SpacecraftPosition;Spice;SpicePosition;SpiceRotation,non_gui,present,present,identical_text,,isis/src/base/objs/Longitude/Longitude.h,isis/src/base/objs/Longitude/Longitude.h
src/bind_spice_navigation.cpp,Pvl.h,SpacecraftPosition;Spice;SpicePosition;SpiceRotation,non_gui,present,present,changed_review_required,,isis/src/base/objs/Pvl/Pvl.h,isis/src/core/include/Pvl.h
src/bind_spice_navigation.cpp,PvlObject.h,SpacecraftPosition;Spice;SpicePosition;SpiceRotation,non_gui,present,present,changed_review_required,,isis/src/base/objs/PvlObject/PvlObject.h,isis/src/core/include/PvlObject.h
src/bind_spice_navigation.cpp,SpacecraftPosition.h,SpacecraftPosition;Spice;SpicePosition;SpiceRotation,non_gui,present,present,identical_text,,isis/src/base/objs/Spice/SpacecraftPosition.h,isis/src/base/objs/Spice/SpacecraftPosition.h
src/bind_spice_navigation.cpp,Spice.h,SpacecraftPosition;Spice;SpicePosition;SpiceRotation,non_gui,present,present,changed_review_required,,isis/src/base/objs/Spice/Spice.h,isis/src/base/objs/Spice/Spice.h
src/bind_spice_navigation.cpp,SpicePosition.h,SpacecraftPosition;Spice;SpicePosition;SpiceRotation,non_gui,present,present,identical_text,,isis/src/base/objs/SpicePosition/SpicePosition.h,isis/src/base/objs/SpicePosition/SpicePosition.h
src/bind_spice_navigation.cpp,SpiceRotation.h,SpacecraftPosition;Spice;SpicePosition;SpiceRotation,non_gui,present,present,changed_review_required,,isis/src/base/objs/SpiceRotation/SpiceRotation.h,isis/src/base/objs/SpiceRotation/SpiceRotation.h
src/bind_spice_navigation.cpp,Target.h,SpacecraftPosition;Spice;SpicePosition;SpiceRotation,non_gui,present,present,identical_text,,isis/src/base/objs/Target/Target.h,isis/src/base/objs/Target/Target.h
src/bind_spice_navigation.cpp,iTime.h,SpacecraftPosition;Spice;SpicePosition;SpiceRotation,non_gui,present,present,identical_text,,isis/src/base/objs/iTime/iTime.h,isis/src/base/objs/iTime/iTime.h
src/bind_statistics.cpp,Camera.h,CameraStatistics;GaussianDistribution;GroupedStatistics;Histogram;ImageHistogram;MultivariateStatistics;OverlapStatistics;Statistics;VecFilter,non_gui,present,present,identical_text,,isis/src/base/objs/Camera/Camera.h,isis/src/base/objs/Camera/Camera.h
src/bind_statistics.cpp,CameraStatistics.h,CameraStatistics;GaussianDistribution;GroupedStatistics;Histogram;ImageHistogram;MultivariateStatistics;OverlapStatistics;Statistics;VecFilter,non_gui,present,present,identical_text,,isis/src/base/objs/CameraStatistics/CameraStatistics.h,isis/src/base/objs/CameraStatistics/CameraStatistics.h
src/bind_statistics.cpp,Cube.h,CameraStatistics;GaussianDistribution;GroupedStatistics;Histogram;ImageHistogram;MultivariateStatistics;OverlapStatistics;Statistics;VecFilter,non_gui,present,present,changed_review_required,,isis/src/base/objs/Cube/Cube.h,isis/src/base/objs/Cube/Cube.h
src/bind_statistics.cpp,GaussianDistribution.h,CameraStatistics;GaussianDistribution;GroupedStatistics;Histogram;ImageHistogram;MultivariateStatistics;OverlapStatistics;Statistics;VecFilter,non_gui,present,present,identical_text,,isis/src/base/objs/GaussianDistribution/GaussianDistribution.h,isis/src/base/objs/GaussianDistribution/GaussianDistribution.h
src/bind_statistics.cpp,GaussianStretch.h,CameraStatistics;GaussianDistribution;GroupedStatistics;Histogram;ImageHistogram;MultivariateStatistics;OverlapStatistics;Statistics;VecFilter,non_gui,present,present,identical_text,,isis/src/base/objs/GaussianStretch/GaussianStretch.h,isis/src/base/objs/GaussianStretch/GaussianStretch.h
src/bind_statistics.cpp,GroupedStatistics.h,CameraStatistics;GaussianDistribution;GroupedStatistics;Histogram;ImageHistogram;MultivariateStatistics;OverlapStatistics;Statistics;VecFilter,non_gui,present,present,changed_review_required,,isis/src/base/objs/GroupedStatistics/GroupedStatistics.h,isis/src/base/objs/GroupedStatistics/GroupedStatistics.h
src/bind_statistics.cpp,Histogram.h,CameraStatistics;GaussianDistribution;GroupedStatistics;Histogram;ImageHistogram;MultivariateStatistics;OverlapStatistics;Statistics;VecFilter,non_gui,present,present,identical_text,,isis/src/base/objs/Histogram/Histogram.h,isis/src/base/objs/Histogram/Histogram.h
src/bind_statistics.cpp,ImageHistogram.h,CameraStatistics;GaussianDistribution;GroupedStatistics;Histogram;ImageHistogram;MultivariateStatistics;OverlapStatistics;Statistics;VecFilter,non_gui,present,present,identical_text,,isis/src/base/objs/ImageHistogram/ImageHistogram.h,isis/src/base/objs/ImageHistogram/ImageHistogram.h
src/bind_statistics.cpp,MultivariateStatistics.h,CameraStatistics;GaussianDistribution;GroupedStatistics;Histogram;ImageHistogram;MultivariateStatistics;OverlapStatistics;Statistics;VecFilter,non_gui,present,present,identical_text,,isis/src/base/objs/MultivariateStatistics/MultivariateStatistics.h,isis/src/base/objs/MultivariateStatistics/MultivariateStatistics.h
src/bind_statistics.cpp,OverlapStatistics.h,CameraStatistics;GaussianDistribution;GroupedStatistics;Histogram;ImageHistogram;MultivariateStatistics;OverlapStatistics;Statistics;VecFilter,non_gui,present,present,identical_text,,isis/src/base/objs/OverlapStatistics/OverlapStatistics.h,isis/src/base/objs/OverlapStatistics/OverlapStatistics.h
src/bind_statistics.cpp,PvlObject.h,CameraStatistics;GaussianDistribution;GroupedStatistics;Histogram;ImageHistogram;MultivariateStatistics;OverlapStatistics;Statistics;VecFilter,non_gui,present,present,changed_review_required,,isis/src/base/objs/PvlObject/PvlObject.h,isis/src/core/include/PvlObject.h
src/bind_statistics.cpp,Statistics.h,CameraStatistics;GaussianDistribution;GroupedStatistics;Histogram;ImageHistogram;MultivariateStatistics;OverlapStatistics;Statistics;VecFilter,qt_observer_review,present,present,identical_text,,isis/src/base/objs/Statistics/Statistics.h,isis/src/base/objs/Statistics/Statistics.h
src/bind_statistics.cpp,VecFilter.h,CameraStatistics;GaussianDistribution;GroupedStatistics;Histogram;ImageHistogram;MultivariateStatistics;OverlapStatistics;Statistics;VecFilter,non_gui,present,present,identical_text,,isis/src/base/objs/VecFilter/VecFilter.h,isis/src/base/objs/VecFilter/VecFilter.h
src/control/bind_bundle_advanced.cpp,BundleControlPoint.h,BundleControlPoint;BundleLidarControlPoint;BundleLidarPointVector;BundleLidarRangeConstraint;BundleMeasure;BundleObservation;BundleObservationVector;BundleResults;BundleSolutionInfo;CsmBundleObservation;IsisBundleObservation,non_gui,present,present,identical_text,,isis/src/control/objs/BundleUtilities/BundleControlPoint.h,isis/src/control/objs/BundleUtilities/BundleControlPoint.h
src/control/bind_bundle_advanced.cpp,BundleImage.h,BundleControlPoint;BundleLidarControlPoint;BundleLidarPointVector;BundleLidarRangeConstraint;BundleMeasure;BundleObservation;BundleObservationVector;BundleResults;BundleSolutionInfo;CsmBundleObservation;IsisBundleObservation,non_gui,present,present,identical_text,,isis/src/control/objs/BundleUtilities/BundleImage.h,isis/src/control/objs/BundleUtilities/BundleImage.h
src/control/bind_bundle_advanced.cpp,BundleLidarControlPoint.h,BundleControlPoint;BundleLidarControlPoint;BundleLidarPointVector;BundleLidarRangeConstraint;BundleMeasure;BundleObservation;BundleObservationVector;BundleResults;BundleSolutionInfo;CsmBundleObservation;IsisBundleObservation,non_gui,present,present,identical_text,,isis/src/control/objs/BundleUtilities/BundleLidarControlPoint.h,isis/src/control/objs/BundleUtilities/BundleLidarControlPoint.h
src/control/bind_bundle_advanced.cpp,BundleLidarPointVector.h,BundleControlPoint;BundleLidarControlPoint;BundleLidarPointVector;BundleLidarRangeConstraint;BundleMeasure;BundleObservation;BundleObservationVector;BundleResults;BundleSolutionInfo;CsmBundleObservation;IsisBundleObservation,non_gui,present,present,identical_text,,isis/src/control/objs/BundleUtilities/BundleLidarPointVector.h,isis/src/control/objs/BundleUtilities/BundleLidarPointVector.h
src/control/bind_bundle_advanced.cpp,BundleLidarRangeConstraint.h,BundleControlPoint;BundleLidarControlPoint;BundleLidarPointVector;BundleLidarRangeConstraint;BundleMeasure;BundleObservation;BundleObservationVector;BundleResults;BundleSolutionInfo;CsmBundleObservation;IsisBundleObservation,non_gui,present,present,identical_text,,isis/src/control/objs/BundleUtilities/BundleLidarRangeConstraint.h,isis/src/control/objs/BundleUtilities/BundleLidarRangeConstraint.h
src/control/bind_bundle_advanced.cpp,BundleMeasure.h,BundleControlPoint;BundleLidarControlPoint;BundleLidarPointVector;BundleLidarRangeConstraint;BundleMeasure;BundleObservation;BundleObservationVector;BundleResults;BundleSolutionInfo;CsmBundleObservation;IsisBundleObservation,non_gui,present,present,identical_text,,isis/src/control/objs/BundleUtilities/BundleMeasure.h,isis/src/control/objs/BundleUtilities/BundleMeasure.h
src/control/bind_bundle_advanced.cpp,BundleObservation.h,BundleControlPoint;BundleLidarControlPoint;BundleLidarPointVector;BundleLidarRangeConstraint;BundleMeasure;BundleObservation;BundleObservationVector;BundleResults;BundleSolutionInfo;CsmBundleObservation;IsisBundleObservation,non_gui,present,present,identical_text,,isis/src/control/objs/BundleUtilities/BundleObservation.h,isis/src/control/objs/BundleUtilities/BundleObservation.h
src/control/bind_bundle_advanced.cpp,BundleObservationSolveSettings.h,BundleControlPoint;BundleLidarControlPoint;BundleLidarPointVector;BundleLidarRangeConstraint;BundleMeasure;BundleObservation;BundleObservationVector;BundleResults;BundleSolutionInfo;CsmBundleObservation;IsisBundleObservation,non_gui,present,present,identical_text,,isis/src/control/objs/BundleUtilities/BundleObservationSolveSettings.h,isis/src/control/objs/BundleUtilities/BundleObservationSolveSettings.h
src/control/bind_bundle_advanced.cpp,BundleObservationVector.h,BundleControlPoint;BundleLidarControlPoint;BundleLidarPointVector;BundleLidarRangeConstraint;BundleMeasure;BundleObservation;BundleObservationVector;BundleResults;BundleSolutionInfo;CsmBundleObservation;IsisBundleObservation,non_gui,present,present,identical_text,,isis/src/control/objs/BundleUtilities/BundleObservationVector.h,isis/src/control/objs/BundleUtilities/BundleObservationVector.h
src/control/bind_bundle_advanced.cpp,BundleResults.h,BundleControlPoint;BundleLidarControlPoint;BundleLidarPointVector;BundleLidarRangeConstraint;BundleMeasure;BundleObservation;BundleObservationVector;BundleResults;BundleSolutionInfo;CsmBundleObservation;IsisBundleObservation,qt_observer_review,present,present,changed_review_required,,isis/src/control/objs/BundleResults/BundleResults.h,isis/src/control/objs/BundleResults/BundleResults.h
src/control/bind_bundle_advanced.cpp,BundleSettings.h,BundleControlPoint;BundleLidarControlPoint;BundleLidarPointVector;BundleLidarRangeConstraint;BundleMeasure;BundleObservation;BundleObservationVector;BundleResults;BundleSolutionInfo;CsmBundleObservation;IsisBundleObservation,non_gui,present,present,changed_review_required,,isis/src/control/objs/BundleSettings/BundleSettings.h,isis/src/control/objs/BundleSettings/BundleSettings.h
src/control/bind_bundle_advanced.cpp,BundleSolutionInfo.h,BundleControlPoint;BundleLidarControlPoint;BundleLidarPointVector;BundleLidarRangeConstraint;BundleMeasure;BundleObservation;BundleObservationVector;BundleResults;BundleSolutionInfo;CsmBundleObservation;IsisBundleObservation,qt_observer_review,present,present,changed_review_required,,isis/src/control/objs/BundleSolutionInfo/BundleSolutionInfo.h,isis/src/control/objs/BundleSolutionInfo/BundleSolutionInfo.h
src/control/bind_bundle_advanced.cpp,BundleTargetBody.h,BundleControlPoint;BundleLidarControlPoint;BundleLidarPointVector;BundleLidarRangeConstraint;BundleMeasure;BundleObservation;BundleObservationVector;BundleResults;BundleSolutionInfo;CsmBundleObservation;IsisBundleObservation,non_gui,present,present,identical_text,,isis/src/control/objs/BundleUtilities/BundleTargetBody.h,isis/src/control/objs/BundleUtilities/BundleTargetBody.h
src/control/bind_bundle_advanced.cpp,Camera.h,BundleControlPoint;BundleLidarControlPoint;BundleLidarPointVector;BundleLidarRangeConstraint;BundleMeasure;BundleObservation;BundleObservationVector;BundleResults;BundleSolutionInfo;CsmBundleObservation;IsisBundleObservation,non_gui,present,present,identical_text,,isis/src/base/objs/Camera/Camera.h,isis/src/base/objs/Camera/Camera.h
src/control/bind_bundle_advanced.cpp,ControlMeasure.h,BundleControlPoint;BundleLidarControlPoint;BundleLidarPointVector;BundleLidarRangeConstraint;BundleMeasure;BundleObservation;BundleObservationVector;BundleResults;BundleSolutionInfo;CsmBundleObservation;IsisBundleObservation,qt_observer_review,present,present,changed_review_required,,isis/src/control/objs/ControlMeasure/ControlMeasure.h,isis/src/control/objs/ControlMeasure/ControlMeasure.h
src/control/bind_bundle_advanced.cpp,ControlNet.h,BundleControlPoint;BundleLidarControlPoint;BundleLidarPointVector;BundleLidarRangeConstraint;BundleMeasure;BundleObservation;BundleObservationVector;BundleResults;BundleSolutionInfo;CsmBundleObservation;IsisBundleObservation,qt_observer_review,present,present,changed_review_required,,isis/src/control/objs/ControlNet/ControlNet.h,isis/src/control/objs/ControlNet/ControlNet.h
src/control/bind_bundle_advanced.cpp,ControlPoint.h,BundleControlPoint;BundleLidarControlPoint;BundleLidarPointVector;BundleLidarRangeConstraint;BundleMeasure;BundleObservation;BundleObservationVector;BundleResults;BundleSolutionInfo;CsmBundleObservation;IsisBundleObservation,qt_observer_review,present,present,changed_review_required,,isis/src/control/objs/ControlPoint/ControlPoint.h,isis/src/control/objs/ControlPoint/ControlPoint.h
src/control/bind_bundle_advanced.cpp,CsmBundleObservation.h,BundleControlPoint;BundleLidarControlPoint;BundleLidarPointVector;BundleLidarRangeConstraint;BundleMeasure;BundleObservation;BundleObservationVector;BundleResults;BundleSolutionInfo;CsmBundleObservation;IsisBundleObservation,non_gui,present,present,identical_text,,isis/src/control/objs/CsmBundleObservation/CsmBundleObservation.h,isis/src/control/objs/CsmBundleObservation/CsmBundleObservation.h
src/control/bind_bundle_advanced.cpp,Distance.h,BundleControlPoint;BundleLidarControlPoint;BundleLidarPointVector;BundleLidarRangeConstraint;BundleMeasure;BundleObservation;BundleObservationVector;BundleResults;BundleSolutionInfo;CsmBundleObservation;IsisBundleObservation,non_gui,present,present,identical_text,,isis/src/base/objs/Distance/Distance.h,isis/src/base/objs/Distance/Distance.h
src/control/bind_bundle_advanced.cpp,FileName.h,BundleControlPoint;BundleLidarControlPoint;BundleLidarPointVector;BundleLidarRangeConstraint;BundleMeasure;BundleObservation;BundleObservationVector;BundleResults;BundleSolutionInfo;CsmBundleObservation;IsisBundleObservation,non_gui,present,present,changed_review_required,,isis/src/base/objs/FileName/FileName.h,isis/src/core/include/FileName.h
src/control/bind_bundle_advanced.cpp,IsisBundleObservation.h,BundleControlPoint;BundleLidarControlPoint;BundleLidarPointVector;BundleLidarRangeConstraint;BundleMeasure;BundleObservation;BundleObservationVector;BundleResults;BundleSolutionInfo;CsmBundleObservation;IsisBundleObservation,non_gui,present,present,identical_text,,isis/src/control/objs/BundleUtilities/IsisBundleObservation.h,isis/src/control/objs/BundleUtilities/IsisBundleObservation.h
src/control/bind_bundle_advanced.cpp,MaximumLikelihoodWFunctions.h,BundleControlPoint;BundleLidarControlPoint;BundleLidarPointVector;BundleLidarRangeConstraint;BundleMeasure;BundleObservation;BundleObservationVector;BundleResults;BundleSolutionInfo;CsmBundleObservation;IsisBundleObservation,non_gui,present,present,identical_text,,isis/src/control/objs/MaximumLikelihoodWFunctions/MaximumLikelihoodWFunctions.h,isis/src/control/objs/MaximumLikelihoodWFunctions/MaximumLikelihoodWFunctions.h
src/control/bind_bundle_advanced.cpp,SpicePosition.h,BundleControlPoint;BundleLidarControlPoint;BundleLidarPointVector;BundleLidarRangeConstraint;BundleMeasure;BundleObservation;BundleObservationVector;BundleResults;BundleSolutionInfo;CsmBundleObservation;IsisBundleObservation,non_gui,present,present,identical_text,,isis/src/base/objs/SpicePosition/SpicePosition.h,isis/src/base/objs/SpicePosition/SpicePosition.h
src/control/bind_bundle_advanced.cpp,SpiceRotation.h,BundleControlPoint;BundleLidarControlPoint;BundleLidarPointVector;BundleLidarRangeConstraint;BundleMeasure;BundleObservation;BundleObservationVector;BundleResults;BundleSolutionInfo;CsmBundleObservation;IsisBundleObservation,non_gui,present,present,changed_review_required,,isis/src/base/objs/SpiceRotation/SpiceRotation.h,isis/src/base/objs/SpiceRotation/SpiceRotation.h
src/control/bind_bundle_advanced.cpp,Statistics.h,BundleControlPoint;BundleLidarControlPoint;BundleLidarPointVector;BundleLidarRangeConstraint;BundleMeasure;BundleObservation;BundleObservationVector;BundleResults;BundleSolutionInfo;CsmBundleObservation;IsisBundleObservation,qt_observer_review,present,present,identical_text,,isis/src/base/objs/Statistics/Statistics.h,isis/src/base/objs/Statistics/Statistics.h
src/control/bind_bundle_advanced.cpp,SurfacePoint.h,BundleControlPoint;BundleLidarControlPoint;BundleLidarPointVector;BundleLidarRangeConstraint;BundleMeasure;BundleObservation;BundleObservationVector;BundleResults;BundleSolutionInfo;CsmBundleObservation;IsisBundleObservation,non_gui,present,present,identical_text,,isis/src/base/objs/SurfacePoint/SurfacePoint.h,isis/src/base/objs/SurfacePoint/SurfacePoint.h
src/control/bind_control_core.cpp,BundleImage.h,BundleImage;BundleObservationSolveSettings;BundleSettings;BundleTargetBody;ControlMeasure;ControlMeasureLogData;ControlNet;ControlNetDiff;ControlNetFilter;ControlNetStatistics;ControlNetValidMeasure;ControlNetVersioner;ControlPoint;ControlPointList;ControlPointV0001;ControlPointV0002;ControlPointV0003;LidarControlPoint;MeasureValidationResults,non_gui,present,present,identical_text,,isis/src/control/objs/BundleUtilities/BundleImage.h,isis/src/control/objs/BundleUtilities/BundleImage.h
src/control/bind_control_core.cpp,BundleObservationSolveSettings.h,BundleImage;BundleObservationSolveSettings;BundleSettings;BundleTargetBody;ControlMeasure;ControlMeasureLogData;ControlNet;ControlNetDiff;ControlNetFilter;ControlNetStatistics;ControlNetValidMeasure;ControlNetVersioner;ControlPoint;ControlPointList;ControlPointV0001;ControlPointV0002;ControlPointV0003;LidarControlPoint;MeasureValidationResults,non_gui,present,present,identical_text,,isis/src/control/objs/BundleUtilities/BundleObservationSolveSettings.h,isis/src/control/objs/BundleUtilities/BundleObservationSolveSettings.h
src/control/bind_control_core.cpp,BundleSettings.h,BundleImage;BundleObservationSolveSettings;BundleSettings;BundleTargetBody;ControlMeasure;ControlMeasureLogData;ControlNet;ControlNetDiff;ControlNetFilter;ControlNetStatistics;ControlNetValidMeasure;ControlNetVersioner;ControlPoint;ControlPointList;ControlPointV0001;ControlPointV0002;ControlPointV0003;LidarControlPoint;MeasureValidationResults,non_gui,present,present,changed_review_required,,isis/src/control/objs/BundleSettings/BundleSettings.h,isis/src/control/objs/BundleSettings/BundleSettings.h
src/control/bind_control_core.cpp,BundleTargetBody.h,BundleImage;BundleObservationSolveSettings;BundleSettings;BundleTargetBody;ControlMeasure;ControlMeasureLogData;ControlNet;ControlNetDiff;ControlNetFilter;ControlNetStatistics;ControlNetValidMeasure;ControlNetVersioner;ControlPoint;ControlPointList;ControlPointV0001;ControlPointV0002;ControlPointV0003;LidarControlPoint;MeasureValidationResults,non_gui,present,present,identical_text,,isis/src/control/objs/BundleUtilities/BundleTargetBody.h,isis/src/control/objs/BundleUtilities/BundleTargetBody.h
src/control/bind_control_core.cpp,Camera.h,BundleImage;BundleObservationSolveSettings;BundleSettings;BundleTargetBody;ControlMeasure;ControlMeasureLogData;ControlNet;ControlNetDiff;ControlNetFilter;ControlNetStatistics;ControlNetValidMeasure;ControlNetVersioner;ControlPoint;ControlPointList;ControlPointV0001;ControlPointV0002;ControlPointV0003;LidarControlPoint;MeasureValidationResults,non_gui,present,present,identical_text,,isis/src/base/objs/Camera/Camera.h,isis/src/base/objs/Camera/Camera.h
src/control/bind_control_core.cpp,ControlMeasure.h,BundleImage;BundleObservationSolveSettings;BundleSettings;BundleTargetBody;ControlMeasure;ControlMeasureLogData;ControlNet;ControlNetDiff;ControlNetFilter;ControlNetStatistics;ControlNetValidMeasure;ControlNetVersioner;ControlPoint;ControlPointList;ControlPointV0001;ControlPointV0002;ControlPointV0003;LidarControlPoint;MeasureValidationResults,qt_observer_review,present,present,changed_review_required,,isis/src/control/objs/ControlMeasure/ControlMeasure.h,isis/src/control/objs/ControlMeasure/ControlMeasure.h
src/control/bind_control_core.cpp,ControlMeasureLogData.h,BundleImage;BundleObservationSolveSettings;BundleSettings;BundleTargetBody;ControlMeasure;ControlMeasureLogData;ControlNet;ControlNetDiff;ControlNetFilter;ControlNetStatistics;ControlNetValidMeasure;ControlNetVersioner;ControlPoint;ControlPointList;ControlPointV0001;ControlPointV0002;ControlPointV0003;LidarControlPoint;MeasureValidationResults,non_gui,present,present,identical_text,,isis/src/control/objs/ControlMeasureLogData/ControlMeasureLogData.h,isis/src/control/objs/ControlMeasureLogData/ControlMeasureLogData.h
src/control/bind_control_core.cpp,ControlNet.h,BundleImage;BundleObservationSolveSettings;BundleSettings;BundleTargetBody;ControlMeasure;ControlMeasureLogData;ControlNet;ControlNetDiff;ControlNetFilter;ControlNetStatistics;ControlNetValidMeasure;ControlNetVersioner;ControlPoint;ControlPointList;ControlPointV0001;ControlPointV0002;ControlPointV0003;LidarControlPoint;MeasureValidationResults,qt_observer_review,present,present,changed_review_required,,isis/src/control/objs/ControlNet/ControlNet.h,isis/src/control/objs/ControlNet/ControlNet.h
src/control/bind_control_core.cpp,ControlNetDiff.h,BundleImage;BundleObservationSolveSettings;BundleSettings;BundleTargetBody;ControlMeasure;ControlMeasureLogData;ControlNet;ControlNetDiff;ControlNetFilter;ControlNetStatistics;ControlNetValidMeasure;ControlNetVersioner;ControlPoint;ControlPointList;ControlPointV0001;ControlPointV0002;ControlPointV0003;LidarControlPoint;MeasureValidationResults,non_gui,present,present,identical_text,,isis/src/control/objs/ControlNetDiff/ControlNetDiff.h,isis/src/control/objs/ControlNetDiff/ControlNetDiff.h
src/control/bind_control_core.cpp,ControlNetFilter.h,BundleImage;BundleObservationSolveSettings;BundleSettings;BundleTargetBody;ControlMeasure;ControlMeasureLogData;ControlNet;ControlNetDiff;ControlNetFilter;ControlNetStatistics;ControlNetValidMeasure;ControlNetVersioner;ControlPoint;ControlPointList;ControlPointV0001;ControlPointV0002;ControlPointV0003;LidarControlPoint;MeasureValidationResults,non_gui,present,present,identical_text,,isis/src/control/objs/ControlNetFilter/ControlNetFilter.h,isis/src/control/objs/ControlNetFilter/ControlNetFilter.h
src/control/bind_control_core.cpp,ControlNetStatistics.h,BundleImage;BundleObservationSolveSettings;BundleSettings;BundleTargetBody;ControlMeasure;ControlMeasureLogData;ControlNet;ControlNetDiff;ControlNetFilter;ControlNetStatistics;ControlNetValidMeasure;ControlNetVersioner;ControlPoint;ControlPointList;ControlPointV0001;ControlPointV0002;ControlPointV0003;LidarControlPoint;MeasureValidationResults,non_gui,present,present,identical_text,,isis/src/control/objs/ControlNetStatistics/ControlNetStatistics.h,isis/src/control/objs/ControlNetStatistics/ControlNetStatistics.h
src/control/bind_control_core.cpp,ControlNetValidMeasure.h,BundleImage;BundleObservationSolveSettings;BundleSettings;BundleTargetBody;ControlMeasure;ControlMeasureLogData;ControlNet;ControlNetDiff;ControlNetFilter;ControlNetStatistics;ControlNetValidMeasure;ControlNetVersioner;ControlPoint;ControlPointList;ControlPointV0001;ControlPointV0002;ControlPointV0003;LidarControlPoint;MeasureValidationResults,non_gui,present,present,identical_text,,isis/src/control/objs/ControlNetValidMeasure/ControlNetValidMeasure.h,isis/src/control/objs/ControlNetValidMeasure/ControlNetValidMeasure.h
src/control/bind_control_core.cpp,ControlNetVersioner.h,BundleImage;BundleObservationSolveSettings;BundleSettings;BundleTargetBody;ControlMeasure;ControlMeasureLogData;ControlNet;ControlNetDiff;ControlNetFilter;ControlNetStatistics;ControlNetValidMeasure;ControlNetVersioner;ControlPoint;ControlPointList;ControlPointV0001;ControlPointV0002;ControlPointV0003;LidarControlPoint;MeasureValidationResults,non_gui,present,present,identical_text,,isis/src/control/objs/ControlNetVersioner/ControlNetVersioner.h,isis/src/control/objs/ControlNetVersioner/ControlNetVersioner.h
src/control/bind_control_core.cpp,ControlPoint.h,BundleImage;BundleObservationSolveSettings;BundleSettings;BundleTargetBody;ControlMeasure;ControlMeasureLogData;ControlNet;ControlNetDiff;ControlNetFilter;ControlNetStatistics;ControlNetValidMeasure;ControlNetVersioner;ControlPoint;ControlPointList;ControlPointV0001;ControlPointV0002;ControlPointV0003;LidarControlPoint;MeasureValidationResults,qt_observer_review,present,present,changed_review_required,,isis/src/control/objs/ControlPoint/ControlPoint.h,isis/src/control/objs/ControlPoint/ControlPoint.h
src/control/bind_control_core.cpp,ControlPointList.h,BundleImage;BundleObservationSolveSettings;BundleSettings;BundleTargetBody;ControlMeasure;ControlMeasureLogData;ControlNet;ControlNetDiff;ControlNetFilter;ControlNetStatistics;ControlNetValidMeasure;ControlNetVersioner;ControlPoint;ControlPointList;ControlPointV0001;ControlPointV0002;ControlPointV0003;LidarControlPoint;MeasureValidationResults,non_gui,present,present,identical_text,,isis/src/control/objs/ControlPointList/ControlPointList.h,isis/src/control/objs/ControlPointList/ControlPointList.h
src/control/bind_control_core.cpp,ControlPointV0001.h,BundleImage;BundleObservationSolveSettings;BundleSettings;BundleTargetBody;ControlMeasure;ControlMeasureLogData;ControlNet;ControlNetDiff;ControlNetFilter;ControlNetStatistics;ControlNetValidMeasure;ControlNetVersioner;ControlPoint;ControlPointList;ControlPointV0001;ControlPointV0002;ControlPointV0003;LidarControlPoint;MeasureValidationResults,non_gui,present,present,identical_text,,isis/src/control/objs/ControlNetVersioner/ControlPointV0001.h,isis/src/control/objs/ControlNetVersioner/ControlPointV0001.h
src/control/bind_control_core.cpp,ControlPointV0002.h,BundleImage;BundleObservationSolveSettings;BundleSettings;BundleTargetBody;ControlMeasure;ControlMeasureLogData;ControlNet;ControlNetDiff;ControlNetFilter;ControlNetStatistics;ControlNetValidMeasure;ControlNetVersioner;ControlPoint;ControlPointList;ControlPointV0001;ControlPointV0002;ControlPointV0003;LidarControlPoint;MeasureValidationResults,non_gui,present,present,identical_text,,isis/src/control/objs/ControlNetVersioner/ControlPointV0002.h,isis/src/control/objs/ControlNetVersioner/ControlPointV0002.h
src/control/bind_control_core.cpp,ControlPointV0003.h,BundleImage;BundleObservationSolveSettings;BundleSettings;BundleTargetBody;ControlMeasure;ControlMeasureLogData;ControlNet;ControlNetDiff;ControlNetFilter;ControlNetStatistics;ControlNetValidMeasure;ControlNetVersioner;ControlPoint;ControlPointList;ControlPointV0001;ControlPointV0002;ControlPointV0003;LidarControlPoint;MeasureValidationResults,non_gui,present,present,identical_text,,isis/src/control/objs/ControlNetVersioner/ControlPointV0003.h,isis/src/control/objs/ControlNetVersioner/ControlPointV0003.h
src/control/bind_control_core.cpp,FileName.h,BundleImage;BundleObservationSolveSettings;BundleSettings;BundleTargetBody;ControlMeasure;ControlMeasureLogData;ControlNet;ControlNetDiff;ControlNetFilter;ControlNetStatistics;ControlNetValidMeasure;ControlNetVersioner;ControlPoint;ControlPointList;ControlPointV0001;ControlPointV0002;ControlPointV0003;LidarControlPoint;MeasureValidationResults,non_gui,present,present,changed_review_required,,isis/src/base/objs/FileName/FileName.h,isis/src/core/include/FileName.h
src/control/bind_control_core.cpp,LidarControlPoint.h,BundleImage;BundleObservationSolveSettings;BundleSettings;BundleTargetBody;ControlMeasure;ControlMeasureLogData;ControlNet;ControlNetDiff;ControlNetFilter;ControlNetStatistics;ControlNetValidMeasure;ControlNetVersioner;ControlPoint;ControlPointList;ControlPointV0001;ControlPointV0002;ControlPointV0003;LidarControlPoint;MeasureValidationResults,non_gui,present,present,identical_text,,isis/src/control/objs/LidarControlPoint/LidarControlPoint.h,isis/src/control/objs/LidarControlPoint/LidarControlPoint.h
src/control/bind_control_core.cpp,MaximumLikelihoodWFunctions.h,BundleImage;BundleObservationSolveSettings;BundleSettings;BundleTargetBody;ControlMeasure;ControlMeasureLogData;ControlNet;ControlNetDiff;ControlNetFilter;ControlNetStatistics;ControlNetValidMeasure;ControlNetVersioner;ControlPoint;ControlPointList;ControlPointV0001;ControlPointV0002;ControlPointV0003;LidarControlPoint;MeasureValidationResults,non_gui,present,present,identical_text,,isis/src/control/objs/MaximumLikelihoodWFunctions/MaximumLikelihoodWFunctions.h,isis/src/control/objs/MaximumLikelihoodWFunctions/MaximumLikelihoodWFunctions.h
src/control/bind_control_core.cpp,MeasureValidationResults.h,BundleImage;BundleObservationSolveSettings;BundleSettings;BundleTargetBody;ControlMeasure;ControlMeasureLogData;ControlNet;ControlNetDiff;ControlNetFilter;ControlNetStatistics;ControlNetValidMeasure;ControlNetVersioner;ControlPoint;ControlPointList;ControlPointV0001;ControlPointV0002;ControlPointV0003;LidarControlPoint;MeasureValidationResults,non_gui,present,present,changed_review_required,,isis/src/control/objs/ControlNetValidMeasure/MeasureValidationResults.h,isis/src/control/objs/ControlNetValidMeasure/MeasureValidationResults.h
src/control/bind_control_core.cpp,Progress.h,BundleImage;BundleObservationSolveSettings;BundleSettings;BundleTargetBody;ControlMeasure;ControlMeasureLogData;ControlNet;ControlNetDiff;ControlNetFilter;ControlNetStatistics;ControlNetValidMeasure;ControlNetVersioner;ControlPoint;ControlPointList;ControlPointV0001;ControlPointV0002;ControlPointV0003;LidarControlPoint;MeasureValidationResults,non_gui,present,present,identical_text,,isis/src/base/objs/Progress/Progress.h,isis/src/base/objs/Progress/Progress.h
src/control/bind_control_core.cpp,Pvl.h,BundleImage;BundleObservationSolveSettings;BundleSettings;BundleTargetBody;ControlMeasure;ControlMeasureLogData;ControlNet;ControlNetDiff;ControlNetFilter;ControlNetStatistics;ControlNetValidMeasure;ControlNetVersioner;ControlPoint;ControlPointList;ControlPointV0001;ControlPointV0002;ControlPointV0003;LidarControlPoint;MeasureValidationResults,non_gui,present,present,changed_review_required,,isis/src/base/objs/Pvl/Pvl.h,isis/src/core/include/Pvl.h
src/control/bind_control_core.cpp,PvlKeyword.h,BundleImage;BundleObservationSolveSettings;BundleSettings;BundleTargetBody;ControlMeasure;ControlMeasureLogData;ControlNet;ControlNetDiff;ControlNetFilter;ControlNetStatistics;ControlNetValidMeasure;ControlNetVersioner;ControlPoint;ControlPointList;ControlPointV0001;ControlPointV0002;ControlPointV0003;LidarControlPoint;MeasureValidationResults,non_gui,present,present,changed_review_required,,isis/src/base/objs/PvlKeyword/PvlKeyword.h,isis/src/core/include/PvlKeyword.h
src/control/bind_control_core.cpp,PvlObject.h,BundleImage;BundleObservationSolveSettings;BundleSettings;BundleTargetBody;ControlMeasure;ControlMeasureLogData;ControlNet;ControlNetDiff;ControlNetFilter;ControlNetStatistics;ControlNetValidMeasure;ControlNetVersioner;ControlPoint;ControlPointList;ControlPointV0001;ControlPointV0002;ControlPointV0003;LidarControlPoint;MeasureValidationResults,non_gui,present,present,changed_review_required,,isis/src/base/objs/PvlObject/PvlObject.h,isis/src/core/include/PvlObject.h
src/control/bind_control_core.cpp,SpicePosition.h,BundleImage;BundleObservationSolveSettings;BundleSettings;BundleTargetBody;ControlMeasure;ControlMeasureLogData;ControlNet;ControlNetDiff;ControlNetFilter;ControlNetStatistics;ControlNetValidMeasure;ControlNetVersioner;ControlPoint;ControlPointList;ControlPointV0001;ControlPointV0002;ControlPointV0003;LidarControlPoint;MeasureValidationResults,non_gui,present,present,identical_text,,isis/src/base/objs/SpicePosition/SpicePosition.h,isis/src/base/objs/SpicePosition/SpicePosition.h
src/control/bind_control_core.cpp,SpiceRotation.h,BundleImage;BundleObservationSolveSettings;BundleSettings;BundleTargetBody;ControlMeasure;ControlMeasureLogData;ControlNet;ControlNetDiff;ControlNetFilter;ControlNetStatistics;ControlNetValidMeasure;ControlNetVersioner;ControlPoint;ControlPointList;ControlPointV0001;ControlPointV0002;ControlPointV0003;LidarControlPoint;MeasureValidationResults,non_gui,present,present,changed_review_required,,isis/src/base/objs/SpiceRotation/SpiceRotation.h,isis/src/base/objs/SpiceRotation/SpiceRotation.h
src/control/bind_control_core.cpp,Statistics.h,BundleImage;BundleObservationSolveSettings;BundleSettings;BundleTargetBody;ControlMeasure;ControlMeasureLogData;ControlNet;ControlNetDiff;ControlNetFilter;ControlNetStatistics;ControlNetValidMeasure;ControlNetVersioner;ControlPoint;ControlPointList;ControlPointV0001;ControlPointV0002;ControlPointV0003;LidarControlPoint;MeasureValidationResults,qt_observer_review,present,present,identical_text,,isis/src/base/objs/Statistics/Statistics.h,isis/src/base/objs/Statistics/Statistics.h
src/control/bind_control_core.cpp,SurfacePoint.h,BundleImage;BundleObservationSolveSettings;BundleSettings;BundleTargetBody;ControlMeasure;ControlMeasureLogData;ControlNet;ControlNetDiff;ControlNetFilter;ControlNetStatistics;ControlNetValidMeasure;ControlNetVersioner;ControlPoint;ControlPointList;ControlPointV0001;ControlPointV0002;ControlPointV0003;LidarControlPoint;MeasureValidationResults,non_gui,present,present,identical_text,,isis/src/base/objs/SurfacePoint/SurfacePoint.h,isis/src/base/objs/SurfacePoint/SurfacePoint.h
src/control/bind_control_core.cpp,iTime.h,BundleImage;BundleObservationSolveSettings;BundleSettings;BundleTargetBody;ControlMeasure;ControlMeasureLogData;ControlNet;ControlNetDiff;ControlNetFilter;ControlNetStatistics;ControlNetValidMeasure;ControlNetVersioner;ControlPoint;ControlPointList;ControlPointV0001;ControlPointV0002;ControlPointV0003;LidarControlPoint;MeasureValidationResults,non_gui,present,present,identical_text,,isis/src/base/objs/iTime/iTime.h,isis/src/base/objs/iTime/iTime.h
src/control/bind_interest_operator_factory.cpp,InterestOperator.h,InterestOperatorFactory,non_gui,present,present,identical_text,,isis/src/control/objs/InterestOperator/InterestOperator.h,isis/src/control/objs/InterestOperator/InterestOperator.h
src/control/bind_interest_operator_factory.cpp,InterestOperatorFactory.h,InterestOperatorFactory,non_gui,present,present,identical_text,,isis/src/control/objs/InterestOperatorFactory/InterestOperatorFactory.h,isis/src/control/objs/InterestOperatorFactory/InterestOperatorFactory.h
src/control/bind_interest_operator_factory.cpp,Pvl.h,InterestOperatorFactory,non_gui,present,present,changed_review_required,,isis/src/base/objs/Pvl/Pvl.h,isis/src/core/include/Pvl.h
src/lro/bind_lro_utilities.cpp,Camera.h,LroNarrowAngleDistortionMap;LroWideAngleCameraDistortionMap;LroWideAngleCameraFocalPlaneMap,non_gui,present,present,identical_text,,isis/src/base/objs/Camera/Camera.h,isis/src/base/objs/Camera/Camera.h
src/lro/bind_lro_utilities.cpp,CameraDistortionMap.h,LroNarrowAngleDistortionMap;LroWideAngleCameraDistortionMap;LroWideAngleCameraFocalPlaneMap,non_gui,present,present,identical_text,,isis/src/base/objs/CameraDistortionMap/CameraDistortionMap.h,isis/src/base/objs/CameraDistortionMap/CameraDistortionMap.h
src/lro/bind_lro_utilities.cpp,CameraFocalPlaneMap.h,LroNarrowAngleDistortionMap;LroWideAngleCameraDistortionMap;LroWideAngleCameraFocalPlaneMap,non_gui,present,present,changed_review_required,,isis/src/base/objs/CameraFocalPlaneMap/CameraFocalPlaneMap.h,isis/src/base/objs/CameraFocalPlaneMap/CameraFocalPlaneMap.h
src/lro/bind_lro_utilities.cpp,LroNarrowAngleDistortionMap.h,LroNarrowAngleDistortionMap;LroWideAngleCameraDistortionMap;LroWideAngleCameraFocalPlaneMap,non_gui,present,present,identical_text,,isis/src/lro/objs/LroNarrowAngleCamera/LroNarrowAngleDistortionMap.h,isis/src/lro/objs/LroNarrowAngleCamera/LroNarrowAngleDistortionMap.h
src/lro/bind_lro_utilities.cpp,LroWideAngleCameraDistortionMap.h,LroNarrowAngleDistortionMap;LroWideAngleCameraDistortionMap;LroWideAngleCameraFocalPlaneMap,non_gui,present,present,identical_text,,isis/src/lro/objs/LroWideAngleCamera/LroWideAngleCameraDistortionMap.h,isis/src/lro/objs/LroWideAngleCamera/LroWideAngleCameraDistortionMap.h
src/lro/bind_lro_utilities.cpp,LroWideAngleCameraFocalPlaneMap.h,LroNarrowAngleDistortionMap;LroWideAngleCameraDistortionMap;LroWideAngleCameraFocalPlaneMap,non_gui,present,present,identical_text,,isis/src/lro/objs/LroWideAngleCamera/LroWideAngleCameraFocalPlaneMap.h,isis/src/lro/objs/LroWideAngleCamera/LroWideAngleCameraFocalPlaneMap.h
src/mgs/bind_mgs_utilities.cpp,Camera.h,MocLabels;MocNarrowAngleSumming;MocWideAngleDetectorMap;MocWideAngleDistortionMap,non_gui,present,present,identical_text,,isis/src/base/objs/Camera/Camera.h,isis/src/base/objs/Camera/Camera.h
src/mgs/bind_mgs_utilities.cpp,Cube.h,MocLabels;MocNarrowAngleSumming;MocWideAngleDetectorMap;MocWideAngleDistortionMap,non_gui,present,present,changed_review_required,,isis/src/base/objs/Cube/Cube.h,isis/src/base/objs/Cube/Cube.h
src/mgs/bind_mgs_utilities.cpp,LineScanCameraDetectorMap.h,MocLabels;MocNarrowAngleSumming;MocWideAngleDetectorMap;MocWideAngleDistortionMap,non_gui,present,present,identical_text,,isis/src/base/objs/LineScanCameraDetectorMap/LineScanCameraDetectorMap.h,isis/src/base/objs/LineScanCameraDetectorMap/LineScanCameraDetectorMap.h
src/mgs/bind_mgs_utilities.cpp,MocLabels.h,MocLabels;MocNarrowAngleSumming;MocWideAngleDetectorMap;MocWideAngleDistortionMap,non_gui,present,present,identical_text,,isis/src/mgs/objs/MocLabels/MocLabels.h,isis/src/mgs/objs/MocLabels/MocLabels.h
src/mgs/bind_mgs_utilities.cpp,MocNarrowAngleSumming.h,MocLabels;MocNarrowAngleSumming;MocWideAngleDetectorMap;MocWideAngleDistortionMap,non_gui,present,present,identical_text,,isis/src/mgs/objs/MocNarrowAngleSumming/MocNarrowAngleSumming.h,isis/src/mgs/objs/MocNarrowAngleSumming/MocNarrowAngleSumming.h
src/mgs/bind_mgs_utilities.cpp,MocWideAngleDetectorMap.h,MocLabels;MocNarrowAngleSumming;MocWideAngleDetectorMap;MocWideAngleDistortionMap,non_gui,present,present,identical_text,,isis/src/mgs/objs/MocWideAngleCamera/MocWideAngleDetectorMap.h,isis/src/mgs/objs/MocWideAngleCamera/MocWideAngleDetectorMap.h
src/mgs/bind_mgs_utilities.cpp,MocWideAngleDistortionMap.h,MocLabels;MocNarrowAngleSumming;MocWideAngleDetectorMap;MocWideAngleDistortionMap,non_gui,present,present,identical_text,,isis/src/mgs/objs/MocWideAngleCamera/MocWideAngleDistortionMap.h,isis/src/mgs/objs/MocWideAngleCamera/MocWideAngleDistortionMap.h
src/mission/bind_mission_cameras.cpp,ApolloMetricCamera.h,ApolloMetricCamera;ApolloMetricDistortionMap;ApolloPanoramicCamera;ApolloPanoramicDetectorMap;CTXCamera;Chandrayaan1M3Camera;Chandrayaan1M3DistortionMap;ClementineUvvisDistortionMap;ClipperNacRollingShutterCamera;ClipperPushBroomCamera;ClipperWacFcCamera;CrismCamera;DawnFcCamera;DawnFcDistortionMap;DawnVirCamera;HayabusaAmicaCamera;HayabusaNirsCamera;HiresCamera;HiriseCamera;HrscCamera;Hyb2OncCamera;Hyb2OncDistortionMap;IssNACamera;IssWACamera;JunoCamera;JunoDistortionMap;KaguyaMiCamera;KaguyaMiCameraDistortionMap;KaguyaTcCamera;KaguyaTcCameraDistortionMap;LoCameraFiducialMap;LoHighCamera;LoHighDistortionMap;LoMediumCamera;LoMediumDistortionMap;LroNarrowAngleCamera;LroWideAngleCamera;LwirCamera;MarciCamera;Mariner10Camera;MdisCamera;MexHrscSrcCamera;MiniRF;MocNarrowAngleCamera;MocWideAngleCamera;MsiCamera;NewHorizonsLeisaCamera;NewHorizonsLorriCamera;NewHorizonsLorriDistortionMap;NewHorizonsMvicFrameCamera;NewHorizonsMvicFrameCameraDistortionMap;NewHorizonsMvicTdiCamera;NewHorizonsMvicTdiCameraDistortionMap;NirCamera;NirsDetectorMap;OsirisRexDistortionMap;OsirisRexOcamsCamera;OsirisRexTagcamsCamera;OsirisRexTagcamsDistortionMap;RosettaOsirisCamera;RosettaOsirisCameraDistortionMap;RosettaVirtisCamera;SsiCamera;TaylorCameraDistortionMap;TgoCassisCamera;TgoCassisDistortionMap;ThemisIrCamera;ThemisIrDistortionMap;ThemisVisCamera;ThemisVisDistortionMap;UvvisCamera;VikingCamera;VimsCamera;VimsGroundMap;VimsSkyMap;VoyagerCamera,non_gui,present,present,identical_text,,isis/src/apollo/objs/ApolloMetricCamera/ApolloMetricCamera.h,isis/src/apollo/objs/ApolloMetricCamera/ApolloMetricCamera.h
src/mission/bind_mission_cameras.cpp,ApolloMetricDistortionMap.h,ApolloMetricCamera;ApolloMetricDistortionMap;ApolloPanoramicCamera;ApolloPanoramicDetectorMap;CTXCamera;Chandrayaan1M3Camera;Chandrayaan1M3DistortionMap;ClementineUvvisDistortionMap;ClipperNacRollingShutterCamera;ClipperPushBroomCamera;ClipperWacFcCamera;CrismCamera;DawnFcCamera;DawnFcDistortionMap;DawnVirCamera;HayabusaAmicaCamera;HayabusaNirsCamera;HiresCamera;HiriseCamera;HrscCamera;Hyb2OncCamera;Hyb2OncDistortionMap;IssNACamera;IssWACamera;JunoCamera;JunoDistortionMap;KaguyaMiCamera;KaguyaMiCameraDistortionMap;KaguyaTcCamera;KaguyaTcCameraDistortionMap;LoCameraFiducialMap;LoHighCamera;LoHighDistortionMap;LoMediumCamera;LoMediumDistortionMap;LroNarrowAngleCamera;LroWideAngleCamera;LwirCamera;MarciCamera;Mariner10Camera;MdisCamera;MexHrscSrcCamera;MiniRF;MocNarrowAngleCamera;MocWideAngleCamera;MsiCamera;NewHorizonsLeisaCamera;NewHorizonsLorriCamera;NewHorizonsLorriDistortionMap;NewHorizonsMvicFrameCamera;NewHorizonsMvicFrameCameraDistortionMap;NewHorizonsMvicTdiCamera;NewHorizonsMvicTdiCameraDistortionMap;NirCamera;NirsDetectorMap;OsirisRexDistortionMap;OsirisRexOcamsCamera;OsirisRexTagcamsCamera;OsirisRexTagcamsDistortionMap;RosettaOsirisCamera;RosettaOsirisCameraDistortionMap;RosettaVirtisCamera;SsiCamera;TaylorCameraDistortionMap;TgoCassisCamera;TgoCassisDistortionMap;ThemisIrCamera;ThemisIrDistortionMap;ThemisVisCamera;ThemisVisDistortionMap;UvvisCamera;VikingCamera;VimsCamera;VimsGroundMap;VimsSkyMap;VoyagerCamera,non_gui,present,present,identical_text,,isis/src/apollo/objs/ApolloMetricCamera/ApolloMetricDistortionMap.h,isis/src/apollo/objs/ApolloMetricCamera/ApolloMetricDistortionMap.h
src/mission/bind_mission_cameras.cpp,ApolloPanoramicCamera.h,ApolloMetricCamera;ApolloMetricDistortionMap;ApolloPanoramicCamera;ApolloPanoramicDetectorMap;CTXCamera;Chandrayaan1M3Camera;Chandrayaan1M3DistortionMap;ClementineUvvisDistortionMap;ClipperNacRollingShutterCamera;ClipperPushBroomCamera;ClipperWacFcCamera;CrismCamera;DawnFcCamera;DawnFcDistortionMap;DawnVirCamera;HayabusaAmicaCamera;HayabusaNirsCamera;HiresCamera;HiriseCamera;HrscCamera;Hyb2OncCamera;Hyb2OncDistortionMap;IssNACamera;IssWACamera;JunoCamera;JunoDistortionMap;KaguyaMiCamera;KaguyaMiCameraDistortionMap;KaguyaTcCamera;KaguyaTcCameraDistortionMap;LoCameraFiducialMap;LoHighCamera;LoHighDistortionMap;LoMediumCamera;LoMediumDistortionMap;LroNarrowAngleCamera;LroWideAngleCamera;LwirCamera;MarciCamera;Mariner10Camera;MdisCamera;MexHrscSrcCamera;MiniRF;MocNarrowAngleCamera;MocWideAngleCamera;MsiCamera;NewHorizonsLeisaCamera;NewHorizonsLorriCamera;NewHorizonsLorriDistortionMap;NewHorizonsMvicFrameCamera;NewHorizonsMvicFrameCameraDistortionMap;NewHorizonsMvicTdiCamera;NewHorizonsMvicTdiCameraDistortionMap;NirCamera;NirsDetectorMap;OsirisRexDistortionMap;OsirisRexOcamsCamera;OsirisRexTagcamsCamera;OsirisRexTagcamsDistortionMap;RosettaOsirisCamera;RosettaOsirisCameraDistortionMap;RosettaVirtisCamera;SsiCamera;TaylorCameraDistortionMap;TgoCassisCamera;TgoCassisDistortionMap;ThemisIrCamera;ThemisIrDistortionMap;ThemisVisCamera;ThemisVisDistortionMap;UvvisCamera;VikingCamera;VimsCamera;VimsGroundMap;VimsSkyMap;VoyagerCamera,non_gui,present,present,identical_text,,isis/src/apollo/objs/ApolloPanoramicCamera/ApolloPanoramicCamera.h,isis/src/apollo/objs/ApolloPanoramicCamera/ApolloPanoramicCamera.h
src/mission/bind_mission_cameras.cpp,ApolloPanoramicDetectorMap.h,ApolloMetricCamera;ApolloMetricDistortionMap;ApolloPanoramicCamera;ApolloPanoramicDetectorMap;CTXCamera;Chandrayaan1M3Camera;Chandrayaan1M3DistortionMap;ClementineUvvisDistortionMap;ClipperNacRollingShutterCamera;ClipperPushBroomCamera;ClipperWacFcCamera;CrismCamera;DawnFcCamera;DawnFcDistortionMap;DawnVirCamera;HayabusaAmicaCamera;HayabusaNirsCamera;HiresCamera;HiriseCamera;HrscCamera;Hyb2OncCamera;Hyb2OncDistortionMap;IssNACamera;IssWACamera;JunoCamera;JunoDistortionMap;KaguyaMiCamera;KaguyaMiCameraDistortionMap;KaguyaTcCamera;KaguyaTcCameraDistortionMap;LoCameraFiducialMap;LoHighCamera;LoHighDistortionMap;LoMediumCamera;LoMediumDistortionMap;LroNarrowAngleCamera;LroWideAngleCamera;LwirCamera;MarciCamera;Mariner10Camera;MdisCamera;MexHrscSrcCamera;MiniRF;MocNarrowAngleCamera;MocWideAngleCamera;MsiCamera;NewHorizonsLeisaCamera;NewHorizonsLorriCamera;NewHorizonsLorriDistortionMap;NewHorizonsMvicFrameCamera;NewHorizonsMvicFrameCameraDistortionMap;NewHorizonsMvicTdiCamera;NewHorizonsMvicTdiCameraDistortionMap;NirCamera;NirsDetectorMap;OsirisRexDistortionMap;OsirisRexOcamsCamera;OsirisRexTagcamsCamera;OsirisRexTagcamsDistortionMap;RosettaOsirisCamera;RosettaOsirisCameraDistortionMap;RosettaVirtisCamera;SsiCamera;TaylorCameraDistortionMap;TgoCassisCamera;TgoCassisDistortionMap;ThemisIrCamera;ThemisIrDistortionMap;ThemisVisCamera;ThemisVisDistortionMap;UvvisCamera;VikingCamera;VimsCamera;VimsGroundMap;VimsSkyMap;VoyagerCamera,non_gui,present,present,identical_text,,isis/src/apollo/objs/ApolloPanoramicCamera/ApolloPanoramicDetectorMap.h,isis/src/apollo/objs/ApolloPanoramicCamera/ApolloPanoramicDetectorMap.h
src/mission/bind_mission_cameras.cpp,CTXCamera.h,ApolloMetricCamera;ApolloMetricDistortionMap;ApolloPanoramicCamera;ApolloPanoramicDetectorMap;CTXCamera;Chandrayaan1M3Camera;Chandrayaan1M3DistortionMap;ClementineUvvisDistortionMap;ClipperNacRollingShutterCamera;ClipperPushBroomCamera;ClipperWacFcCamera;CrismCamera;DawnFcCamera;DawnFcDistortionMap;DawnVirCamera;HayabusaAmicaCamera;HayabusaNirsCamera;HiresCamera;HiriseCamera;HrscCamera;Hyb2OncCamera;Hyb2OncDistortionMap;IssNACamera;IssWACamera;JunoCamera;JunoDistortionMap;KaguyaMiCamera;KaguyaMiCameraDistortionMap;KaguyaTcCamera;KaguyaTcCameraDistortionMap;LoCameraFiducialMap;LoHighCamera;LoHighDistortionMap;LoMediumCamera;LoMediumDistortionMap;LroNarrowAngleCamera;LroWideAngleCamera;LwirCamera;MarciCamera;Mariner10Camera;MdisCamera;MexHrscSrcCamera;MiniRF;MocNarrowAngleCamera;MocWideAngleCamera;MsiCamera;NewHorizonsLeisaCamera;NewHorizonsLorriCamera;NewHorizonsLorriDistortionMap;NewHorizonsMvicFrameCamera;NewHorizonsMvicFrameCameraDistortionMap;NewHorizonsMvicTdiCamera;NewHorizonsMvicTdiCameraDistortionMap;NirCamera;NirsDetectorMap;OsirisRexDistortionMap;OsirisRexOcamsCamera;OsirisRexTagcamsCamera;OsirisRexTagcamsDistortionMap;RosettaOsirisCamera;RosettaOsirisCameraDistortionMap;RosettaVirtisCamera;SsiCamera;TaylorCameraDistortionMap;TgoCassisCamera;TgoCassisDistortionMap;ThemisIrCamera;ThemisIrDistortionMap;ThemisVisCamera;ThemisVisDistortionMap;UvvisCamera;VikingCamera;VimsCamera;VimsGroundMap;VimsSkyMap;VoyagerCamera,non_gui,present,present,identical_text,,isis/src/mro/objs/CTXCamera/CTXCamera.h,isis/src/mro/objs/CTXCamera/CTXCamera.h
src/mission/bind_mission_cameras.cpp,Camera.h,ApolloMetricCamera;ApolloMetricDistortionMap;ApolloPanoramicCamera;ApolloPanoramicDetectorMap;CTXCamera;Chandrayaan1M3Camera;Chandrayaan1M3DistortionMap;ClementineUvvisDistortionMap;ClipperNacRollingShutterCamera;ClipperPushBroomCamera;ClipperWacFcCamera;CrismCamera;DawnFcCamera;DawnFcDistortionMap;DawnVirCamera;HayabusaAmicaCamera;HayabusaNirsCamera;HiresCamera;HiriseCamera;HrscCamera;Hyb2OncCamera;Hyb2OncDistortionMap;IssNACamera;IssWACamera;JunoCamera;JunoDistortionMap;KaguyaMiCamera;KaguyaMiCameraDistortionMap;KaguyaTcCamera;KaguyaTcCameraDistortionMap;LoCameraFiducialMap;LoHighCamera;LoHighDistortionMap;LoMediumCamera;LoMediumDistortionMap;LroNarrowAngleCamera;LroWideAngleCamera;LwirCamera;MarciCamera;Mariner10Camera;MdisCamera;MexHrscSrcCamera;MiniRF;MocNarrowAngleCamera;MocWideAngleCamera;MsiCamera;NewHorizonsLeisaCamera;NewHorizonsLorriCamera;NewHorizonsLorriDistortionMap;NewHorizonsMvicFrameCamera;NewHorizonsMvicFrameCameraDistortionMap;NewHorizonsMvicTdiCamera;NewHorizonsMvicTdiCameraDistortionMap;NirCamera;NirsDetectorMap;OsirisRexDistortionMap;OsirisRexOcamsCamera;OsirisRexTagcamsCamera;OsirisRexTagcamsDistortionMap;RosettaOsirisCamera;RosettaOsirisCameraDistortionMap;RosettaVirtisCamera;SsiCamera;TaylorCameraDistortionMap;TgoCassisCamera;TgoCassisDistortionMap;ThemisIrCamera;ThemisIrDistortionMap;ThemisVisCamera;ThemisVisDistortionMap;UvvisCamera;VikingCamera;VimsCamera;VimsGroundMap;VimsSkyMap;VoyagerCamera,non_gui,present,present,identical_text,,isis/src/base/objs/Camera/Camera.h,isis/src/base/objs/Camera/Camera.h
src/mission/bind_mission_cameras.cpp,Chandrayaan1M3Camera.h,ApolloMetricCamera;ApolloMetricDistortionMap;ApolloPanoramicCamera;ApolloPanoramicDetectorMap;CTXCamera;Chandrayaan1M3Camera;Chandrayaan1M3DistortionMap;ClementineUvvisDistortionMap;ClipperNacRollingShutterCamera;ClipperPushBroomCamera;ClipperWacFcCamera;CrismCamera;DawnFcCamera;DawnFcDistortionMap;DawnVirCamera;HayabusaAmicaCamera;HayabusaNirsCamera;HiresCamera;HiriseCamera;HrscCamera;Hyb2OncCamera;Hyb2OncDistortionMap;IssNACamera;IssWACamera;JunoCamera;JunoDistortionMap;KaguyaMiCamera;KaguyaMiCameraDistortionMap;KaguyaTcCamera;KaguyaTcCameraDistortionMap;LoCameraFiducialMap;LoHighCamera;LoHighDistortionMap;LoMediumCamera;LoMediumDistortionMap;LroNarrowAngleCamera;LroWideAngleCamera;LwirCamera;MarciCamera;Mariner10Camera;MdisCamera;MexHrscSrcCamera;MiniRF;MocNarrowAngleCamera;MocWideAngleCamera;MsiCamera;NewHorizonsLeisaCamera;NewHorizonsLorriCamera;NewHorizonsLorriDistortionMap;NewHorizonsMvicFrameCamera;NewHorizonsMvicFrameCameraDistortionMap;NewHorizonsMvicTdiCamera;NewHorizonsMvicTdiCameraDistortionMap;NirCamera;NirsDetectorMap;OsirisRexDistortionMap;OsirisRexOcamsCamera;OsirisRexTagcamsCamera;OsirisRexTagcamsDistortionMap;RosettaOsirisCamera;RosettaOsirisCameraDistortionMap;RosettaVirtisCamera;SsiCamera;TaylorCameraDistortionMap;TgoCassisCamera;TgoCassisDistortionMap;ThemisIrCamera;ThemisIrDistortionMap;ThemisVisCamera;ThemisVisDistortionMap;UvvisCamera;VikingCamera;VimsCamera;VimsGroundMap;VimsSkyMap;VoyagerCamera,non_gui,present,present,identical_text,,isis/src/chandrayaan1/objs/Chandrayaan1M3Camera/Chandrayaan1M3Camera.h,isis/src/chandrayaan1/objs/Chandrayaan1M3Camera/Chandrayaan1M3Camera.h
src/mission/bind_mission_cameras.cpp,Chandrayaan1M3DistortionMap.h,ApolloMetricCamera;ApolloMetricDistortionMap;ApolloPanoramicCamera;ApolloPanoramicDetectorMap;CTXCamera;Chandrayaan1M3Camera;Chandrayaan1M3DistortionMap;ClementineUvvisDistortionMap;ClipperNacRollingShutterCamera;ClipperPushBroomCamera;ClipperWacFcCamera;CrismCamera;DawnFcCamera;DawnFcDistortionMap;DawnVirCamera;HayabusaAmicaCamera;HayabusaNirsCamera;HiresCamera;HiriseCamera;HrscCamera;Hyb2OncCamera;Hyb2OncDistortionMap;IssNACamera;IssWACamera;JunoCamera;JunoDistortionMap;KaguyaMiCamera;KaguyaMiCameraDistortionMap;KaguyaTcCamera;KaguyaTcCameraDistortionMap;LoCameraFiducialMap;LoHighCamera;LoHighDistortionMap;LoMediumCamera;LoMediumDistortionMap;LroNarrowAngleCamera;LroWideAngleCamera;LwirCamera;MarciCamera;Mariner10Camera;MdisCamera;MexHrscSrcCamera;MiniRF;MocNarrowAngleCamera;MocWideAngleCamera;MsiCamera;NewHorizonsLeisaCamera;NewHorizonsLorriCamera;NewHorizonsLorriDistortionMap;NewHorizonsMvicFrameCamera;NewHorizonsMvicFrameCameraDistortionMap;NewHorizonsMvicTdiCamera;NewHorizonsMvicTdiCameraDistortionMap;NirCamera;NirsDetectorMap;OsirisRexDistortionMap;OsirisRexOcamsCamera;OsirisRexTagcamsCamera;OsirisRexTagcamsDistortionMap;RosettaOsirisCamera;RosettaOsirisCameraDistortionMap;RosettaVirtisCamera;SsiCamera;TaylorCameraDistortionMap;TgoCassisCamera;TgoCassisDistortionMap;ThemisIrCamera;ThemisIrDistortionMap;ThemisVisCamera;ThemisVisDistortionMap;UvvisCamera;VikingCamera;VimsCamera;VimsGroundMap;VimsSkyMap;VoyagerCamera,non_gui,present,present,identical_text,,isis/src/chandrayaan1/objs/Chandrayaan1M3Camera/Chandrayaan1M3DistortionMap.h,isis/src/chandrayaan1/objs/Chandrayaan1M3Camera/Chandrayaan1M3DistortionMap.h
src/mission/bind_mission_cameras.cpp,ClementineUvvisDistortionMap.h,ApolloMetricCamera;ApolloMetricDistortionMap;ApolloPanoramicCamera;ApolloPanoramicDetectorMap;CTXCamera;Chandrayaan1M3Camera;Chandrayaan1M3DistortionMap;ClementineUvvisDistortionMap;ClipperNacRollingShutterCamera;ClipperPushBroomCamera;ClipperWacFcCamera;CrismCamera;DawnFcCamera;DawnFcDistortionMap;DawnVirCamera;HayabusaAmicaCamera;HayabusaNirsCamera;HiresCamera;HiriseCamera;HrscCamera;Hyb2OncCamera;Hyb2OncDistortionMap;IssNACamera;IssWACamera;JunoCamera;JunoDistortionMap;KaguyaMiCamera;KaguyaMiCameraDistortionMap;KaguyaTcCamera;KaguyaTcCameraDistortionMap;LoCameraFiducialMap;LoHighCamera;LoHighDistortionMap;LoMediumCamera;LoMediumDistortionMap;LroNarrowAngleCamera;LroWideAngleCamera;LwirCamera;MarciCamera;Mariner10Camera;MdisCamera;MexHrscSrcCamera;MiniRF;MocNarrowAngleCamera;MocWideAngleCamera;MsiCamera;NewHorizonsLeisaCamera;NewHorizonsLorriCamera;NewHorizonsLorriDistortionMap;NewHorizonsMvicFrameCamera;NewHorizonsMvicFrameCameraDistortionMap;NewHorizonsMvicTdiCamera;NewHorizonsMvicTdiCameraDistortionMap;NirCamera;NirsDetectorMap;OsirisRexDistortionMap;OsirisRexOcamsCamera;OsirisRexTagcamsCamera;OsirisRexTagcamsDistortionMap;RosettaOsirisCamera;RosettaOsirisCameraDistortionMap;RosettaVirtisCamera;SsiCamera;TaylorCameraDistortionMap;TgoCassisCamera;TgoCassisDistortionMap;ThemisIrCamera;ThemisIrDistortionMap;ThemisVisCamera;ThemisVisDistortionMap;UvvisCamera;VikingCamera;VimsCamera;VimsGroundMap;VimsSkyMap;VoyagerCamera,non_gui,present,present,identical_text,,isis/src/clementine/objs/UvvisCamera/ClementineUvvisDistortionMap.h,isis/src/clementine/objs/UvvisCamera/ClementineUvvisDistortionMap.h
src/mission/bind_mission_cameras.cpp,ClipperNacRollingShutterCamera.h,ApolloMetricCamera;ApolloMetricDistortionMap;ApolloPanoramicCamera;ApolloPanoramicDetectorMap;CTXCamera;Chandrayaan1M3Camera;Chandrayaan1M3DistortionMap;ClementineUvvisDistortionMap;ClipperNacRollingShutterCamera;ClipperPushBroomCamera;ClipperWacFcCamera;CrismCamera;DawnFcCamera;DawnFcDistortionMap;DawnVirCamera;HayabusaAmicaCamera;HayabusaNirsCamera;HiresCamera;HiriseCamera;HrscCamera;Hyb2OncCamera;Hyb2OncDistortionMap;IssNACamera;IssWACamera;JunoCamera;JunoDistortionMap;KaguyaMiCamera;KaguyaMiCameraDistortionMap;KaguyaTcCamera;KaguyaTcCameraDistortionMap;LoCameraFiducialMap;LoHighCamera;LoHighDistortionMap;LoMediumCamera;LoMediumDistortionMap;LroNarrowAngleCamera;LroWideAngleCamera;LwirCamera;MarciCamera;Mariner10Camera;MdisCamera;MexHrscSrcCamera;MiniRF;MocNarrowAngleCamera;MocWideAngleCamera;MsiCamera;NewHorizonsLeisaCamera;NewHorizonsLorriCamera;NewHorizonsLorriDistortionMap;NewHorizonsMvicFrameCamera;NewHorizonsMvicFrameCameraDistortionMap;NewHorizonsMvicTdiCamera;NewHorizonsMvicTdiCameraDistortionMap;NirCamera;NirsDetectorMap;OsirisRexDistortionMap;OsirisRexOcamsCamera;OsirisRexTagcamsCamera;OsirisRexTagcamsDistortionMap;RosettaOsirisCamera;RosettaOsirisCameraDistortionMap;RosettaVirtisCamera;SsiCamera;TaylorCameraDistortionMap;TgoCassisCamera;TgoCassisDistortionMap;ThemisIrCamera;ThemisIrDistortionMap;ThemisVisCamera;ThemisVisDistortionMap;UvvisCamera;VikingCamera;VimsCamera;VimsGroundMap;VimsSkyMap;VoyagerCamera,non_gui,present,present,identical_text,,isis/src/clipper/objs/ClipperNacRollingShutterCamera/ClipperNacRollingShutterCamera.h,isis/src/clipper/objs/ClipperNacRollingShutterCamera/ClipperNacRollingShutterCamera.h
src/mission/bind_mission_cameras.cpp,ClipperPushBroomCamera.h,ApolloMetricCamera;ApolloMetricDistortionMap;ApolloPanoramicCamera;ApolloPanoramicDetectorMap;CTXCamera;Chandrayaan1M3Camera;Chandrayaan1M3DistortionMap;ClementineUvvisDistortionMap;ClipperNacRollingShutterCamera;ClipperPushBroomCamera;ClipperWacFcCamera;CrismCamera;DawnFcCamera;DawnFcDistortionMap;DawnVirCamera;HayabusaAmicaCamera;HayabusaNirsCamera;HiresCamera;HiriseCamera;HrscCamera;Hyb2OncCamera;Hyb2OncDistortionMap;IssNACamera;IssWACamera;JunoCamera;JunoDistortionMap;KaguyaMiCamera;KaguyaMiCameraDistortionMap;KaguyaTcCamera;KaguyaTcCameraDistortionMap;LoCameraFiducialMap;LoHighCamera;LoHighDistortionMap;LoMediumCamera;LoMediumDistortionMap;LroNarrowAngleCamera;LroWideAngleCamera;LwirCamera;MarciCamera;Mariner10Camera;MdisCamera;MexHrscSrcCamera;MiniRF;MocNarrowAngleCamera;MocWideAngleCamera;MsiCamera;NewHorizonsLeisaCamera;NewHorizonsLorriCamera;NewHorizonsLorriDistortionMap;NewHorizonsMvicFrameCamera;NewHorizonsMvicFrameCameraDistortionMap;NewHorizonsMvicTdiCamera;NewHorizonsMvicTdiCameraDistortionMap;NirCamera;NirsDetectorMap;OsirisRexDistortionMap;OsirisRexOcamsCamera;OsirisRexTagcamsCamera;OsirisRexTagcamsDistortionMap;RosettaOsirisCamera;RosettaOsirisCameraDistortionMap;RosettaVirtisCamera;SsiCamera;TaylorCameraDistortionMap;TgoCassisCamera;TgoCassisDistortionMap;ThemisIrCamera;ThemisIrDistortionMap;ThemisVisCamera;ThemisVisDistortionMap;UvvisCamera;VikingCamera;VimsCamera;VimsGroundMap;VimsSkyMap;VoyagerCamera,non_gui,present,present,identical_text,,isis/src/clipper/objs/ClipperPushBroomCamera/ClipperPushBroomCamera.h,isis/src/clipper/objs/ClipperPushBroomCamera/ClipperPushBroomCamera.h
src/mission/bind_mission_cameras.cpp,ClipperWacFcCamera.h,ApolloMetricCamera;ApolloMetricDistortionMap;ApolloPanoramicCamera;ApolloPanoramicDetectorMap;CTXCamera;Chandrayaan1M3Camera;Chandrayaan1M3DistortionMap;ClementineUvvisDistortionMap;ClipperNacRollingShutterCamera;ClipperPushBroomCamera;ClipperWacFcCamera;CrismCamera;DawnFcCamera;DawnFcDistortionMap;DawnVirCamera;HayabusaAmicaCamera;HayabusaNirsCamera;HiresCamera;HiriseCamera;HrscCamera;Hyb2OncCamera;Hyb2OncDistortionMap;IssNACamera;IssWACamera;JunoCamera;JunoDistortionMap;KaguyaMiCamera;KaguyaMiCameraDistortionMap;KaguyaTcCamera;KaguyaTcCameraDistortionMap;LoCameraFiducialMap;LoHighCamera;LoHighDistortionMap;LoMediumCamera;LoMediumDistortionMap;LroNarrowAngleCamera;LroWideAngleCamera;LwirCamera;MarciCamera;Mariner10Camera;MdisCamera;MexHrscSrcCamera;MiniRF;MocNarrowAngleCamera;MocWideAngleCamera;MsiCamera;NewHorizonsLeisaCamera;NewHorizonsLorriCamera;NewHorizonsLorriDistortionMap;NewHorizonsMvicFrameCamera;NewHorizonsMvicFrameCameraDistortionMap;NewHorizonsMvicTdiCamera;NewHorizonsMvicTdiCameraDistortionMap;NirCamera;NirsDetectorMap;OsirisRexDistortionMap;OsirisRexOcamsCamera;OsirisRexTagcamsCamera;OsirisRexTagcamsDistortionMap;RosettaOsirisCamera;RosettaOsirisCameraDistortionMap;RosettaVirtisCamera;SsiCamera;TaylorCameraDistortionMap;TgoCassisCamera;TgoCassisDistortionMap;ThemisIrCamera;ThemisIrDistortionMap;ThemisVisCamera;ThemisVisDistortionMap;UvvisCamera;VikingCamera;VimsCamera;VimsGroundMap;VimsSkyMap;VoyagerCamera,non_gui,present,present,identical_text,,isis/src/clipper/objs/ClipperWacFcCamera/ClipperWacFcCamera.h,isis/src/clipper/objs/ClipperWacFcCamera/ClipperWacFcCamera.h
src/mission/bind_mission_cameras.cpp,CrismCamera.h,ApolloMetricCamera;ApolloMetricDistortionMap;ApolloPanoramicCamera;ApolloPanoramicDetectorMap;CTXCamera;Chandrayaan1M3Camera;Chandrayaan1M3DistortionMap;ClementineUvvisDistortionMap;ClipperNacRollingShutterCamera;ClipperPushBroomCamera;ClipperWacFcCamera;CrismCamera;DawnFcCamera;DawnFcDistortionMap;DawnVirCamera;HayabusaAmicaCamera;HayabusaNirsCamera;HiresCamera;HiriseCamera;HrscCamera;Hyb2OncCamera;Hyb2OncDistortionMap;IssNACamera;IssWACamera;JunoCamera;JunoDistortionMap;KaguyaMiCamera;KaguyaMiCameraDistortionMap;KaguyaTcCamera;KaguyaTcCameraDistortionMap;LoCameraFiducialMap;LoHighCamera;LoHighDistortionMap;LoMediumCamera;LoMediumDistortionMap;LroNarrowAngleCamera;LroWideAngleCamera;LwirCamera;MarciCamera;Mariner10Camera;MdisCamera;MexHrscSrcCamera;MiniRF;MocNarrowAngleCamera;MocWideAngleCamera;MsiCamera;NewHorizonsLeisaCamera;NewHorizonsLorriCamera;NewHorizonsLorriDistortionMap;NewHorizonsMvicFrameCamera;NewHorizonsMvicFrameCameraDistortionMap;NewHorizonsMvicTdiCamera;NewHorizonsMvicTdiCameraDistortionMap;NirCamera;NirsDetectorMap;OsirisRexDistortionMap;OsirisRexOcamsCamera;OsirisRexTagcamsCamera;OsirisRexTagcamsDistortionMap;RosettaOsirisCamera;RosettaOsirisCameraDistortionMap;RosettaVirtisCamera;SsiCamera;TaylorCameraDistortionMap;TgoCassisCamera;TgoCassisDistortionMap;ThemisIrCamera;ThemisIrDistortionMap;ThemisVisCamera;ThemisVisDistortionMap;UvvisCamera;VikingCamera;VimsCamera;VimsGroundMap;VimsSkyMap;VoyagerCamera,non_gui,present,present,identical_text,,isis/src/mro/objs/CrismCamera/CrismCamera.h,isis/src/mro/objs/CrismCamera/CrismCamera.h
src/mission/bind_mission_cameras.cpp,Cube.h,ApolloMetricCamera;ApolloMetricDistortionMap;ApolloPanoramicCamera;ApolloPanoramicDetectorMap;CTXCamera;Chandrayaan1M3Camera;Chandrayaan1M3DistortionMap;ClementineUvvisDistortionMap;ClipperNacRollingShutterCamera;ClipperPushBroomCamera;ClipperWacFcCamera;CrismCamera;DawnFcCamera;DawnFcDistortionMap;DawnVirCamera;HayabusaAmicaCamera;HayabusaNirsCamera;HiresCamera;HiriseCamera;HrscCamera;Hyb2OncCamera;Hyb2OncDistortionMap;IssNACamera;IssWACamera;JunoCamera;JunoDistortionMap;KaguyaMiCamera;KaguyaMiCameraDistortionMap;KaguyaTcCamera;KaguyaTcCameraDistortionMap;LoCameraFiducialMap;LoHighCamera;LoHighDistortionMap;LoMediumCamera;LoMediumDistortionMap;LroNarrowAngleCamera;LroWideAngleCamera;LwirCamera;MarciCamera;Mariner10Camera;MdisCamera;MexHrscSrcCamera;MiniRF;MocNarrowAngleCamera;MocWideAngleCamera;MsiCamera;NewHorizonsLeisaCamera;NewHorizonsLorriCamera;NewHorizonsLorriDistortionMap;NewHorizonsMvicFrameCamera;NewHorizonsMvicFrameCameraDistortionMap;NewHorizonsMvicTdiCamera;NewHorizonsMvicTdiCameraDistortionMap;NirCamera;NirsDetectorMap;OsirisRexDistortionMap;OsirisRexOcamsCamera;OsirisRexTagcamsCamera;OsirisRexTagcamsDistortionMap;RosettaOsirisCamera;RosettaOsirisCameraDistortionMap;RosettaVirtisCamera;SsiCamera;TaylorCameraDistortionMap;TgoCassisCamera;TgoCassisDistortionMap;ThemisIrCamera;ThemisIrDistortionMap;ThemisVisCamera;ThemisVisDistortionMap;UvvisCamera;VikingCamera;VimsCamera;VimsGroundMap;VimsSkyMap;VoyagerCamera,non_gui,present,present,changed_review_required,,isis/src/base/objs/Cube/Cube.h,isis/src/base/objs/Cube/Cube.h
src/mission/bind_mission_cameras.cpp,DawnFcCamera.h,ApolloMetricCamera;ApolloMetricDistortionMap;ApolloPanoramicCamera;ApolloPanoramicDetectorMap;CTXCamera;Chandrayaan1M3Camera;Chandrayaan1M3DistortionMap;ClementineUvvisDistortionMap;ClipperNacRollingShutterCamera;ClipperPushBroomCamera;ClipperWacFcCamera;CrismCamera;DawnFcCamera;DawnFcDistortionMap;DawnVirCamera;HayabusaAmicaCamera;HayabusaNirsCamera;HiresCamera;HiriseCamera;HrscCamera;Hyb2OncCamera;Hyb2OncDistortionMap;IssNACamera;IssWACamera;JunoCamera;JunoDistortionMap;KaguyaMiCamera;KaguyaMiCameraDistortionMap;KaguyaTcCamera;KaguyaTcCameraDistortionMap;LoCameraFiducialMap;LoHighCamera;LoHighDistortionMap;LoMediumCamera;LoMediumDistortionMap;LroNarrowAngleCamera;LroWideAngleCamera;LwirCamera;MarciCamera;Mariner10Camera;MdisCamera;MexHrscSrcCamera;MiniRF;MocNarrowAngleCamera;MocWideAngleCamera;MsiCamera;NewHorizonsLeisaCamera;NewHorizonsLorriCamera;NewHorizonsLorriDistortionMap;NewHorizonsMvicFrameCamera;NewHorizonsMvicFrameCameraDistortionMap;NewHorizonsMvicTdiCamera;NewHorizonsMvicTdiCameraDistortionMap;NirCamera;NirsDetectorMap;OsirisRexDistortionMap;OsirisRexOcamsCamera;OsirisRexTagcamsCamera;OsirisRexTagcamsDistortionMap;RosettaOsirisCamera;RosettaOsirisCameraDistortionMap;RosettaVirtisCamera;SsiCamera;TaylorCameraDistortionMap;TgoCassisCamera;TgoCassisDistortionMap;ThemisIrCamera;ThemisIrDistortionMap;ThemisVisCamera;ThemisVisDistortionMap;UvvisCamera;VikingCamera;VimsCamera;VimsGroundMap;VimsSkyMap;VoyagerCamera,non_gui,present,present,identical_text,,isis/src/dawn/objs/DawnFcCamera/DawnFcCamera.h,isis/src/dawn/objs/DawnFcCamera/DawnFcCamera.h
src/mission/bind_mission_cameras.cpp,DawnFcDistortionMap.h,ApolloMetricCamera;ApolloMetricDistortionMap;ApolloPanoramicCamera;ApolloPanoramicDetectorMap;CTXCamera;Chandrayaan1M3Camera;Chandrayaan1M3DistortionMap;ClementineUvvisDistortionMap;ClipperNacRollingShutterCamera;ClipperPushBroomCamera;ClipperWacFcCamera;CrismCamera;DawnFcCamera;DawnFcDistortionMap;DawnVirCamera;HayabusaAmicaCamera;HayabusaNirsCamera;HiresCamera;HiriseCamera;HrscCamera;Hyb2OncCamera;Hyb2OncDistortionMap;IssNACamera;IssWACamera;JunoCamera;JunoDistortionMap;KaguyaMiCamera;KaguyaMiCameraDistortionMap;KaguyaTcCamera;KaguyaTcCameraDistortionMap;LoCameraFiducialMap;LoHighCamera;LoHighDistortionMap;LoMediumCamera;LoMediumDistortionMap;LroNarrowAngleCamera;LroWideAngleCamera;LwirCamera;MarciCamera;Mariner10Camera;MdisCamera;MexHrscSrcCamera;MiniRF;MocNarrowAngleCamera;MocWideAngleCamera;MsiCamera;NewHorizonsLeisaCamera;NewHorizonsLorriCamera;NewHorizonsLorriDistortionMap;NewHorizonsMvicFrameCamera;NewHorizonsMvicFrameCameraDistortionMap;NewHorizonsMvicTdiCamera;NewHorizonsMvicTdiCameraDistortionMap;NirCamera;NirsDetectorMap;OsirisRexDistortionMap;OsirisRexOcamsCamera;OsirisRexTagcamsCamera;OsirisRexTagcamsDistortionMap;RosettaOsirisCamera;RosettaOsirisCameraDistortionMap;RosettaVirtisCamera;SsiCamera;TaylorCameraDistortionMap;TgoCassisCamera;TgoCassisDistortionMap;ThemisIrCamera;ThemisIrDistortionMap;ThemisVisCamera;ThemisVisDistortionMap;UvvisCamera;VikingCamera;VimsCamera;VimsGroundMap;VimsSkyMap;VoyagerCamera,non_gui,present,present,identical_text,,isis/src/dawn/objs/DawnFcCamera/DawnFcDistortionMap.h,isis/src/dawn/objs/DawnFcCamera/DawnFcDistortionMap.h
src/mission/bind_mission_cameras.cpp,DawnVirCamera.h,ApolloMetricCamera;ApolloMetricDistortionMap;ApolloPanoramicCamera;ApolloPanoramicDetectorMap;CTXCamera;Chandrayaan1M3Camera;Chandrayaan1M3DistortionMap;ClementineUvvisDistortionMap;ClipperNacRollingShutterCamera;ClipperPushBroomCamera;ClipperWacFcCamera;CrismCamera;DawnFcCamera;DawnFcDistortionMap;DawnVirCamera;HayabusaAmicaCamera;HayabusaNirsCamera;HiresCamera;HiriseCamera;HrscCamera;Hyb2OncCamera;Hyb2OncDistortionMap;IssNACamera;IssWACamera;JunoCamera;JunoDistortionMap;KaguyaMiCamera;KaguyaMiCameraDistortionMap;KaguyaTcCamera;KaguyaTcCameraDistortionMap;LoCameraFiducialMap;LoHighCamera;LoHighDistortionMap;LoMediumCamera;LoMediumDistortionMap;LroNarrowAngleCamera;LroWideAngleCamera;LwirCamera;MarciCamera;Mariner10Camera;MdisCamera;MexHrscSrcCamera;MiniRF;MocNarrowAngleCamera;MocWideAngleCamera;MsiCamera;NewHorizonsLeisaCamera;NewHorizonsLorriCamera;NewHorizonsLorriDistortionMap;NewHorizonsMvicFrameCamera;NewHorizonsMvicFrameCameraDistortionMap;NewHorizonsMvicTdiCamera;NewHorizonsMvicTdiCameraDistortionMap;NirCamera;NirsDetectorMap;OsirisRexDistortionMap;OsirisRexOcamsCamera;OsirisRexTagcamsCamera;OsirisRexTagcamsDistortionMap;RosettaOsirisCamera;RosettaOsirisCameraDistortionMap;RosettaVirtisCamera;SsiCamera;TaylorCameraDistortionMap;TgoCassisCamera;TgoCassisDistortionMap;ThemisIrCamera;ThemisIrDistortionMap;ThemisVisCamera;ThemisVisDistortionMap;UvvisCamera;VikingCamera;VimsCamera;VimsGroundMap;VimsSkyMap;VoyagerCamera,non_gui,present,present,identical_text,,isis/src/dawn/objs/DawnVirCamera/DawnVirCamera.h,isis/src/dawn/objs/DawnVirCamera/DawnVirCamera.h
src/mission/bind_mission_cameras.cpp,FramingCamera.h,ApolloMetricCamera;ApolloMetricDistortionMap;ApolloPanoramicCamera;ApolloPanoramicDetectorMap;CTXCamera;Chandrayaan1M3Camera;Chandrayaan1M3DistortionMap;ClementineUvvisDistortionMap;ClipperNacRollingShutterCamera;ClipperPushBroomCamera;ClipperWacFcCamera;CrismCamera;DawnFcCamera;DawnFcDistortionMap;DawnVirCamera;HayabusaAmicaCamera;HayabusaNirsCamera;HiresCamera;HiriseCamera;HrscCamera;Hyb2OncCamera;Hyb2OncDistortionMap;IssNACamera;IssWACamera;JunoCamera;JunoDistortionMap;KaguyaMiCamera;KaguyaMiCameraDistortionMap;KaguyaTcCamera;KaguyaTcCameraDistortionMap;LoCameraFiducialMap;LoHighCamera;LoHighDistortionMap;LoMediumCamera;LoMediumDistortionMap;LroNarrowAngleCamera;LroWideAngleCamera;LwirCamera;MarciCamera;Mariner10Camera;MdisCamera;MexHrscSrcCamera;MiniRF;MocNarrowAngleCamera;MocWideAngleCamera;MsiCamera;NewHorizonsLeisaCamera;NewHorizonsLorriCamera;NewHorizonsLorriDistortionMap;NewHorizonsMvicFrameCamera;NewHorizonsMvicFrameCameraDistortionMap;NewHorizonsMvicTdiCamera;NewHorizonsMvicTdiCameraDistortionMap;NirCamera;NirsDetectorMap;OsirisRexDistortionMap;OsirisRexOcamsCamera;OsirisRexTagcamsCamera;OsirisRexTagcamsDistortionMap;RosettaOsirisCamera;RosettaOsirisCameraDistortionMap;RosettaVirtisCamera;SsiCamera;TaylorCameraDistortionMap;TgoCassisCamera;TgoCassisDistortionMap;ThemisIrCamera;ThemisIrDistortionMap;ThemisVisCamera;ThemisVisDistortionMap;UvvisCamera;VikingCamera;VimsCamera;VimsGroundMap;VimsSkyMap;VoyagerCamera,non_gui,present,present,identical_text,,isis/src/base/objs/FramingCamera/FramingCamera.h,isis/src/base/objs/FramingCamera/FramingCamera.h
src/mission/bind_mission_cameras.cpp,HayabusaAmicaCamera.h,ApolloMetricCamera;ApolloMetricDistortionMap;ApolloPanoramicCamera;ApolloPanoramicDetectorMap;CTXCamera;Chandrayaan1M3Camera;Chandrayaan1M3DistortionMap;ClementineUvvisDistortionMap;ClipperNacRollingShutterCamera;ClipperPushBroomCamera;ClipperWacFcCamera;CrismCamera;DawnFcCamera;DawnFcDistortionMap;DawnVirCamera;HayabusaAmicaCamera;HayabusaNirsCamera;HiresCamera;HiriseCamera;HrscCamera;Hyb2OncCamera;Hyb2OncDistortionMap;IssNACamera;IssWACamera;JunoCamera;JunoDistortionMap;KaguyaMiCamera;KaguyaMiCameraDistortionMap;KaguyaTcCamera;KaguyaTcCameraDistortionMap;LoCameraFiducialMap;LoHighCamera;LoHighDistortionMap;LoMediumCamera;LoMediumDistortionMap;LroNarrowAngleCamera;LroWideAngleCamera;LwirCamera;MarciCamera;Mariner10Camera;MdisCamera;MexHrscSrcCamera;MiniRF;MocNarrowAngleCamera;MocWideAngleCamera;MsiCamera;NewHorizonsLeisaCamera;NewHorizonsLorriCamera;NewHorizonsLorriDistortionMap;NewHorizonsMvicFrameCamera;NewHorizonsMvicFrameCameraDistortionMap;NewHorizonsMvicTdiCamera;NewHorizonsMvicTdiCameraDistortionMap;NirCamera;NirsDetectorMap;OsirisRexDistortionMap;OsirisRexOcamsCamera;OsirisRexTagcamsCamera;OsirisRexTagcamsDistortionMap;RosettaOsirisCamera;RosettaOsirisCameraDistortionMap;RosettaVirtisCamera;SsiCamera;TaylorCameraDistortionMap;TgoCassisCamera;TgoCassisDistortionMap;ThemisIrCamera;ThemisIrDistortionMap;ThemisVisCamera;ThemisVisDistortionMap;UvvisCamera;VikingCamera;VimsCamera;VimsGroundMap;VimsSkyMap;VoyagerCamera,non_gui,present,present,identical_text,,isis/src/hayabusa/objs/HayabusaAmicaCamera/HayabusaAmicaCamera.h,isis/src/hayabusa/objs/HayabusaAmicaCamera/HayabusaAmicaCamera.h
src/mission/bind_mission_cameras.cpp,HayabusaNirsCamera.h,ApolloMetricCamera;ApolloMetricDistortionMap;ApolloPanoramicCamera;ApolloPanoramicDetectorMap;CTXCamera;Chandrayaan1M3Camera;Chandrayaan1M3DistortionMap;ClementineUvvisDistortionMap;ClipperNacRollingShutterCamera;ClipperPushBroomCamera;ClipperWacFcCamera;CrismCamera;DawnFcCamera;DawnFcDistortionMap;DawnVirCamera;HayabusaAmicaCamera;HayabusaNirsCamera;HiresCamera;HiriseCamera;HrscCamera;Hyb2OncCamera;Hyb2OncDistortionMap;IssNACamera;IssWACamera;JunoCamera;JunoDistortionMap;KaguyaMiCamera;KaguyaMiCameraDistortionMap;KaguyaTcCamera;KaguyaTcCameraDistortionMap;LoCameraFiducialMap;LoHighCamera;LoHighDistortionMap;LoMediumCamera;LoMediumDistortionMap;LroNarrowAngleCamera;LroWideAngleCamera;LwirCamera;MarciCamera;Mariner10Camera;MdisCamera;MexHrscSrcCamera;MiniRF;MocNarrowAngleCamera;MocWideAngleCamera;MsiCamera;NewHorizonsLeisaCamera;NewHorizonsLorriCamera;NewHorizonsLorriDistortionMap;NewHorizonsMvicFrameCamera;NewHorizonsMvicFrameCameraDistortionMap;NewHorizonsMvicTdiCamera;NewHorizonsMvicTdiCameraDistortionMap;NirCamera;NirsDetectorMap;OsirisRexDistortionMap;OsirisRexOcamsCamera;OsirisRexTagcamsCamera;OsirisRexTagcamsDistortionMap;RosettaOsirisCamera;RosettaOsirisCameraDistortionMap;RosettaVirtisCamera;SsiCamera;TaylorCameraDistortionMap;TgoCassisCamera;TgoCassisDistortionMap;ThemisIrCamera;ThemisIrDistortionMap;ThemisVisCamera;ThemisVisDistortionMap;UvvisCamera;VikingCamera;VimsCamera;VimsGroundMap;VimsSkyMap;VoyagerCamera,non_gui,present,present,identical_text,,isis/src/hayabusa/objs/HayabusaNirsCamera/HayabusaNirsCamera.h,isis/src/hayabusa/objs/HayabusaNirsCamera/HayabusaNirsCamera.h
src/mission/bind_mission_cameras.cpp,HiresCamera.h,ApolloMetricCamera;ApolloMetricDistortionMap;ApolloPanoramicCamera;ApolloPanoramicDetectorMap;CTXCamera;Chandrayaan1M3Camera;Chandrayaan1M3DistortionMap;ClementineUvvisDistortionMap;ClipperNacRollingShutterCamera;ClipperPushBroomCamera;ClipperWacFcCamera;CrismCamera;DawnFcCamera;DawnFcDistortionMap;DawnVirCamera;HayabusaAmicaCamera;HayabusaNirsCamera;HiresCamera;HiriseCamera;HrscCamera;Hyb2OncCamera;Hyb2OncDistortionMap;IssNACamera;IssWACamera;JunoCamera;JunoDistortionMap;KaguyaMiCamera;KaguyaMiCameraDistortionMap;KaguyaTcCamera;KaguyaTcCameraDistortionMap;LoCameraFiducialMap;LoHighCamera;LoHighDistortionMap;LoMediumCamera;LoMediumDistortionMap;LroNarrowAngleCamera;LroWideAngleCamera;LwirCamera;MarciCamera;Mariner10Camera;MdisCamera;MexHrscSrcCamera;MiniRF;MocNarrowAngleCamera;MocWideAngleCamera;MsiCamera;NewHorizonsLeisaCamera;NewHorizonsLorriCamera;NewHorizonsLorriDistortionMap;NewHorizonsMvicFrameCamera;NewHorizonsMvicFrameCameraDistortionMap;NewHorizonsMvicTdiCamera;NewHorizonsMvicTdiCameraDistortionMap;NirCamera;NirsDetectorMap;OsirisRexDistortionMap;OsirisRexOcamsCamera;OsirisRexTagcamsCamera;OsirisRexTagcamsDistortionMap;RosettaOsirisCamera;RosettaOsirisCameraDistortionMap;RosettaVirtisCamera;SsiCamera;TaylorCameraDistortionMap;TgoCassisCamera;TgoCassisDistortionMap;ThemisIrCamera;ThemisIrDistortionMap;ThemisVisCamera;ThemisVisDistortionMap;UvvisCamera;VikingCamera;VimsCamera;VimsGroundMap;VimsSkyMap;VoyagerCamera,non_gui,present,present,identical_text,,isis/src/clementine/objs/HiresCamera/HiresCamera.h,isis/src/clementine/objs/HiresCamera/HiresCamera.h
src/mission/bind_mission_cameras.cpp,HiriseCamera.h,ApolloMetricCamera;ApolloMetricDistortionMap;ApolloPanoramicCamera;ApolloPanoramicDetectorMap;CTXCamera;Chandrayaan1M3Camera;Chandrayaan1M3DistortionMap;ClementineUvvisDistortionMap;ClipperNacRollingShutterCamera;ClipperPushBroomCamera;ClipperWacFcCamera;CrismCamera;DawnFcCamera;DawnFcDistortionMap;DawnVirCamera;HayabusaAmicaCamera;HayabusaNirsCamera;HiresCamera;HiriseCamera;HrscCamera;Hyb2OncCamera;Hyb2OncDistortionMap;IssNACamera;IssWACamera;JunoCamera;JunoDistortionMap;KaguyaMiCamera;KaguyaMiCameraDistortionMap;KaguyaTcCamera;KaguyaTcCameraDistortionMap;LoCameraFiducialMap;LoHighCamera;LoHighDistortionMap;LoMediumCamera;LoMediumDistortionMap;LroNarrowAngleCamera;LroWideAngleCamera;LwirCamera;MarciCamera;Mariner10Camera;MdisCamera;MexHrscSrcCamera;MiniRF;MocNarrowAngleCamera;MocWideAngleCamera;MsiCamera;NewHorizonsLeisaCamera;NewHorizonsLorriCamera;NewHorizonsLorriDistortionMap;NewHorizonsMvicFrameCamera;NewHorizonsMvicFrameCameraDistortionMap;NewHorizonsMvicTdiCamera;NewHorizonsMvicTdiCameraDistortionMap;NirCamera;NirsDetectorMap;OsirisRexDistortionMap;OsirisRexOcamsCamera;OsirisRexTagcamsCamera;OsirisRexTagcamsDistortionMap;RosettaOsirisCamera;RosettaOsirisCameraDistortionMap;RosettaVirtisCamera;SsiCamera;TaylorCameraDistortionMap;TgoCassisCamera;TgoCassisDistortionMap;ThemisIrCamera;ThemisIrDistortionMap;ThemisVisCamera;ThemisVisDistortionMap;UvvisCamera;VikingCamera;VimsCamera;VimsGroundMap;VimsSkyMap;VoyagerCamera,non_gui,present,present,identical_text,,isis/src/mro/objs/HiriseCamera/HiriseCamera.h,isis/src/mro/objs/HiriseCamera/HiriseCamera.h
src/mission/bind_mission_cameras.cpp,HrscCamera.h,ApolloMetricCamera;ApolloMetricDistortionMap;ApolloPanoramicCamera;ApolloPanoramicDetectorMap;CTXCamera;Chandrayaan1M3Camera;Chandrayaan1M3DistortionMap;ClementineUvvisDistortionMap;ClipperNacRollingShutterCamera;ClipperPushBroomCamera;ClipperWacFcCamera;CrismCamera;DawnFcCamera;DawnFcDistortionMap;DawnVirCamera;HayabusaAmicaCamera;HayabusaNirsCamera;HiresCamera;HiriseCamera;HrscCamera;Hyb2OncCamera;Hyb2OncDistortionMap;IssNACamera;IssWACamera;JunoCamera;JunoDistortionMap;KaguyaMiCamera;KaguyaMiCameraDistortionMap;KaguyaTcCamera;KaguyaTcCameraDistortionMap;LoCameraFiducialMap;LoHighCamera;LoHighDistortionMap;LoMediumCamera;LoMediumDistortionMap;LroNarrowAngleCamera;LroWideAngleCamera;LwirCamera;MarciCamera;Mariner10Camera;MdisCamera;MexHrscSrcCamera;MiniRF;MocNarrowAngleCamera;MocWideAngleCamera;MsiCamera;NewHorizonsLeisaCamera;NewHorizonsLorriCamera;NewHorizonsLorriDistortionMap;NewHorizonsMvicFrameCamera;NewHorizonsMvicFrameCameraDistortionMap;NewHorizonsMvicTdiCamera;NewHorizonsMvicTdiCameraDistortionMap;NirCamera;NirsDetectorMap;OsirisRexDistortionMap;OsirisRexOcamsCamera;OsirisRexTagcamsCamera;OsirisRexTagcamsDistortionMap;RosettaOsirisCamera;RosettaOsirisCameraDistortionMap;RosettaVirtisCamera;SsiCamera;TaylorCameraDistortionMap;TgoCassisCamera;TgoCassisDistortionMap;ThemisIrCamera;ThemisIrDistortionMap;ThemisVisCamera;ThemisVisDistortionMap;UvvisCamera;VikingCamera;VimsCamera;VimsGroundMap;VimsSkyMap;VoyagerCamera,non_gui,present,present,identical_text,,isis/src/mex/objs/HrscCamera/HrscCamera.h,isis/src/mex/objs/HrscCamera/HrscCamera.h
src/mission/bind_mission_cameras.cpp,Hyb2OncCamera.h,ApolloMetricCamera;ApolloMetricDistortionMap;ApolloPanoramicCamera;ApolloPanoramicDetectorMap;CTXCamera;Chandrayaan1M3Camera;Chandrayaan1M3DistortionMap;ClementineUvvisDistortionMap;ClipperNacRollingShutterCamera;ClipperPushBroomCamera;ClipperWacFcCamera;CrismCamera;DawnFcCamera;DawnFcDistortionMap;DawnVirCamera;HayabusaAmicaCamera;HayabusaNirsCamera;HiresCamera;HiriseCamera;HrscCamera;Hyb2OncCamera;Hyb2OncDistortionMap;IssNACamera;IssWACamera;JunoCamera;JunoDistortionMap;KaguyaMiCamera;KaguyaMiCameraDistortionMap;KaguyaTcCamera;KaguyaTcCameraDistortionMap;LoCameraFiducialMap;LoHighCamera;LoHighDistortionMap;LoMediumCamera;LoMediumDistortionMap;LroNarrowAngleCamera;LroWideAngleCamera;LwirCamera;MarciCamera;Mariner10Camera;MdisCamera;MexHrscSrcCamera;MiniRF;MocNarrowAngleCamera;MocWideAngleCamera;MsiCamera;NewHorizonsLeisaCamera;NewHorizonsLorriCamera;NewHorizonsLorriDistortionMap;NewHorizonsMvicFrameCamera;NewHorizonsMvicFrameCameraDistortionMap;NewHorizonsMvicTdiCamera;NewHorizonsMvicTdiCameraDistortionMap;NirCamera;NirsDetectorMap;OsirisRexDistortionMap;OsirisRexOcamsCamera;OsirisRexTagcamsCamera;OsirisRexTagcamsDistortionMap;RosettaOsirisCamera;RosettaOsirisCameraDistortionMap;RosettaVirtisCamera;SsiCamera;TaylorCameraDistortionMap;TgoCassisCamera;TgoCassisDistortionMap;ThemisIrCamera;ThemisIrDistortionMap;ThemisVisCamera;ThemisVisDistortionMap;UvvisCamera;VikingCamera;VimsCamera;VimsGroundMap;VimsSkyMap;VoyagerCamera,non_gui,present,present,identical_text,,isis/src/hayabusa2/objs/Hyb2OncCamera/Hyb2OncCamera.h,isis/src/hayabusa2/objs/Hyb2OncCamera/Hyb2OncCamera.h
src/mission/bind_mission_cameras.cpp,Hyb2OncDistortionMap.h,ApolloMetricCamera;ApolloMetricDistortionMap;ApolloPanoramicCamera;ApolloPanoramicDetectorMap;CTXCamera;Chandrayaan1M3Camera;Chandrayaan1M3DistortionMap;ClementineUvvisDistortionMap;ClipperNacRollingShutterCamera;ClipperPushBroomCamera;ClipperWacFcCamera;CrismCamera;DawnFcCamera;DawnFcDistortionMap;DawnVirCamera;HayabusaAmicaCamera;HayabusaNirsCamera;HiresCamera;HiriseCamera;HrscCamera;Hyb2OncCamera;Hyb2OncDistortionMap;IssNACamera;IssWACamera;JunoCamera;JunoDistortionMap;KaguyaMiCamera;KaguyaMiCameraDistortionMap;KaguyaTcCamera;KaguyaTcCameraDistortionMap;LoCameraFiducialMap;LoHighCamera;LoHighDistortionMap;LoMediumCamera;LoMediumDistortionMap;LroNarrowAngleCamera;LroWideAngleCamera;LwirCamera;MarciCamera;Mariner10Camera;MdisCamera;MexHrscSrcCamera;MiniRF;MocNarrowAngleCamera;MocWideAngleCamera;MsiCamera;NewHorizonsLeisaCamera;NewHorizonsLorriCamera;NewHorizonsLorriDistortionMap;NewHorizonsMvicFrameCamera;NewHorizonsMvicFrameCameraDistortionMap;NewHorizonsMvicTdiCamera;NewHorizonsMvicTdiCameraDistortionMap;NirCamera;NirsDetectorMap;OsirisRexDistortionMap;OsirisRexOcamsCamera;OsirisRexTagcamsCamera;OsirisRexTagcamsDistortionMap;RosettaOsirisCamera;RosettaOsirisCameraDistortionMap;RosettaVirtisCamera;SsiCamera;TaylorCameraDistortionMap;TgoCassisCamera;TgoCassisDistortionMap;ThemisIrCamera;ThemisIrDistortionMap;ThemisVisCamera;ThemisVisDistortionMap;UvvisCamera;VikingCamera;VimsCamera;VimsGroundMap;VimsSkyMap;VoyagerCamera,non_gui,present,present,identical_text,,isis/src/hayabusa2/objs/Hyb2OncCamera/Hyb2OncDistortionMap.h,isis/src/hayabusa2/objs/Hyb2OncCamera/Hyb2OncDistortionMap.h
src/mission/bind_mission_cameras.cpp,IssNACamera.h,ApolloMetricCamera;ApolloMetricDistortionMap;ApolloPanoramicCamera;ApolloPanoramicDetectorMap;CTXCamera;Chandrayaan1M3Camera;Chandrayaan1M3DistortionMap;ClementineUvvisDistortionMap;ClipperNacRollingShutterCamera;ClipperPushBroomCamera;ClipperWacFcCamera;CrismCamera;DawnFcCamera;DawnFcDistortionMap;DawnVirCamera;HayabusaAmicaCamera;HayabusaNirsCamera;HiresCamera;HiriseCamera;HrscCamera;Hyb2OncCamera;Hyb2OncDistortionMap;IssNACamera;IssWACamera;JunoCamera;JunoDistortionMap;KaguyaMiCamera;KaguyaMiCameraDistortionMap;KaguyaTcCamera;KaguyaTcCameraDistortionMap;LoCameraFiducialMap;LoHighCamera;LoHighDistortionMap;LoMediumCamera;LoMediumDistortionMap;LroNarrowAngleCamera;LroWideAngleCamera;LwirCamera;MarciCamera;Mariner10Camera;MdisCamera;MexHrscSrcCamera;MiniRF;MocNarrowAngleCamera;MocWideAngleCamera;MsiCamera;NewHorizonsLeisaCamera;NewHorizonsLorriCamera;NewHorizonsLorriDistortionMap;NewHorizonsMvicFrameCamera;NewHorizonsMvicFrameCameraDistortionMap;NewHorizonsMvicTdiCamera;NewHorizonsMvicTdiCameraDistortionMap;NirCamera;NirsDetectorMap;OsirisRexDistortionMap;OsirisRexOcamsCamera;OsirisRexTagcamsCamera;OsirisRexTagcamsDistortionMap;RosettaOsirisCamera;RosettaOsirisCameraDistortionMap;RosettaVirtisCamera;SsiCamera;TaylorCameraDistortionMap;TgoCassisCamera;TgoCassisDistortionMap;ThemisIrCamera;ThemisIrDistortionMap;ThemisVisCamera;ThemisVisDistortionMap;UvvisCamera;VikingCamera;VimsCamera;VimsGroundMap;VimsSkyMap;VoyagerCamera,non_gui,present,present,identical_text,,isis/src/cassini/objs/IssNACamera/IssNACamera.h,isis/src/cassini/objs/IssNACamera/IssNACamera.h
src/mission/bind_mission_cameras.cpp,IssWACamera.h,ApolloMetricCamera;ApolloMetricDistortionMap;ApolloPanoramicCamera;ApolloPanoramicDetectorMap;CTXCamera;Chandrayaan1M3Camera;Chandrayaan1M3DistortionMap;ClementineUvvisDistortionMap;ClipperNacRollingShutterCamera;ClipperPushBroomCamera;ClipperWacFcCamera;CrismCamera;DawnFcCamera;DawnFcDistortionMap;DawnVirCamera;HayabusaAmicaCamera;HayabusaNirsCamera;HiresCamera;HiriseCamera;HrscCamera;Hyb2OncCamera;Hyb2OncDistortionMap;IssNACamera;IssWACamera;JunoCamera;JunoDistortionMap;KaguyaMiCamera;KaguyaMiCameraDistortionMap;KaguyaTcCamera;KaguyaTcCameraDistortionMap;LoCameraFiducialMap;LoHighCamera;LoHighDistortionMap;LoMediumCamera;LoMediumDistortionMap;LroNarrowAngleCamera;LroWideAngleCamera;LwirCamera;MarciCamera;Mariner10Camera;MdisCamera;MexHrscSrcCamera;MiniRF;MocNarrowAngleCamera;MocWideAngleCamera;MsiCamera;NewHorizonsLeisaCamera;NewHorizonsLorriCamera;NewHorizonsLorriDistortionMap;NewHorizonsMvicFrameCamera;NewHorizonsMvicFrameCameraDistortionMap;NewHorizonsMvicTdiCamera;NewHorizonsMvicTdiCameraDistortionMap;NirCamera;NirsDetectorMap;OsirisRexDistortionMap;OsirisRexOcamsCamera;OsirisRexTagcamsCamera;OsirisRexTagcamsDistortionMap;RosettaOsirisCamera;RosettaOsirisCameraDistortionMap;RosettaVirtisCamera;SsiCamera;TaylorCameraDistortionMap;TgoCassisCamera;TgoCassisDistortionMap;ThemisIrCamera;ThemisIrDistortionMap;ThemisVisCamera;ThemisVisDistortionMap;UvvisCamera;VikingCamera;VimsCamera;VimsGroundMap;VimsSkyMap;VoyagerCamera,non_gui,present,present,identical_text,,isis/src/cassini/objs/IssWACamera/IssWACamera.h,isis/src/cassini/objs/IssWACamera/IssWACamera.h
src/mission/bind_mission_cameras.cpp,JunoCamera.h,ApolloMetricCamera;ApolloMetricDistortionMap;ApolloPanoramicCamera;ApolloPanoramicDetectorMap;CTXCamera;Chandrayaan1M3Camera;Chandrayaan1M3DistortionMap;ClementineUvvisDistortionMap;ClipperNacRollingShutterCamera;ClipperPushBroomCamera;ClipperWacFcCamera;CrismCamera;DawnFcCamera;DawnFcDistortionMap;DawnVirCamera;HayabusaAmicaCamera;HayabusaNirsCamera;HiresCamera;HiriseCamera;HrscCamera;Hyb2OncCamera;Hyb2OncDistortionMap;IssNACamera;IssWACamera;JunoCamera;JunoDistortionMap;KaguyaMiCamera;KaguyaMiCameraDistortionMap;KaguyaTcCamera;KaguyaTcCameraDistortionMap;LoCameraFiducialMap;LoHighCamera;LoHighDistortionMap;LoMediumCamera;LoMediumDistortionMap;LroNarrowAngleCamera;LroWideAngleCamera;LwirCamera;MarciCamera;Mariner10Camera;MdisCamera;MexHrscSrcCamera;MiniRF;MocNarrowAngleCamera;MocWideAngleCamera;MsiCamera;NewHorizonsLeisaCamera;NewHorizonsLorriCamera;NewHorizonsLorriDistortionMap;NewHorizonsMvicFrameCamera;NewHorizonsMvicFrameCameraDistortionMap;NewHorizonsMvicTdiCamera;NewHorizonsMvicTdiCameraDistortionMap;NirCamera;NirsDetectorMap;OsirisRexDistortionMap;OsirisRexOcamsCamera;OsirisRexTagcamsCamera;OsirisRexTagcamsDistortionMap;RosettaOsirisCamera;RosettaOsirisCameraDistortionMap;RosettaVirtisCamera;SsiCamera;TaylorCameraDistortionMap;TgoCassisCamera;TgoCassisDistortionMap;ThemisIrCamera;ThemisIrDistortionMap;ThemisVisCamera;ThemisVisDistortionMap;UvvisCamera;VikingCamera;VimsCamera;VimsGroundMap;VimsSkyMap;VoyagerCamera,non_gui,present,present,identical_text,,isis/src/juno/objs/JunoCamera/JunoCamera.h,isis/src/juno/objs/JunoCamera/JunoCamera.h
src/mission/bind_mission_cameras.cpp,JunoDistortionMap.h,ApolloMetricCamera;ApolloMetricDistortionMap;ApolloPanoramicCamera;ApolloPanoramicDetectorMap;CTXCamera;Chandrayaan1M3Camera;Chandrayaan1M3DistortionMap;ClementineUvvisDistortionMap;ClipperNacRollingShutterCamera;ClipperPushBroomCamera;ClipperWacFcCamera;CrismCamera;DawnFcCamera;DawnFcDistortionMap;DawnVirCamera;HayabusaAmicaCamera;HayabusaNirsCamera;HiresCamera;HiriseCamera;HrscCamera;Hyb2OncCamera;Hyb2OncDistortionMap;IssNACamera;IssWACamera;JunoCamera;JunoDistortionMap;KaguyaMiCamera;KaguyaMiCameraDistortionMap;KaguyaTcCamera;KaguyaTcCameraDistortionMap;LoCameraFiducialMap;LoHighCamera;LoHighDistortionMap;LoMediumCamera;LoMediumDistortionMap;LroNarrowAngleCamera;LroWideAngleCamera;LwirCamera;MarciCamera;Mariner10Camera;MdisCamera;MexHrscSrcCamera;MiniRF;MocNarrowAngleCamera;MocWideAngleCamera;MsiCamera;NewHorizonsLeisaCamera;NewHorizonsLorriCamera;NewHorizonsLorriDistortionMap;NewHorizonsMvicFrameCamera;NewHorizonsMvicFrameCameraDistortionMap;NewHorizonsMvicTdiCamera;NewHorizonsMvicTdiCameraDistortionMap;NirCamera;NirsDetectorMap;OsirisRexDistortionMap;OsirisRexOcamsCamera;OsirisRexTagcamsCamera;OsirisRexTagcamsDistortionMap;RosettaOsirisCamera;RosettaOsirisCameraDistortionMap;RosettaVirtisCamera;SsiCamera;TaylorCameraDistortionMap;TgoCassisCamera;TgoCassisDistortionMap;ThemisIrCamera;ThemisIrDistortionMap;ThemisVisCamera;ThemisVisDistortionMap;UvvisCamera;VikingCamera;VimsCamera;VimsGroundMap;VimsSkyMap;VoyagerCamera,non_gui,present,present,identical_text,,isis/src/juno/objs/JunoCamera/JunoDistortionMap.h,isis/src/juno/objs/JunoCamera/JunoDistortionMap.h
src/mission/bind_mission_cameras.cpp,KaguyaMiCamera.h,ApolloMetricCamera;ApolloMetricDistortionMap;ApolloPanoramicCamera;ApolloPanoramicDetectorMap;CTXCamera;Chandrayaan1M3Camera;Chandrayaan1M3DistortionMap;ClementineUvvisDistortionMap;ClipperNacRollingShutterCamera;ClipperPushBroomCamera;ClipperWacFcCamera;CrismCamera;DawnFcCamera;DawnFcDistortionMap;DawnVirCamera;HayabusaAmicaCamera;HayabusaNirsCamera;HiresCamera;HiriseCamera;HrscCamera;Hyb2OncCamera;Hyb2OncDistortionMap;IssNACamera;IssWACamera;JunoCamera;JunoDistortionMap;KaguyaMiCamera;KaguyaMiCameraDistortionMap;KaguyaTcCamera;KaguyaTcCameraDistortionMap;LoCameraFiducialMap;LoHighCamera;LoHighDistortionMap;LoMediumCamera;LoMediumDistortionMap;LroNarrowAngleCamera;LroWideAngleCamera;LwirCamera;MarciCamera;Mariner10Camera;MdisCamera;MexHrscSrcCamera;MiniRF;MocNarrowAngleCamera;MocWideAngleCamera;MsiCamera;NewHorizonsLeisaCamera;NewHorizonsLorriCamera;NewHorizonsLorriDistortionMap;NewHorizonsMvicFrameCamera;NewHorizonsMvicFrameCameraDistortionMap;NewHorizonsMvicTdiCamera;NewHorizonsMvicTdiCameraDistortionMap;NirCamera;NirsDetectorMap;OsirisRexDistortionMap;OsirisRexOcamsCamera;OsirisRexTagcamsCamera;OsirisRexTagcamsDistortionMap;RosettaOsirisCamera;RosettaOsirisCameraDistortionMap;RosettaVirtisCamera;SsiCamera;TaylorCameraDistortionMap;TgoCassisCamera;TgoCassisDistortionMap;ThemisIrCamera;ThemisIrDistortionMap;ThemisVisCamera;ThemisVisDistortionMap;UvvisCamera;VikingCamera;VimsCamera;VimsGroundMap;VimsSkyMap;VoyagerCamera,non_gui,present,present,identical_text,,isis/src/kaguya/objs/KaguyaMiCamera/KaguyaMiCamera.h,isis/src/kaguya/objs/KaguyaMiCamera/KaguyaMiCamera.h
src/mission/bind_mission_cameras.cpp,KaguyaMiCameraDistortionMap.h,ApolloMetricCamera;ApolloMetricDistortionMap;ApolloPanoramicCamera;ApolloPanoramicDetectorMap;CTXCamera;Chandrayaan1M3Camera;Chandrayaan1M3DistortionMap;ClementineUvvisDistortionMap;ClipperNacRollingShutterCamera;ClipperPushBroomCamera;ClipperWacFcCamera;CrismCamera;DawnFcCamera;DawnFcDistortionMap;DawnVirCamera;HayabusaAmicaCamera;HayabusaNirsCamera;HiresCamera;HiriseCamera;HrscCamera;Hyb2OncCamera;Hyb2OncDistortionMap;IssNACamera;IssWACamera;JunoCamera;JunoDistortionMap;KaguyaMiCamera;KaguyaMiCameraDistortionMap;KaguyaTcCamera;KaguyaTcCameraDistortionMap;LoCameraFiducialMap;LoHighCamera;LoHighDistortionMap;LoMediumCamera;LoMediumDistortionMap;LroNarrowAngleCamera;LroWideAngleCamera;LwirCamera;MarciCamera;Mariner10Camera;MdisCamera;MexHrscSrcCamera;MiniRF;MocNarrowAngleCamera;MocWideAngleCamera;MsiCamera;NewHorizonsLeisaCamera;NewHorizonsLorriCamera;NewHorizonsLorriDistortionMap;NewHorizonsMvicFrameCamera;NewHorizonsMvicFrameCameraDistortionMap;NewHorizonsMvicTdiCamera;NewHorizonsMvicTdiCameraDistortionMap;NirCamera;NirsDetectorMap;OsirisRexDistortionMap;OsirisRexOcamsCamera;OsirisRexTagcamsCamera;OsirisRexTagcamsDistortionMap;RosettaOsirisCamera;RosettaOsirisCameraDistortionMap;RosettaVirtisCamera;SsiCamera;TaylorCameraDistortionMap;TgoCassisCamera;TgoCassisDistortionMap;ThemisIrCamera;ThemisIrDistortionMap;ThemisVisCamera;ThemisVisDistortionMap;UvvisCamera;VikingCamera;VimsCamera;VimsGroundMap;VimsSkyMap;VoyagerCamera,non_gui,present,present,identical_text,,isis/src/kaguya/objs/KaguyaMiCamera/KaguyaMiCameraDistortionMap.h,isis/src/kaguya/objs/KaguyaMiCamera/KaguyaMiCameraDistortionMap.h
src/mission/bind_mission_cameras.cpp,KaguyaTcCamera.h,ApolloMetricCamera;ApolloMetricDistortionMap;ApolloPanoramicCamera;ApolloPanoramicDetectorMap;CTXCamera;Chandrayaan1M3Camera;Chandrayaan1M3DistortionMap;ClementineUvvisDistortionMap;ClipperNacRollingShutterCamera;ClipperPushBroomCamera;ClipperWacFcCamera;CrismCamera;DawnFcCamera;DawnFcDistortionMap;DawnVirCamera;HayabusaAmicaCamera;HayabusaNirsCamera;HiresCamera;HiriseCamera;HrscCamera;Hyb2OncCamera;Hyb2OncDistortionMap;IssNACamera;IssWACamera;JunoCamera;JunoDistortionMap;KaguyaMiCamera;KaguyaMiCameraDistortionMap;KaguyaTcCamera;KaguyaTcCameraDistortionMap;LoCameraFiducialMap;LoHighCamera;LoHighDistortionMap;LoMediumCamera;LoMediumDistortionMap;LroNarrowAngleCamera;LroWideAngleCamera;LwirCamera;MarciCamera;Mariner10Camera;MdisCamera;MexHrscSrcCamera;MiniRF;MocNarrowAngleCamera;MocWideAngleCamera;MsiCamera;NewHorizonsLeisaCamera;NewHorizonsLorriCamera;NewHorizonsLorriDistortionMap;NewHorizonsMvicFrameCamera;NewHorizonsMvicFrameCameraDistortionMap;NewHorizonsMvicTdiCamera;NewHorizonsMvicTdiCameraDistortionMap;NirCamera;NirsDetectorMap;OsirisRexDistortionMap;OsirisRexOcamsCamera;OsirisRexTagcamsCamera;OsirisRexTagcamsDistortionMap;RosettaOsirisCamera;RosettaOsirisCameraDistortionMap;RosettaVirtisCamera;SsiCamera;TaylorCameraDistortionMap;TgoCassisCamera;TgoCassisDistortionMap;ThemisIrCamera;ThemisIrDistortionMap;ThemisVisCamera;ThemisVisDistortionMap;UvvisCamera;VikingCamera;VimsCamera;VimsGroundMap;VimsSkyMap;VoyagerCamera,non_gui,present,present,identical_text,,isis/src/kaguya/objs/KaguyaTcCamera/KaguyaTcCamera.h,isis/src/kaguya/objs/KaguyaTcCamera/KaguyaTcCamera.h
src/mission/bind_mission_cameras.cpp,KaguyaTcCameraDistortionMap.h,ApolloMetricCamera;ApolloMetricDistortionMap;ApolloPanoramicCamera;ApolloPanoramicDetectorMap;CTXCamera;Chandrayaan1M3Camera;Chandrayaan1M3DistortionMap;ClementineUvvisDistortionMap;ClipperNacRollingShutterCamera;ClipperPushBroomCamera;ClipperWacFcCamera;CrismCamera;DawnFcCamera;DawnFcDistortionMap;DawnVirCamera;HayabusaAmicaCamera;HayabusaNirsCamera;HiresCamera;HiriseCamera;HrscCamera;Hyb2OncCamera;Hyb2OncDistortionMap;IssNACamera;IssWACamera;JunoCamera;JunoDistortionMap;KaguyaMiCamera;KaguyaMiCameraDistortionMap;KaguyaTcCamera;KaguyaTcCameraDistortionMap;LoCameraFiducialMap;LoHighCamera;LoHighDistortionMap;LoMediumCamera;LoMediumDistortionMap;LroNarrowAngleCamera;LroWideAngleCamera;LwirCamera;MarciCamera;Mariner10Camera;MdisCamera;MexHrscSrcCamera;MiniRF;MocNarrowAngleCamera;MocWideAngleCamera;MsiCamera;NewHorizonsLeisaCamera;NewHorizonsLorriCamera;NewHorizonsLorriDistortionMap;NewHorizonsMvicFrameCamera;NewHorizonsMvicFrameCameraDistortionMap;NewHorizonsMvicTdiCamera;NewHorizonsMvicTdiCameraDistortionMap;NirCamera;NirsDetectorMap;OsirisRexDistortionMap;OsirisRexOcamsCamera;OsirisRexTagcamsCamera;OsirisRexTagcamsDistortionMap;RosettaOsirisCamera;RosettaOsirisCameraDistortionMap;RosettaVirtisCamera;SsiCamera;TaylorCameraDistortionMap;TgoCassisCamera;TgoCassisDistortionMap;ThemisIrCamera;ThemisIrDistortionMap;ThemisVisCamera;ThemisVisDistortionMap;UvvisCamera;VikingCamera;VimsCamera;VimsGroundMap;VimsSkyMap;VoyagerCamera,non_gui,present,present,identical_text,,isis/src/kaguya/objs/KaguyaTcCamera/KaguyaTcCameraDistortionMap.h,isis/src/kaguya/objs/KaguyaTcCamera/KaguyaTcCameraDistortionMap.h
src/mission/bind_mission_cameras.cpp,Latitude.h,ApolloMetricCamera;ApolloMetricDistortionMap;ApolloPanoramicCamera;ApolloPanoramicDetectorMap;CTXCamera;Chandrayaan1M3Camera;Chandrayaan1M3DistortionMap;ClementineUvvisDistortionMap;ClipperNacRollingShutterCamera;ClipperPushBroomCamera;ClipperWacFcCamera;CrismCamera;DawnFcCamera;DawnFcDistortionMap;DawnVirCamera;HayabusaAmicaCamera;HayabusaNirsCamera;HiresCamera;HiriseCamera;HrscCamera;Hyb2OncCamera;Hyb2OncDistortionMap;IssNACamera;IssWACamera;JunoCamera;JunoDistortionMap;KaguyaMiCamera;KaguyaMiCameraDistortionMap;KaguyaTcCamera;KaguyaTcCameraDistortionMap;LoCameraFiducialMap;LoHighCamera;LoHighDistortionMap;LoMediumCamera;LoMediumDistortionMap;LroNarrowAngleCamera;LroWideAngleCamera;LwirCamera;MarciCamera;Mariner10Camera;MdisCamera;MexHrscSrcCamera;MiniRF;MocNarrowAngleCamera;MocWideAngleCamera;MsiCamera;NewHorizonsLeisaCamera;NewHorizonsLorriCamera;NewHorizonsLorriDistortionMap;NewHorizonsMvicFrameCamera;NewHorizonsMvicFrameCameraDistortionMap;NewHorizonsMvicTdiCamera;NewHorizonsMvicTdiCameraDistortionMap;NirCamera;NirsDetectorMap;OsirisRexDistortionMap;OsirisRexOcamsCamera;OsirisRexTagcamsCamera;OsirisRexTagcamsDistortionMap;RosettaOsirisCamera;RosettaOsirisCameraDistortionMap;RosettaVirtisCamera;SsiCamera;TaylorCameraDistortionMap;TgoCassisCamera;TgoCassisDistortionMap;ThemisIrCamera;ThemisIrDistortionMap;ThemisVisCamera;ThemisVisDistortionMap;UvvisCamera;VikingCamera;VimsCamera;VimsGroundMap;VimsSkyMap;VoyagerCamera,non_gui,present,present,identical_text,,isis/src/base/objs/Latitude/Latitude.h,isis/src/base/objs/Latitude/Latitude.h
src/mission/bind_mission_cameras.cpp,LineScanCamera.h,ApolloMetricCamera;ApolloMetricDistortionMap;ApolloPanoramicCamera;ApolloPanoramicDetectorMap;CTXCamera;Chandrayaan1M3Camera;Chandrayaan1M3DistortionMap;ClementineUvvisDistortionMap;ClipperNacRollingShutterCamera;ClipperPushBroomCamera;ClipperWacFcCamera;CrismCamera;DawnFcCamera;DawnFcDistortionMap;DawnVirCamera;HayabusaAmicaCamera;HayabusaNirsCamera;HiresCamera;HiriseCamera;HrscCamera;Hyb2OncCamera;Hyb2OncDistortionMap;IssNACamera;IssWACamera;JunoCamera;JunoDistortionMap;KaguyaMiCamera;KaguyaMiCameraDistortionMap;KaguyaTcCamera;KaguyaTcCameraDistortionMap;LoCameraFiducialMap;LoHighCamera;LoHighDistortionMap;LoMediumCamera;LoMediumDistortionMap;LroNarrowAngleCamera;LroWideAngleCamera;LwirCamera;MarciCamera;Mariner10Camera;MdisCamera;MexHrscSrcCamera;MiniRF;MocNarrowAngleCamera;MocWideAngleCamera;MsiCamera;NewHorizonsLeisaCamera;NewHorizonsLorriCamera;NewHorizonsLorriDistortionMap;NewHorizonsMvicFrameCamera;NewHorizonsMvicFrameCameraDistortionMap;NewHorizonsMvicTdiCamera;NewHorizonsMvicTdiCameraDistortionMap;NirCamera;NirsDetectorMap;OsirisRexDistortionMap;OsirisRexOcamsCamera;OsirisRexTagcamsCamera;OsirisRexTagcamsDistortionMap;RosettaOsirisCamera;RosettaOsirisCameraDistortionMap;RosettaVirtisCamera;SsiCamera;TaylorCameraDistortionMap;TgoCassisCamera;TgoCassisDistortionMap;ThemisIrCamera;ThemisIrDistortionMap;ThemisVisCamera;ThemisVisDistortionMap;UvvisCamera;VikingCamera;VimsCamera;VimsGroundMap;VimsSkyMap;VoyagerCamera,non_gui,present,present,identical_text,,isis/src/base/objs/LineScanCamera/LineScanCamera.h,isis/src/base/objs/LineScanCamera/LineScanCamera.h
src/mission/bind_mission_cameras.cpp,LoCameraFiducialMap.h,ApolloMetricCamera;ApolloMetricDistortionMap;ApolloPanoramicCamera;ApolloPanoramicDetectorMap;CTXCamera;Chandrayaan1M3Camera;Chandrayaan1M3DistortionMap;ClementineUvvisDistortionMap;ClipperNacRollingShutterCamera;ClipperPushBroomCamera;ClipperWacFcCamera;CrismCamera;DawnFcCamera;DawnFcDistortionMap;DawnVirCamera;HayabusaAmicaCamera;HayabusaNirsCamera;HiresCamera;HiriseCamera;HrscCamera;Hyb2OncCamera;Hyb2OncDistortionMap;IssNACamera;IssWACamera;JunoCamera;JunoDistortionMap;KaguyaMiCamera;KaguyaMiCameraDistortionMap;KaguyaTcCamera;KaguyaTcCameraDistortionMap;LoCameraFiducialMap;LoHighCamera;LoHighDistortionMap;LoMediumCamera;LoMediumDistortionMap;LroNarrowAngleCamera;LroWideAngleCamera;LwirCamera;MarciCamera;Mariner10Camera;MdisCamera;MexHrscSrcCamera;MiniRF;MocNarrowAngleCamera;MocWideAngleCamera;MsiCamera;NewHorizonsLeisaCamera;NewHorizonsLorriCamera;NewHorizonsLorriDistortionMap;NewHorizonsMvicFrameCamera;NewHorizonsMvicFrameCameraDistortionMap;NewHorizonsMvicTdiCamera;NewHorizonsMvicTdiCameraDistortionMap;NirCamera;NirsDetectorMap;OsirisRexDistortionMap;OsirisRexOcamsCamera;OsirisRexTagcamsCamera;OsirisRexTagcamsDistortionMap;RosettaOsirisCamera;RosettaOsirisCameraDistortionMap;RosettaVirtisCamera;SsiCamera;TaylorCameraDistortionMap;TgoCassisCamera;TgoCassisDistortionMap;ThemisIrCamera;ThemisIrDistortionMap;ThemisVisCamera;ThemisVisDistortionMap;UvvisCamera;VikingCamera;VimsCamera;VimsGroundMap;VimsSkyMap;VoyagerCamera,non_gui,present,present,identical_text,,isis/src/lo/objs/LoCameraFiducialMap/LoCameraFiducialMap.h,isis/src/lo/objs/LoCameraFiducialMap/LoCameraFiducialMap.h
src/mission/bind_mission_cameras.cpp,LoHighCamera.h,ApolloMetricCamera;ApolloMetricDistortionMap;ApolloPanoramicCamera;ApolloPanoramicDetectorMap;CTXCamera;Chandrayaan1M3Camera;Chandrayaan1M3DistortionMap;ClementineUvvisDistortionMap;ClipperNacRollingShutterCamera;ClipperPushBroomCamera;ClipperWacFcCamera;CrismCamera;DawnFcCamera;DawnFcDistortionMap;DawnVirCamera;HayabusaAmicaCamera;HayabusaNirsCamera;HiresCamera;HiriseCamera;HrscCamera;Hyb2OncCamera;Hyb2OncDistortionMap;IssNACamera;IssWACamera;JunoCamera;JunoDistortionMap;KaguyaMiCamera;KaguyaMiCameraDistortionMap;KaguyaTcCamera;KaguyaTcCameraDistortionMap;LoCameraFiducialMap;LoHighCamera;LoHighDistortionMap;LoMediumCamera;LoMediumDistortionMap;LroNarrowAngleCamera;LroWideAngleCamera;LwirCamera;MarciCamera;Mariner10Camera;MdisCamera;MexHrscSrcCamera;MiniRF;MocNarrowAngleCamera;MocWideAngleCamera;MsiCamera;NewHorizonsLeisaCamera;NewHorizonsLorriCamera;NewHorizonsLorriDistortionMap;NewHorizonsMvicFrameCamera;NewHorizonsMvicFrameCameraDistortionMap;NewHorizonsMvicTdiCamera;NewHorizonsMvicTdiCameraDistortionMap;NirCamera;NirsDetectorMap;OsirisRexDistortionMap;OsirisRexOcamsCamera;OsirisRexTagcamsCamera;OsirisRexTagcamsDistortionMap;RosettaOsirisCamera;RosettaOsirisCameraDistortionMap;RosettaVirtisCamera;SsiCamera;TaylorCameraDistortionMap;TgoCassisCamera;TgoCassisDistortionMap;ThemisIrCamera;ThemisIrDistortionMap;ThemisVisCamera;ThemisVisDistortionMap;UvvisCamera;VikingCamera;VimsCamera;VimsGroundMap;VimsSkyMap;VoyagerCamera,non_gui,present,present,identical_text,,isis/src/lo/objs/LoHighCamera/LoHighCamera.h,isis/src/lo/objs/LoHighCamera/LoHighCamera.h
src/mission/bind_mission_cameras.cpp,LoHighDistortionMap.h,ApolloMetricCamera;ApolloMetricDistortionMap;ApolloPanoramicCamera;ApolloPanoramicDetectorMap;CTXCamera;Chandrayaan1M3Camera;Chandrayaan1M3DistortionMap;ClementineUvvisDistortionMap;ClipperNacRollingShutterCamera;ClipperPushBroomCamera;ClipperWacFcCamera;CrismCamera;DawnFcCamera;DawnFcDistortionMap;DawnVirCamera;HayabusaAmicaCamera;HayabusaNirsCamera;HiresCamera;HiriseCamera;HrscCamera;Hyb2OncCamera;Hyb2OncDistortionMap;IssNACamera;IssWACamera;JunoCamera;JunoDistortionMap;KaguyaMiCamera;KaguyaMiCameraDistortionMap;KaguyaTcCamera;KaguyaTcCameraDistortionMap;LoCameraFiducialMap;LoHighCamera;LoHighDistortionMap;LoMediumCamera;LoMediumDistortionMap;LroNarrowAngleCamera;LroWideAngleCamera;LwirCamera;MarciCamera;Mariner10Camera;MdisCamera;MexHrscSrcCamera;MiniRF;MocNarrowAngleCamera;MocWideAngleCamera;MsiCamera;NewHorizonsLeisaCamera;NewHorizonsLorriCamera;NewHorizonsLorriDistortionMap;NewHorizonsMvicFrameCamera;NewHorizonsMvicFrameCameraDistortionMap;NewHorizonsMvicTdiCamera;NewHorizonsMvicTdiCameraDistortionMap;NirCamera;NirsDetectorMap;OsirisRexDistortionMap;OsirisRexOcamsCamera;OsirisRexTagcamsCamera;OsirisRexTagcamsDistortionMap;RosettaOsirisCamera;RosettaOsirisCameraDistortionMap;RosettaVirtisCamera;SsiCamera;TaylorCameraDistortionMap;TgoCassisCamera;TgoCassisDistortionMap;ThemisIrCamera;ThemisIrDistortionMap;ThemisVisCamera;ThemisVisDistortionMap;UvvisCamera;VikingCamera;VimsCamera;VimsGroundMap;VimsSkyMap;VoyagerCamera,non_gui,present,present,identical_text,,isis/src/lo/objs/LoHighCamera/LoHighDistortionMap.h,isis/src/lo/objs/LoHighCamera/LoHighDistortionMap.h
src/mission/bind_mission_cameras.cpp,LoMediumCamera.h,ApolloMetricCamera;ApolloMetricDistortionMap;ApolloPanoramicCamera;ApolloPanoramicDetectorMap;CTXCamera;Chandrayaan1M3Camera;Chandrayaan1M3DistortionMap;ClementineUvvisDistortionMap;ClipperNacRollingShutterCamera;ClipperPushBroomCamera;ClipperWacFcCamera;CrismCamera;DawnFcCamera;DawnFcDistortionMap;DawnVirCamera;HayabusaAmicaCamera;HayabusaNirsCamera;HiresCamera;HiriseCamera;HrscCamera;Hyb2OncCamera;Hyb2OncDistortionMap;IssNACamera;IssWACamera;JunoCamera;JunoDistortionMap;KaguyaMiCamera;KaguyaMiCameraDistortionMap;KaguyaTcCamera;KaguyaTcCameraDistortionMap;LoCameraFiducialMap;LoHighCamera;LoHighDistortionMap;LoMediumCamera;LoMediumDistortionMap;LroNarrowAngleCamera;LroWideAngleCamera;LwirCamera;MarciCamera;Mariner10Camera;MdisCamera;MexHrscSrcCamera;MiniRF;MocNarrowAngleCamera;MocWideAngleCamera;MsiCamera;NewHorizonsLeisaCamera;NewHorizonsLorriCamera;NewHorizonsLorriDistortionMap;NewHorizonsMvicFrameCamera;NewHorizonsMvicFrameCameraDistortionMap;NewHorizonsMvicTdiCamera;NewHorizonsMvicTdiCameraDistortionMap;NirCamera;NirsDetectorMap;OsirisRexDistortionMap;OsirisRexOcamsCamera;OsirisRexTagcamsCamera;OsirisRexTagcamsDistortionMap;RosettaOsirisCamera;RosettaOsirisCameraDistortionMap;RosettaVirtisCamera;SsiCamera;TaylorCameraDistortionMap;TgoCassisCamera;TgoCassisDistortionMap;ThemisIrCamera;ThemisIrDistortionMap;ThemisVisCamera;ThemisVisDistortionMap;UvvisCamera;VikingCamera;VimsCamera;VimsGroundMap;VimsSkyMap;VoyagerCamera,non_gui,present,present,identical_text,,isis/src/lo/objs/LoMediumCamera/LoMediumCamera.h,isis/src/lo/objs/LoMediumCamera/LoMediumCamera.h
src/mission/bind_mission_cameras.cpp,LoMediumDistortionMap.h,ApolloMetricCamera;ApolloMetricDistortionMap;ApolloPanoramicCamera;ApolloPanoramicDetectorMap;CTXCamera;Chandrayaan1M3Camera;Chandrayaan1M3DistortionMap;ClementineUvvisDistortionMap;ClipperNacRollingShutterCamera;ClipperPushBroomCamera;ClipperWacFcCamera;CrismCamera;DawnFcCamera;DawnFcDistortionMap;DawnVirCamera;HayabusaAmicaCamera;HayabusaNirsCamera;HiresCamera;HiriseCamera;HrscCamera;Hyb2OncCamera;Hyb2OncDistortionMap;IssNACamera;IssWACamera;JunoCamera;JunoDistortionMap;KaguyaMiCamera;KaguyaMiCameraDistortionMap;KaguyaTcCamera;KaguyaTcCameraDistortionMap;LoCameraFiducialMap;LoHighCamera;LoHighDistortionMap;LoMediumCamera;LoMediumDistortionMap;LroNarrowAngleCamera;LroWideAngleCamera;LwirCamera;MarciCamera;Mariner10Camera;MdisCamera;MexHrscSrcCamera;MiniRF;MocNarrowAngleCamera;MocWideAngleCamera;MsiCamera;NewHorizonsLeisaCamera;NewHorizonsLorriCamera;NewHorizonsLorriDistortionMap;NewHorizonsMvicFrameCamera;NewHorizonsMvicFrameCameraDistortionMap;NewHorizonsMvicTdiCamera;NewHorizonsMvicTdiCameraDistortionMap;NirCamera;NirsDetectorMap;OsirisRexDistortionMap;OsirisRexOcamsCamera;OsirisRexTagcamsCamera;OsirisRexTagcamsDistortionMap;RosettaOsirisCamera;RosettaOsirisCameraDistortionMap;RosettaVirtisCamera;SsiCamera;TaylorCameraDistortionMap;TgoCassisCamera;TgoCassisDistortionMap;ThemisIrCamera;ThemisIrDistortionMap;ThemisVisCamera;ThemisVisDistortionMap;UvvisCamera;VikingCamera;VimsCamera;VimsGroundMap;VimsSkyMap;VoyagerCamera,non_gui,present,present,identical_text,,isis/src/lo/objs/LoMediumCamera/LoMediumDistortionMap.h,isis/src/lo/objs/LoMediumCamera/LoMediumDistortionMap.h
src/mission/bind_mission_cameras.cpp,Longitude.h,ApolloMetricCamera;ApolloMetricDistortionMap;ApolloPanoramicCamera;ApolloPanoramicDetectorMap;CTXCamera;Chandrayaan1M3Camera;Chandrayaan1M3DistortionMap;ClementineUvvisDistortionMap;ClipperNacRollingShutterCamera;ClipperPushBroomCamera;ClipperWacFcCamera;CrismCamera;DawnFcCamera;DawnFcDistortionMap;DawnVirCamera;HayabusaAmicaCamera;HayabusaNirsCamera;HiresCamera;HiriseCamera;HrscCamera;Hyb2OncCamera;Hyb2OncDistortionMap;IssNACamera;IssWACamera;JunoCamera;JunoDistortionMap;KaguyaMiCamera;KaguyaMiCameraDistortionMap;KaguyaTcCamera;KaguyaTcCameraDistortionMap;LoCameraFiducialMap;LoHighCamera;LoHighDistortionMap;LoMediumCamera;LoMediumDistortionMap;LroNarrowAngleCamera;LroWideAngleCamera;LwirCamera;MarciCamera;Mariner10Camera;MdisCamera;MexHrscSrcCamera;MiniRF;MocNarrowAngleCamera;MocWideAngleCamera;MsiCamera;NewHorizonsLeisaCamera;NewHorizonsLorriCamera;NewHorizonsLorriDistortionMap;NewHorizonsMvicFrameCamera;NewHorizonsMvicFrameCameraDistortionMap;NewHorizonsMvicTdiCamera;NewHorizonsMvicTdiCameraDistortionMap;NirCamera;NirsDetectorMap;OsirisRexDistortionMap;OsirisRexOcamsCamera;OsirisRexTagcamsCamera;OsirisRexTagcamsDistortionMap;RosettaOsirisCamera;RosettaOsirisCameraDistortionMap;RosettaVirtisCamera;SsiCamera;TaylorCameraDistortionMap;TgoCassisCamera;TgoCassisDistortionMap;ThemisIrCamera;ThemisIrDistortionMap;ThemisVisCamera;ThemisVisDistortionMap;UvvisCamera;VikingCamera;VimsCamera;VimsGroundMap;VimsSkyMap;VoyagerCamera,non_gui,present,present,identical_text,,isis/src/base/objs/Longitude/Longitude.h,isis/src/base/objs/Longitude/Longitude.h
src/mission/bind_mission_cameras.cpp,LroNarrowAngleCamera.h,ApolloMetricCamera;ApolloMetricDistortionMap;ApolloPanoramicCamera;ApolloPanoramicDetectorMap;CTXCamera;Chandrayaan1M3Camera;Chandrayaan1M3DistortionMap;ClementineUvvisDistortionMap;ClipperNacRollingShutterCamera;ClipperPushBroomCamera;ClipperWacFcCamera;CrismCamera;DawnFcCamera;DawnFcDistortionMap;DawnVirCamera;HayabusaAmicaCamera;HayabusaNirsCamera;HiresCamera;HiriseCamera;HrscCamera;Hyb2OncCamera;Hyb2OncDistortionMap;IssNACamera;IssWACamera;JunoCamera;JunoDistortionMap;KaguyaMiCamera;KaguyaMiCameraDistortionMap;KaguyaTcCamera;KaguyaTcCameraDistortionMap;LoCameraFiducialMap;LoHighCamera;LoHighDistortionMap;LoMediumCamera;LoMediumDistortionMap;LroNarrowAngleCamera;LroWideAngleCamera;LwirCamera;MarciCamera;Mariner10Camera;MdisCamera;MexHrscSrcCamera;MiniRF;MocNarrowAngleCamera;MocWideAngleCamera;MsiCamera;NewHorizonsLeisaCamera;NewHorizonsLorriCamera;NewHorizonsLorriDistortionMap;NewHorizonsMvicFrameCamera;NewHorizonsMvicFrameCameraDistortionMap;NewHorizonsMvicTdiCamera;NewHorizonsMvicTdiCameraDistortionMap;NirCamera;NirsDetectorMap;OsirisRexDistortionMap;OsirisRexOcamsCamera;OsirisRexTagcamsCamera;OsirisRexTagcamsDistortionMap;RosettaOsirisCamera;RosettaOsirisCameraDistortionMap;RosettaVirtisCamera;SsiCamera;TaylorCameraDistortionMap;TgoCassisCamera;TgoCassisDistortionMap;ThemisIrCamera;ThemisIrDistortionMap;ThemisVisCamera;ThemisVisDistortionMap;UvvisCamera;VikingCamera;VimsCamera;VimsGroundMap;VimsSkyMap;VoyagerCamera,non_gui,present,present,identical_text,,isis/src/lro/objs/LroNarrowAngleCamera/LroNarrowAngleCamera.h,isis/src/lro/objs/LroNarrowAngleCamera/LroNarrowAngleCamera.h
src/mission/bind_mission_cameras.cpp,LroWideAngleCamera.h,ApolloMetricCamera;ApolloMetricDistortionMap;ApolloPanoramicCamera;ApolloPanoramicDetectorMap;CTXCamera;Chandrayaan1M3Camera;Chandrayaan1M3DistortionMap;ClementineUvvisDistortionMap;ClipperNacRollingShutterCamera;ClipperPushBroomCamera;ClipperWacFcCamera;CrismCamera;DawnFcCamera;DawnFcDistortionMap;DawnVirCamera;HayabusaAmicaCamera;HayabusaNirsCamera;HiresCamera;HiriseCamera;HrscCamera;Hyb2OncCamera;Hyb2OncDistortionMap;IssNACamera;IssWACamera;JunoCamera;JunoDistortionMap;KaguyaMiCamera;KaguyaMiCameraDistortionMap;KaguyaTcCamera;KaguyaTcCameraDistortionMap;LoCameraFiducialMap;LoHighCamera;LoHighDistortionMap;LoMediumCamera;LoMediumDistortionMap;LroNarrowAngleCamera;LroWideAngleCamera;LwirCamera;MarciCamera;Mariner10Camera;MdisCamera;MexHrscSrcCamera;MiniRF;MocNarrowAngleCamera;MocWideAngleCamera;MsiCamera;NewHorizonsLeisaCamera;NewHorizonsLorriCamera;NewHorizonsLorriDistortionMap;NewHorizonsMvicFrameCamera;NewHorizonsMvicFrameCameraDistortionMap;NewHorizonsMvicTdiCamera;NewHorizonsMvicTdiCameraDistortionMap;NirCamera;NirsDetectorMap;OsirisRexDistortionMap;OsirisRexOcamsCamera;OsirisRexTagcamsCamera;OsirisRexTagcamsDistortionMap;RosettaOsirisCamera;RosettaOsirisCameraDistortionMap;RosettaVirtisCamera;SsiCamera;TaylorCameraDistortionMap;TgoCassisCamera;TgoCassisDistortionMap;ThemisIrCamera;ThemisIrDistortionMap;ThemisVisCamera;ThemisVisDistortionMap;UvvisCamera;VikingCamera;VimsCamera;VimsGroundMap;VimsSkyMap;VoyagerCamera,non_gui,present,present,identical_text,,isis/src/lro/objs/LroWideAngleCamera/LroWideAngleCamera.h,isis/src/lro/objs/LroWideAngleCamera/LroWideAngleCamera.h
src/mission/bind_mission_cameras.cpp,LwirCamera.h,ApolloMetricCamera;ApolloMetricDistortionMap;ApolloPanoramicCamera;ApolloPanoramicDetectorMap;CTXCamera;Chandrayaan1M3Camera;Chandrayaan1M3DistortionMap;ClementineUvvisDistortionMap;ClipperNacRollingShutterCamera;ClipperPushBroomCamera;ClipperWacFcCamera;CrismCamera;DawnFcCamera;DawnFcDistortionMap;DawnVirCamera;HayabusaAmicaCamera;HayabusaNirsCamera;HiresCamera;HiriseCamera;HrscCamera;Hyb2OncCamera;Hyb2OncDistortionMap;IssNACamera;IssWACamera;JunoCamera;JunoDistortionMap;KaguyaMiCamera;KaguyaMiCameraDistortionMap;KaguyaTcCamera;KaguyaTcCameraDistortionMap;LoCameraFiducialMap;LoHighCamera;LoHighDistortionMap;LoMediumCamera;LoMediumDistortionMap;LroNarrowAngleCamera;LroWideAngleCamera;LwirCamera;MarciCamera;Mariner10Camera;MdisCamera;MexHrscSrcCamera;MiniRF;MocNarrowAngleCamera;MocWideAngleCamera;MsiCamera;NewHorizonsLeisaCamera;NewHorizonsLorriCamera;NewHorizonsLorriDistortionMap;NewHorizonsMvicFrameCamera;NewHorizonsMvicFrameCameraDistortionMap;NewHorizonsMvicTdiCamera;NewHorizonsMvicTdiCameraDistortionMap;NirCamera;NirsDetectorMap;OsirisRexDistortionMap;OsirisRexOcamsCamera;OsirisRexTagcamsCamera;OsirisRexTagcamsDistortionMap;RosettaOsirisCamera;RosettaOsirisCameraDistortionMap;RosettaVirtisCamera;SsiCamera;TaylorCameraDistortionMap;TgoCassisCamera;TgoCassisDistortionMap;ThemisIrCamera;ThemisIrDistortionMap;ThemisVisCamera;ThemisVisDistortionMap;UvvisCamera;VikingCamera;VimsCamera;VimsGroundMap;VimsSkyMap;VoyagerCamera,non_gui,present,present,identical_text,,isis/src/clementine/objs/LwirCamera/LwirCamera.h,isis/src/clementine/objs/LwirCamera/LwirCamera.h
src/mission/bind_mission_cameras.cpp,MarciCamera.h,ApolloMetricCamera;ApolloMetricDistortionMap;ApolloPanoramicCamera;ApolloPanoramicDetectorMap;CTXCamera;Chandrayaan1M3Camera;Chandrayaan1M3DistortionMap;ClementineUvvisDistortionMap;ClipperNacRollingShutterCamera;ClipperPushBroomCamera;ClipperWacFcCamera;CrismCamera;DawnFcCamera;DawnFcDistortionMap;DawnVirCamera;HayabusaAmicaCamera;HayabusaNirsCamera;HiresCamera;HiriseCamera;HrscCamera;Hyb2OncCamera;Hyb2OncDistortionMap;IssNACamera;IssWACamera;JunoCamera;JunoDistortionMap;KaguyaMiCamera;KaguyaMiCameraDistortionMap;KaguyaTcCamera;KaguyaTcCameraDistortionMap;LoCameraFiducialMap;LoHighCamera;LoHighDistortionMap;LoMediumCamera;LoMediumDistortionMap;LroNarrowAngleCamera;LroWideAngleCamera;LwirCamera;MarciCamera;Mariner10Camera;MdisCamera;MexHrscSrcCamera;MiniRF;MocNarrowAngleCamera;MocWideAngleCamera;MsiCamera;NewHorizonsLeisaCamera;NewHorizonsLorriCamera;NewHorizonsLorriDistortionMap;NewHorizonsMvicFrameCamera;NewHorizonsMvicFrameCameraDistortionMap;NewHorizonsMvicTdiCamera;NewHorizonsMvicTdiCameraDistortionMap;NirCamera;NirsDetectorMap;OsirisRexDistortionMap;OsirisRexOcamsCamera;OsirisRexTagcamsCamera;OsirisRexTagcamsDistortionMap;RosettaOsirisCamera;RosettaOsirisCameraDistortionMap;RosettaVirtisCamera;SsiCamera;TaylorCameraDistortionMap;TgoCassisCamera;TgoCassisDistortionMap;ThemisIrCamera;ThemisIrDistortionMap;ThemisVisCamera;ThemisVisDistortionMap;UvvisCamera;VikingCamera;VimsCamera;VimsGroundMap;VimsSkyMap;VoyagerCamera,non_gui,present,present,identical_text,,isis/src/mro/objs/MarciCamera/MarciCamera.h,isis/src/mro/objs/MarciCamera/MarciCamera.h
src/mission/bind_mission_cameras.cpp,Mariner10Camera.h,ApolloMetricCamera;ApolloMetricDistortionMap;ApolloPanoramicCamera;ApolloPanoramicDetectorMap;CTXCamera;Chandrayaan1M3Camera;Chandrayaan1M3DistortionMap;ClementineUvvisDistortionMap;ClipperNacRollingShutterCamera;ClipperPushBroomCamera;ClipperWacFcCamera;CrismCamera;DawnFcCamera;DawnFcDistortionMap;DawnVirCamera;HayabusaAmicaCamera;HayabusaNirsCamera;HiresCamera;HiriseCamera;HrscCamera;Hyb2OncCamera;Hyb2OncDistortionMap;IssNACamera;IssWACamera;JunoCamera;JunoDistortionMap;KaguyaMiCamera;KaguyaMiCameraDistortionMap;KaguyaTcCamera;KaguyaTcCameraDistortionMap;LoCameraFiducialMap;LoHighCamera;LoHighDistortionMap;LoMediumCamera;LoMediumDistortionMap;LroNarrowAngleCamera;LroWideAngleCamera;LwirCamera;MarciCamera;Mariner10Camera;MdisCamera;MexHrscSrcCamera;MiniRF;MocNarrowAngleCamera;MocWideAngleCamera;MsiCamera;NewHorizonsLeisaCamera;NewHorizonsLorriCamera;NewHorizonsLorriDistortionMap;NewHorizonsMvicFrameCamera;NewHorizonsMvicFrameCameraDistortionMap;NewHorizonsMvicTdiCamera;NewHorizonsMvicTdiCameraDistortionMap;NirCamera;NirsDetectorMap;OsirisRexDistortionMap;OsirisRexOcamsCamera;OsirisRexTagcamsCamera;OsirisRexTagcamsDistortionMap;RosettaOsirisCamera;RosettaOsirisCameraDistortionMap;RosettaVirtisCamera;SsiCamera;TaylorCameraDistortionMap;TgoCassisCamera;TgoCassisDistortionMap;ThemisIrCamera;ThemisIrDistortionMap;ThemisVisCamera;ThemisVisDistortionMap;UvvisCamera;VikingCamera;VimsCamera;VimsGroundMap;VimsSkyMap;VoyagerCamera,non_gui,present,present,identical_text,,isis/src/mariner/objs/Mariner10Camera/Mariner10Camera.h,isis/src/mariner/objs/Mariner10Camera/Mariner10Camera.h
src/mission/bind_mission_cameras.cpp,MdisCamera.h,ApolloMetricCamera;ApolloMetricDistortionMap;ApolloPanoramicCamera;ApolloPanoramicDetectorMap;CTXCamera;Chandrayaan1M3Camera;Chandrayaan1M3DistortionMap;ClementineUvvisDistortionMap;ClipperNacRollingShutterCamera;ClipperPushBroomCamera;ClipperWacFcCamera;CrismCamera;DawnFcCamera;DawnFcDistortionMap;DawnVirCamera;HayabusaAmicaCamera;HayabusaNirsCamera;HiresCamera;HiriseCamera;HrscCamera;Hyb2OncCamera;Hyb2OncDistortionMap;IssNACamera;IssWACamera;JunoCamera;JunoDistortionMap;KaguyaMiCamera;KaguyaMiCameraDistortionMap;KaguyaTcCamera;KaguyaTcCameraDistortionMap;LoCameraFiducialMap;LoHighCamera;LoHighDistortionMap;LoMediumCamera;LoMediumDistortionMap;LroNarrowAngleCamera;LroWideAngleCamera;LwirCamera;MarciCamera;Mariner10Camera;MdisCamera;MexHrscSrcCamera;MiniRF;MocNarrowAngleCamera;MocWideAngleCamera;MsiCamera;NewHorizonsLeisaCamera;NewHorizonsLorriCamera;NewHorizonsLorriDistortionMap;NewHorizonsMvicFrameCamera;NewHorizonsMvicFrameCameraDistortionMap;NewHorizonsMvicTdiCamera;NewHorizonsMvicTdiCameraDistortionMap;NirCamera;NirsDetectorMap;OsirisRexDistortionMap;OsirisRexOcamsCamera;OsirisRexTagcamsCamera;OsirisRexTagcamsDistortionMap;RosettaOsirisCamera;RosettaOsirisCameraDistortionMap;RosettaVirtisCamera;SsiCamera;TaylorCameraDistortionMap;TgoCassisCamera;TgoCassisDistortionMap;ThemisIrCamera;ThemisIrDistortionMap;ThemisVisCamera;ThemisVisDistortionMap;UvvisCamera;VikingCamera;VimsCamera;VimsGroundMap;VimsSkyMap;VoyagerCamera,non_gui,present,present,identical_text,,isis/src/messenger/objs/MdisCamera/MdisCamera.h,isis/src/messenger/objs/MdisCamera/MdisCamera.h
src/mission/bind_mission_cameras.cpp,MexHrscSrcCamera.h,ApolloMetricCamera;ApolloMetricDistortionMap;ApolloPanoramicCamera;ApolloPanoramicDetectorMap;CTXCamera;Chandrayaan1M3Camera;Chandrayaan1M3DistortionMap;ClementineUvvisDistortionMap;ClipperNacRollingShutterCamera;ClipperPushBroomCamera;ClipperWacFcCamera;CrismCamera;DawnFcCamera;DawnFcDistortionMap;DawnVirCamera;HayabusaAmicaCamera;HayabusaNirsCamera;HiresCamera;HiriseCamera;HrscCamera;Hyb2OncCamera;Hyb2OncDistortionMap;IssNACamera;IssWACamera;JunoCamera;JunoDistortionMap;KaguyaMiCamera;KaguyaMiCameraDistortionMap;KaguyaTcCamera;KaguyaTcCameraDistortionMap;LoCameraFiducialMap;LoHighCamera;LoHighDistortionMap;LoMediumCamera;LoMediumDistortionMap;LroNarrowAngleCamera;LroWideAngleCamera;LwirCamera;MarciCamera;Mariner10Camera;MdisCamera;MexHrscSrcCamera;MiniRF;MocNarrowAngleCamera;MocWideAngleCamera;MsiCamera;NewHorizonsLeisaCamera;NewHorizonsLorriCamera;NewHorizonsLorriDistortionMap;NewHorizonsMvicFrameCamera;NewHorizonsMvicFrameCameraDistortionMap;NewHorizonsMvicTdiCamera;NewHorizonsMvicTdiCameraDistortionMap;NirCamera;NirsDetectorMap;OsirisRexDistortionMap;OsirisRexOcamsCamera;OsirisRexTagcamsCamera;OsirisRexTagcamsDistortionMap;RosettaOsirisCamera;RosettaOsirisCameraDistortionMap;RosettaVirtisCamera;SsiCamera;TaylorCameraDistortionMap;TgoCassisCamera;TgoCassisDistortionMap;ThemisIrCamera;ThemisIrDistortionMap;ThemisVisCamera;ThemisVisDistortionMap;UvvisCamera;VikingCamera;VimsCamera;VimsGroundMap;VimsSkyMap;VoyagerCamera,non_gui,present,present,identical_text,,isis/src/mex/objs/MexHrscSrcCamera/MexHrscSrcCamera.h,isis/src/mex/objs/MexHrscSrcCamera/MexHrscSrcCamera.h
src/mission/bind_mission_cameras.cpp,MiniRF.h,ApolloMetricCamera;ApolloMetricDistortionMap;ApolloPanoramicCamera;ApolloPanoramicDetectorMap;CTXCamera;Chandrayaan1M3Camera;Chandrayaan1M3DistortionMap;ClementineUvvisDistortionMap;ClipperNacRollingShutterCamera;ClipperPushBroomCamera;ClipperWacFcCamera;CrismCamera;DawnFcCamera;DawnFcDistortionMap;DawnVirCamera;HayabusaAmicaCamera;HayabusaNirsCamera;HiresCamera;HiriseCamera;HrscCamera;Hyb2OncCamera;Hyb2OncDistortionMap;IssNACamera;IssWACamera;JunoCamera;JunoDistortionMap;KaguyaMiCamera;KaguyaMiCameraDistortionMap;KaguyaTcCamera;KaguyaTcCameraDistortionMap;LoCameraFiducialMap;LoHighCamera;LoHighDistortionMap;LoMediumCamera;LoMediumDistortionMap;LroNarrowAngleCamera;LroWideAngleCamera;LwirCamera;MarciCamera;Mariner10Camera;MdisCamera;MexHrscSrcCamera;MiniRF;MocNarrowAngleCamera;MocWideAngleCamera;MsiCamera;NewHorizonsLeisaCamera;NewHorizonsLorriCamera;NewHorizonsLorriDistortionMap;NewHorizonsMvicFrameCamera;NewHorizonsMvicFrameCameraDistortionMap;NewHorizonsMvicTdiCamera;NewHorizonsMvicTdiCameraDistortionMap;NirCamera;NirsDetectorMap;OsirisRexDistortionMap;OsirisRexOcamsCamera;OsirisRexTagcamsCamera;OsirisRexTagcamsDistortionMap;RosettaOsirisCamera;RosettaOsirisCameraDistortionMap;RosettaVirtisCamera;SsiCamera;TaylorCameraDistortionMap;TgoCassisCamera;TgoCassisDistortionMap;ThemisIrCamera;ThemisIrDistortionMap;ThemisVisCamera;ThemisVisDistortionMap;UvvisCamera;VikingCamera;VimsCamera;VimsGroundMap;VimsSkyMap;VoyagerCamera,non_gui,present,present,identical_text,,isis/src/lro/objs/MiniRF/MiniRF.h,isis/src/lro/objs/MiniRF/MiniRF.h
src/mission/bind_mission_cameras.cpp,MocNarrowAngleCamera.h,ApolloMetricCamera;ApolloMetricDistortionMap;ApolloPanoramicCamera;ApolloPanoramicDetectorMap;CTXCamera;Chandrayaan1M3Camera;Chandrayaan1M3DistortionMap;ClementineUvvisDistortionMap;ClipperNacRollingShutterCamera;ClipperPushBroomCamera;ClipperWacFcCamera;CrismCamera;DawnFcCamera;DawnFcDistortionMap;DawnVirCamera;HayabusaAmicaCamera;HayabusaNirsCamera;HiresCamera;HiriseCamera;HrscCamera;Hyb2OncCamera;Hyb2OncDistortionMap;IssNACamera;IssWACamera;JunoCamera;JunoDistortionMap;KaguyaMiCamera;KaguyaMiCameraDistortionMap;KaguyaTcCamera;KaguyaTcCameraDistortionMap;LoCameraFiducialMap;LoHighCamera;LoHighDistortionMap;LoMediumCamera;LoMediumDistortionMap;LroNarrowAngleCamera;LroWideAngleCamera;LwirCamera;MarciCamera;Mariner10Camera;MdisCamera;MexHrscSrcCamera;MiniRF;MocNarrowAngleCamera;MocWideAngleCamera;MsiCamera;NewHorizonsLeisaCamera;NewHorizonsLorriCamera;NewHorizonsLorriDistortionMap;NewHorizonsMvicFrameCamera;NewHorizonsMvicFrameCameraDistortionMap;NewHorizonsMvicTdiCamera;NewHorizonsMvicTdiCameraDistortionMap;NirCamera;NirsDetectorMap;OsirisRexDistortionMap;OsirisRexOcamsCamera;OsirisRexTagcamsCamera;OsirisRexTagcamsDistortionMap;RosettaOsirisCamera;RosettaOsirisCameraDistortionMap;RosettaVirtisCamera;SsiCamera;TaylorCameraDistortionMap;TgoCassisCamera;TgoCassisDistortionMap;ThemisIrCamera;ThemisIrDistortionMap;ThemisVisCamera;ThemisVisDistortionMap;UvvisCamera;VikingCamera;VimsCamera;VimsGroundMap;VimsSkyMap;VoyagerCamera,non_gui,present,present,identical_text,,isis/src/mgs/objs/MocNarrowAngleCamera/MocNarrowAngleCamera.h,isis/src/mgs/objs/MocNarrowAngleCamera/MocNarrowAngleCamera.h
src/mission/bind_mission_cameras.cpp,MocWideAngleCamera.h,ApolloMetricCamera;ApolloMetricDistortionMap;ApolloPanoramicCamera;ApolloPanoramicDetectorMap;CTXCamera;Chandrayaan1M3Camera;Chandrayaan1M3DistortionMap;ClementineUvvisDistortionMap;ClipperNacRollingShutterCamera;ClipperPushBroomCamera;ClipperWacFcCamera;CrismCamera;DawnFcCamera;DawnFcDistortionMap;DawnVirCamera;HayabusaAmicaCamera;HayabusaNirsCamera;HiresCamera;HiriseCamera;HrscCamera;Hyb2OncCamera;Hyb2OncDistortionMap;IssNACamera;IssWACamera;JunoCamera;JunoDistortionMap;KaguyaMiCamera;KaguyaMiCameraDistortionMap;KaguyaTcCamera;KaguyaTcCameraDistortionMap;LoCameraFiducialMap;LoHighCamera;LoHighDistortionMap;LoMediumCamera;LoMediumDistortionMap;LroNarrowAngleCamera;LroWideAngleCamera;LwirCamera;MarciCamera;Mariner10Camera;MdisCamera;MexHrscSrcCamera;MiniRF;MocNarrowAngleCamera;MocWideAngleCamera;MsiCamera;NewHorizonsLeisaCamera;NewHorizonsLorriCamera;NewHorizonsLorriDistortionMap;NewHorizonsMvicFrameCamera;NewHorizonsMvicFrameCameraDistortionMap;NewHorizonsMvicTdiCamera;NewHorizonsMvicTdiCameraDistortionMap;NirCamera;NirsDetectorMap;OsirisRexDistortionMap;OsirisRexOcamsCamera;OsirisRexTagcamsCamera;OsirisRexTagcamsDistortionMap;RosettaOsirisCamera;RosettaOsirisCameraDistortionMap;RosettaVirtisCamera;SsiCamera;TaylorCameraDistortionMap;TgoCassisCamera;TgoCassisDistortionMap;ThemisIrCamera;ThemisIrDistortionMap;ThemisVisCamera;ThemisVisDistortionMap;UvvisCamera;VikingCamera;VimsCamera;VimsGroundMap;VimsSkyMap;VoyagerCamera,non_gui,present,present,identical_text,,isis/src/mgs/objs/MocWideAngleCamera/MocWideAngleCamera.h,isis/src/mgs/objs/MocWideAngleCamera/MocWideAngleCamera.h
src/mission/bind_mission_cameras.cpp,MsiCamera.h,ApolloMetricCamera;ApolloMetricDistortionMap;ApolloPanoramicCamera;ApolloPanoramicDetectorMap;CTXCamera;Chandrayaan1M3Camera;Chandrayaan1M3DistortionMap;ClementineUvvisDistortionMap;ClipperNacRollingShutterCamera;ClipperPushBroomCamera;ClipperWacFcCamera;CrismCamera;DawnFcCamera;DawnFcDistortionMap;DawnVirCamera;HayabusaAmicaCamera;HayabusaNirsCamera;HiresCamera;HiriseCamera;HrscCamera;Hyb2OncCamera;Hyb2OncDistortionMap;IssNACamera;IssWACamera;JunoCamera;JunoDistortionMap;KaguyaMiCamera;KaguyaMiCameraDistortionMap;KaguyaTcCamera;KaguyaTcCameraDistortionMap;LoCameraFiducialMap;LoHighCamera;LoHighDistortionMap;LoMediumCamera;LoMediumDistortionMap;LroNarrowAngleCamera;LroWideAngleCamera;LwirCamera;MarciCamera;Mariner10Camera;MdisCamera;MexHrscSrcCamera;MiniRF;MocNarrowAngleCamera;MocWideAngleCamera;MsiCamera;NewHorizonsLeisaCamera;NewHorizonsLorriCamera;NewHorizonsLorriDistortionMap;NewHorizonsMvicFrameCamera;NewHorizonsMvicFrameCameraDistortionMap;NewHorizonsMvicTdiCamera;NewHorizonsMvicTdiCameraDistortionMap;NirCamera;NirsDetectorMap;OsirisRexDistortionMap;OsirisRexOcamsCamera;OsirisRexTagcamsCamera;OsirisRexTagcamsDistortionMap;RosettaOsirisCamera;RosettaOsirisCameraDistortionMap;RosettaVirtisCamera;SsiCamera;TaylorCameraDistortionMap;TgoCassisCamera;TgoCassisDistortionMap;ThemisIrCamera;ThemisIrDistortionMap;ThemisVisCamera;ThemisVisDistortionMap;UvvisCamera;VikingCamera;VimsCamera;VimsGroundMap;VimsSkyMap;VoyagerCamera,non_gui,present,present,identical_text,,isis/src/near/objs/MsiCamera/MsiCamera.h,isis/src/near/objs/MsiCamera/MsiCamera.h
src/mission/bind_mission_cameras.cpp,NewHorizonsLeisaCamera.h,ApolloMetricCamera;ApolloMetricDistortionMap;ApolloPanoramicCamera;ApolloPanoramicDetectorMap;CTXCamera;Chandrayaan1M3Camera;Chandrayaan1M3DistortionMap;ClementineUvvisDistortionMap;ClipperNacRollingShutterCamera;ClipperPushBroomCamera;ClipperWacFcCamera;CrismCamera;DawnFcCamera;DawnFcDistortionMap;DawnVirCamera;HayabusaAmicaCamera;HayabusaNirsCamera;HiresCamera;HiriseCamera;HrscCamera;Hyb2OncCamera;Hyb2OncDistortionMap;IssNACamera;IssWACamera;JunoCamera;JunoDistortionMap;KaguyaMiCamera;KaguyaMiCameraDistortionMap;KaguyaTcCamera;KaguyaTcCameraDistortionMap;LoCameraFiducialMap;LoHighCamera;LoHighDistortionMap;LoMediumCamera;LoMediumDistortionMap;LroNarrowAngleCamera;LroWideAngleCamera;LwirCamera;MarciCamera;Mariner10Camera;MdisCamera;MexHrscSrcCamera;MiniRF;MocNarrowAngleCamera;MocWideAngleCamera;MsiCamera;NewHorizonsLeisaCamera;NewHorizonsLorriCamera;NewHorizonsLorriDistortionMap;NewHorizonsMvicFrameCamera;NewHorizonsMvicFrameCameraDistortionMap;NewHorizonsMvicTdiCamera;NewHorizonsMvicTdiCameraDistortionMap;NirCamera;NirsDetectorMap;OsirisRexDistortionMap;OsirisRexOcamsCamera;OsirisRexTagcamsCamera;OsirisRexTagcamsDistortionMap;RosettaOsirisCamera;RosettaOsirisCameraDistortionMap;RosettaVirtisCamera;SsiCamera;TaylorCameraDistortionMap;TgoCassisCamera;TgoCassisDistortionMap;ThemisIrCamera;ThemisIrDistortionMap;ThemisVisCamera;ThemisVisDistortionMap;UvvisCamera;VikingCamera;VimsCamera;VimsGroundMap;VimsSkyMap;VoyagerCamera,non_gui,present,present,identical_text,,isis/src/newhorizons/objs/NewHorizonsLeisaCamera/NewHorizonsLeisaCamera.h,isis/src/newhorizons/objs/NewHorizonsLeisaCamera/NewHorizonsLeisaCamera.h
src/mission/bind_mission_cameras.cpp,NewHorizonsLorriCamera.h,ApolloMetricCamera;ApolloMetricDistortionMap;ApolloPanoramicCamera;ApolloPanoramicDetectorMap;CTXCamera;Chandrayaan1M3Camera;Chandrayaan1M3DistortionMap;ClementineUvvisDistortionMap;ClipperNacRollingShutterCamera;ClipperPushBroomCamera;ClipperWacFcCamera;CrismCamera;DawnFcCamera;DawnFcDistortionMap;DawnVirCamera;HayabusaAmicaCamera;HayabusaNirsCamera;HiresCamera;HiriseCamera;HrscCamera;Hyb2OncCamera;Hyb2OncDistortionMap;IssNACamera;IssWACamera;JunoCamera;JunoDistortionMap;KaguyaMiCamera;KaguyaMiCameraDistortionMap;KaguyaTcCamera;KaguyaTcCameraDistortionMap;LoCameraFiducialMap;LoHighCamera;LoHighDistortionMap;LoMediumCamera;LoMediumDistortionMap;LroNarrowAngleCamera;LroWideAngleCamera;LwirCamera;MarciCamera;Mariner10Camera;MdisCamera;MexHrscSrcCamera;MiniRF;MocNarrowAngleCamera;MocWideAngleCamera;MsiCamera;NewHorizonsLeisaCamera;NewHorizonsLorriCamera;NewHorizonsLorriDistortionMap;NewHorizonsMvicFrameCamera;NewHorizonsMvicFrameCameraDistortionMap;NewHorizonsMvicTdiCamera;NewHorizonsMvicTdiCameraDistortionMap;NirCamera;NirsDetectorMap;OsirisRexDistortionMap;OsirisRexOcamsCamera;OsirisRexTagcamsCamera;OsirisRexTagcamsDistortionMap;RosettaOsirisCamera;RosettaOsirisCameraDistortionMap;RosettaVirtisCamera;SsiCamera;TaylorCameraDistortionMap;TgoCassisCamera;TgoCassisDistortionMap;ThemisIrCamera;ThemisIrDistortionMap;ThemisVisCamera;ThemisVisDistortionMap;UvvisCamera;VikingCamera;VimsCamera;VimsGroundMap;VimsSkyMap;VoyagerCamera,non_gui,present,present,identical_text,,isis/src/newhorizons/objs/NewHorizonsLorriCamera/NewHorizonsLorriCamera.h,isis/src/newhorizons/objs/NewHorizonsLorriCamera/NewHorizonsLorriCamera.h
src/mission/bind_mission_cameras.cpp,NewHorizonsLorriDistortionMap.h,ApolloMetricCamera;ApolloMetricDistortionMap;ApolloPanoramicCamera;ApolloPanoramicDetectorMap;CTXCamera;Chandrayaan1M3Camera;Chandrayaan1M3DistortionMap;ClementineUvvisDistortionMap;ClipperNacRollingShutterCamera;ClipperPushBroomCamera;ClipperWacFcCamera;CrismCamera;DawnFcCamera;DawnFcDistortionMap;DawnVirCamera;HayabusaAmicaCamera;HayabusaNirsCamera;HiresCamera;HiriseCamera;HrscCamera;Hyb2OncCamera;Hyb2OncDistortionMap;IssNACamera;IssWACamera;JunoCamera;JunoDistortionMap;KaguyaMiCamera;KaguyaMiCameraDistortionMap;KaguyaTcCamera;KaguyaTcCameraDistortionMap;LoCameraFiducialMap;LoHighCamera;LoHighDistortionMap;LoMediumCamera;LoMediumDistortionMap;LroNarrowAngleCamera;LroWideAngleCamera;LwirCamera;MarciCamera;Mariner10Camera;MdisCamera;MexHrscSrcCamera;MiniRF;MocNarrowAngleCamera;MocWideAngleCamera;MsiCamera;NewHorizonsLeisaCamera;NewHorizonsLorriCamera;NewHorizonsLorriDistortionMap;NewHorizonsMvicFrameCamera;NewHorizonsMvicFrameCameraDistortionMap;NewHorizonsMvicTdiCamera;NewHorizonsMvicTdiCameraDistortionMap;NirCamera;NirsDetectorMap;OsirisRexDistortionMap;OsirisRexOcamsCamera;OsirisRexTagcamsCamera;OsirisRexTagcamsDistortionMap;RosettaOsirisCamera;RosettaOsirisCameraDistortionMap;RosettaVirtisCamera;SsiCamera;TaylorCameraDistortionMap;TgoCassisCamera;TgoCassisDistortionMap;ThemisIrCamera;ThemisIrDistortionMap;ThemisVisCamera;ThemisVisDistortionMap;UvvisCamera;VikingCamera;VimsCamera;VimsGroundMap;VimsSkyMap;VoyagerCamera,non_gui,present,present,identical_text,,isis/src/newhorizons/objs/NewHorizonsLorriCamera/NewHorizonsLorriDistortionMap.h,isis/src/newhorizons/objs/NewHorizonsLorriCamera/NewHorizonsLorriDistortionMap.h
src/mission/bind_mission_cameras.cpp,NewHorizonsMvicFrameCamera.h,ApolloMetricCamera;ApolloMetricDistortionMap;ApolloPanoramicCamera;ApolloPanoramicDetectorMap;CTXCamera;Chandrayaan1M3Camera;Chandrayaan1M3DistortionMap;ClementineUvvisDistortionMap;ClipperNacRollingShutterCamera;ClipperPushBroomCamera;ClipperWacFcCamera;CrismCamera;DawnFcCamera;DawnFcDistortionMap;DawnVirCamera;HayabusaAmicaCamera;HayabusaNirsCamera;HiresCamera;HiriseCamera;HrscCamera;Hyb2OncCamera;Hyb2OncDistortionMap;IssNACamera;IssWACamera;JunoCamera;JunoDistortionMap;KaguyaMiCamera;KaguyaMiCameraDistortionMap;KaguyaTcCamera;KaguyaTcCameraDistortionMap;LoCameraFiducialMap;LoHighCamera;LoHighDistortionMap;LoMediumCamera;LoMediumDistortionMap;LroNarrowAngleCamera;LroWideAngleCamera;LwirCamera;MarciCamera;Mariner10Camera;MdisCamera;MexHrscSrcCamera;MiniRF;MocNarrowAngleCamera;MocWideAngleCamera;MsiCamera;NewHorizonsLeisaCamera;NewHorizonsLorriCamera;NewHorizonsLorriDistortionMap;NewHorizonsMvicFrameCamera;NewHorizonsMvicFrameCameraDistortionMap;NewHorizonsMvicTdiCamera;NewHorizonsMvicTdiCameraDistortionMap;NirCamera;NirsDetectorMap;OsirisRexDistortionMap;OsirisRexOcamsCamera;OsirisRexTagcamsCamera;OsirisRexTagcamsDistortionMap;RosettaOsirisCamera;RosettaOsirisCameraDistortionMap;RosettaVirtisCamera;SsiCamera;TaylorCameraDistortionMap;TgoCassisCamera;TgoCassisDistortionMap;ThemisIrCamera;ThemisIrDistortionMap;ThemisVisCamera;ThemisVisDistortionMap;UvvisCamera;VikingCamera;VimsCamera;VimsGroundMap;VimsSkyMap;VoyagerCamera,non_gui,present,present,identical_text,,isis/src/newhorizons/objs/NewHorizonsMvicFrameCamera/NewHorizonsMvicFrameCamera.h,isis/src/newhorizons/objs/NewHorizonsMvicFrameCamera/NewHorizonsMvicFrameCamera.h
src/mission/bind_mission_cameras.cpp,NewHorizonsMvicFrameCameraDistortionMap.h,ApolloMetricCamera;ApolloMetricDistortionMap;ApolloPanoramicCamera;ApolloPanoramicDetectorMap;CTXCamera;Chandrayaan1M3Camera;Chandrayaan1M3DistortionMap;ClementineUvvisDistortionMap;ClipperNacRollingShutterCamera;ClipperPushBroomCamera;ClipperWacFcCamera;CrismCamera;DawnFcCamera;DawnFcDistortionMap;DawnVirCamera;HayabusaAmicaCamera;HayabusaNirsCamera;HiresCamera;HiriseCamera;HrscCamera;Hyb2OncCamera;Hyb2OncDistortionMap;IssNACamera;IssWACamera;JunoCamera;JunoDistortionMap;KaguyaMiCamera;KaguyaMiCameraDistortionMap;KaguyaTcCamera;KaguyaTcCameraDistortionMap;LoCameraFiducialMap;LoHighCamera;LoHighDistortionMap;LoMediumCamera;LoMediumDistortionMap;LroNarrowAngleCamera;LroWideAngleCamera;LwirCamera;MarciCamera;Mariner10Camera;MdisCamera;MexHrscSrcCamera;MiniRF;MocNarrowAngleCamera;MocWideAngleCamera;MsiCamera;NewHorizonsLeisaCamera;NewHorizonsLorriCamera;NewHorizonsLorriDistortionMap;NewHorizonsMvicFrameCamera;NewHorizonsMvicFrameCameraDistortionMap;NewHorizonsMvicTdiCamera;NewHorizonsMvicTdiCameraDistortionMap;NirCamera;NirsDetectorMap;OsirisRexDistortionMap;OsirisRexOcamsCamera;OsirisRexTagcamsCamera;OsirisRexTagcamsDistortionMap;RosettaOsirisCamera;RosettaOsirisCameraDistortionMap;RosettaVirtisCamera;SsiCamera;TaylorCameraDistortionMap;TgoCassisCamera;TgoCassisDistortionMap;ThemisIrCamera;ThemisIrDistortionMap;ThemisVisCamera;ThemisVisDistortionMap;UvvisCamera;VikingCamera;VimsCamera;VimsGroundMap;VimsSkyMap;VoyagerCamera,non_gui,present,present,identical_text,,isis/src/newhorizons/objs/NewHorizonsMvicFrameCamera/NewHorizonsMvicFrameCameraDistortionMap.h,isis/src/newhorizons/objs/NewHorizonsMvicFrameCamera/NewHorizonsMvicFrameCameraDistortionMap.h
src/mission/bind_mission_cameras.cpp,NewHorizonsMvicTdiCamera.h,ApolloMetricCamera;ApolloMetricDistortionMap;ApolloPanoramicCamera;ApolloPanoramicDetectorMap;CTXCamera;Chandrayaan1M3Camera;Chandrayaan1M3DistortionMap;ClementineUvvisDistortionMap;ClipperNacRollingShutterCamera;ClipperPushBroomCamera;ClipperWacFcCamera;CrismCamera;DawnFcCamera;DawnFcDistortionMap;DawnVirCamera;HayabusaAmicaCamera;HayabusaNirsCamera;HiresCamera;HiriseCamera;HrscCamera;Hyb2OncCamera;Hyb2OncDistortionMap;IssNACamera;IssWACamera;JunoCamera;JunoDistortionMap;KaguyaMiCamera;KaguyaMiCameraDistortionMap;KaguyaTcCamera;KaguyaTcCameraDistortionMap;LoCameraFiducialMap;LoHighCamera;LoHighDistortionMap;LoMediumCamera;LoMediumDistortionMap;LroNarrowAngleCamera;LroWideAngleCamera;LwirCamera;MarciCamera;Mariner10Camera;MdisCamera;MexHrscSrcCamera;MiniRF;MocNarrowAngleCamera;MocWideAngleCamera;MsiCamera;NewHorizonsLeisaCamera;NewHorizonsLorriCamera;NewHorizonsLorriDistortionMap;NewHorizonsMvicFrameCamera;NewHorizonsMvicFrameCameraDistortionMap;NewHorizonsMvicTdiCamera;NewHorizonsMvicTdiCameraDistortionMap;NirCamera;NirsDetectorMap;OsirisRexDistortionMap;OsirisRexOcamsCamera;OsirisRexTagcamsCamera;OsirisRexTagcamsDistortionMap;RosettaOsirisCamera;RosettaOsirisCameraDistortionMap;RosettaVirtisCamera;SsiCamera;TaylorCameraDistortionMap;TgoCassisCamera;TgoCassisDistortionMap;ThemisIrCamera;ThemisIrDistortionMap;ThemisVisCamera;ThemisVisDistortionMap;UvvisCamera;VikingCamera;VimsCamera;VimsGroundMap;VimsSkyMap;VoyagerCamera,non_gui,present,present,identical_text,,isis/src/newhorizons/objs/NewHorizonsMvicTdiCamera/NewHorizonsMvicTdiCamera.h,isis/src/newhorizons/objs/NewHorizonsMvicTdiCamera/NewHorizonsMvicTdiCamera.h
src/mission/bind_mission_cameras.cpp,NewHorizonsMvicTdiCameraDistortionMap.h,ApolloMetricCamera;ApolloMetricDistortionMap;ApolloPanoramicCamera;ApolloPanoramicDetectorMap;CTXCamera;Chandrayaan1M3Camera;Chandrayaan1M3DistortionMap;ClementineUvvisDistortionMap;ClipperNacRollingShutterCamera;ClipperPushBroomCamera;ClipperWacFcCamera;CrismCamera;DawnFcCamera;DawnFcDistortionMap;DawnVirCamera;HayabusaAmicaCamera;HayabusaNirsCamera;HiresCamera;HiriseCamera;HrscCamera;Hyb2OncCamera;Hyb2OncDistortionMap;IssNACamera;IssWACamera;JunoCamera;JunoDistortionMap;KaguyaMiCamera;KaguyaMiCameraDistortionMap;KaguyaTcCamera;KaguyaTcCameraDistortionMap;LoCameraFiducialMap;LoHighCamera;LoHighDistortionMap;LoMediumCamera;LoMediumDistortionMap;LroNarrowAngleCamera;LroWideAngleCamera;LwirCamera;MarciCamera;Mariner10Camera;MdisCamera;MexHrscSrcCamera;MiniRF;MocNarrowAngleCamera;MocWideAngleCamera;MsiCamera;NewHorizonsLeisaCamera;NewHorizonsLorriCamera;NewHorizonsLorriDistortionMap;NewHorizonsMvicFrameCamera;NewHorizonsMvicFrameCameraDistortionMap;NewHorizonsMvicTdiCamera;NewHorizonsMvicTdiCameraDistortionMap;NirCamera;NirsDetectorMap;OsirisRexDistortionMap;OsirisRexOcamsCamera;OsirisRexTagcamsCamera;OsirisRexTagcamsDistortionMap;RosettaOsirisCamera;RosettaOsirisCameraDistortionMap;RosettaVirtisCamera;SsiCamera;TaylorCameraDistortionMap;TgoCassisCamera;TgoCassisDistortionMap;ThemisIrCamera;ThemisIrDistortionMap;ThemisVisCamera;ThemisVisDistortionMap;UvvisCamera;VikingCamera;VimsCamera;VimsGroundMap;VimsSkyMap;VoyagerCamera,non_gui,present,present,identical_text,,isis/src/newhorizons/objs/NewHorizonsMvicTdiCamera/NewHorizonsMvicTdiCameraDistortionMap.h,isis/src/newhorizons/objs/NewHorizonsMvicTdiCamera/NewHorizonsMvicTdiCameraDistortionMap.h
src/mission/bind_mission_cameras.cpp,NirCamera.h,ApolloMetricCamera;ApolloMetricDistortionMap;ApolloPanoramicCamera;ApolloPanoramicDetectorMap;CTXCamera;Chandrayaan1M3Camera;Chandrayaan1M3DistortionMap;ClementineUvvisDistortionMap;ClipperNacRollingShutterCamera;ClipperPushBroomCamera;ClipperWacFcCamera;CrismCamera;DawnFcCamera;DawnFcDistortionMap;DawnVirCamera;HayabusaAmicaCamera;HayabusaNirsCamera;HiresCamera;HiriseCamera;HrscCamera;Hyb2OncCamera;Hyb2OncDistortionMap;IssNACamera;IssWACamera;JunoCamera;JunoDistortionMap;KaguyaMiCamera;KaguyaMiCameraDistortionMap;KaguyaTcCamera;KaguyaTcCameraDistortionMap;LoCameraFiducialMap;LoHighCamera;LoHighDistortionMap;LoMediumCamera;LoMediumDistortionMap;LroNarrowAngleCamera;LroWideAngleCamera;LwirCamera;MarciCamera;Mariner10Camera;MdisCamera;MexHrscSrcCamera;MiniRF;MocNarrowAngleCamera;MocWideAngleCamera;MsiCamera;NewHorizonsLeisaCamera;NewHorizonsLorriCamera;NewHorizonsLorriDistortionMap;NewHorizonsMvicFrameCamera;NewHorizonsMvicFrameCameraDistortionMap;NewHorizonsMvicTdiCamera;NewHorizonsMvicTdiCameraDistortionMap;NirCamera;NirsDetectorMap;OsirisRexDistortionMap;OsirisRexOcamsCamera;OsirisRexTagcamsCamera;OsirisRexTagcamsDistortionMap;RosettaOsirisCamera;RosettaOsirisCameraDistortionMap;RosettaVirtisCamera;SsiCamera;TaylorCameraDistortionMap;TgoCassisCamera;TgoCassisDistortionMap;ThemisIrCamera;ThemisIrDistortionMap;ThemisVisCamera;ThemisVisDistortionMap;UvvisCamera;VikingCamera;VimsCamera;VimsGroundMap;VimsSkyMap;VoyagerCamera,non_gui,present,present,identical_text,,isis/src/clementine/objs/NirCamera/NirCamera.h,isis/src/clementine/objs/NirCamera/NirCamera.h
src/mission/bind_mission_cameras.cpp,NirsDetectorMap.h,ApolloMetricCamera;ApolloMetricDistortionMap;ApolloPanoramicCamera;ApolloPanoramicDetectorMap;CTXCamera;Chandrayaan1M3Camera;Chandrayaan1M3DistortionMap;ClementineUvvisDistortionMap;ClipperNacRollingShutterCamera;ClipperPushBroomCamera;ClipperWacFcCamera;CrismCamera;DawnFcCamera;DawnFcDistortionMap;DawnVirCamera;HayabusaAmicaCamera;HayabusaNirsCamera;HiresCamera;HiriseCamera;HrscCamera;Hyb2OncCamera;Hyb2OncDistortionMap;IssNACamera;IssWACamera;JunoCamera;JunoDistortionMap;KaguyaMiCamera;KaguyaMiCameraDistortionMap;KaguyaTcCamera;KaguyaTcCameraDistortionMap;LoCameraFiducialMap;LoHighCamera;LoHighDistortionMap;LoMediumCamera;LoMediumDistortionMap;LroNarrowAngleCamera;LroWideAngleCamera;LwirCamera;MarciCamera;Mariner10Camera;MdisCamera;MexHrscSrcCamera;MiniRF;MocNarrowAngleCamera;MocWideAngleCamera;MsiCamera;NewHorizonsLeisaCamera;NewHorizonsLorriCamera;NewHorizonsLorriDistortionMap;NewHorizonsMvicFrameCamera;NewHorizonsMvicFrameCameraDistortionMap;NewHorizonsMvicTdiCamera;NewHorizonsMvicTdiCameraDistortionMap;NirCamera;NirsDetectorMap;OsirisRexDistortionMap;OsirisRexOcamsCamera;OsirisRexTagcamsCamera;OsirisRexTagcamsDistortionMap;RosettaOsirisCamera;RosettaOsirisCameraDistortionMap;RosettaVirtisCamera;SsiCamera;TaylorCameraDistortionMap;TgoCassisCamera;TgoCassisDistortionMap;ThemisIrCamera;ThemisIrDistortionMap;ThemisVisCamera;ThemisVisDistortionMap;UvvisCamera;VikingCamera;VimsCamera;VimsGroundMap;VimsSkyMap;VoyagerCamera,non_gui,present,present,identical_text,,isis/src/hayabusa/objs/HayabusaNirsCamera/NirsDetectorMap.h,isis/src/hayabusa/objs/HayabusaNirsCamera/NirsDetectorMap.h
src/mission/bind_mission_cameras.cpp,OsirisRexDistortionMap.h,ApolloMetricCamera;ApolloMetricDistortionMap;ApolloPanoramicCamera;ApolloPanoramicDetectorMap;CTXCamera;Chandrayaan1M3Camera;Chandrayaan1M3DistortionMap;ClementineUvvisDistortionMap;ClipperNacRollingShutterCamera;ClipperPushBroomCamera;ClipperWacFcCamera;CrismCamera;DawnFcCamera;DawnFcDistortionMap;DawnVirCamera;HayabusaAmicaCamera;HayabusaNirsCamera;HiresCamera;HiriseCamera;HrscCamera;Hyb2OncCamera;Hyb2OncDistortionMap;IssNACamera;IssWACamera;JunoCamera;JunoDistortionMap;KaguyaMiCamera;KaguyaMiCameraDistortionMap;KaguyaTcCamera;KaguyaTcCameraDistortionMap;LoCameraFiducialMap;LoHighCamera;LoHighDistortionMap;LoMediumCamera;LoMediumDistortionMap;LroNarrowAngleCamera;LroWideAngleCamera;LwirCamera;MarciCamera;Mariner10Camera;MdisCamera;MexHrscSrcCamera;MiniRF;MocNarrowAngleCamera;MocWideAngleCamera;MsiCamera;NewHorizonsLeisaCamera;NewHorizonsLorriCamera;NewHorizonsLorriDistortionMap;NewHorizonsMvicFrameCamera;NewHorizonsMvicFrameCameraDistortionMap;NewHorizonsMvicTdiCamera;NewHorizonsMvicTdiCameraDistortionMap;NirCamera;NirsDetectorMap;OsirisRexDistortionMap;OsirisRexOcamsCamera;OsirisRexTagcamsCamera;OsirisRexTagcamsDistortionMap;RosettaOsirisCamera;RosettaOsirisCameraDistortionMap;RosettaVirtisCamera;SsiCamera;TaylorCameraDistortionMap;TgoCassisCamera;TgoCassisDistortionMap;ThemisIrCamera;ThemisIrDistortionMap;ThemisVisCamera;ThemisVisDistortionMap;UvvisCamera;VikingCamera;VimsCamera;VimsGroundMap;VimsSkyMap;VoyagerCamera,non_gui,present,present,changed_review_required,,isis/src/osirisrex/objs/OsirisRexOcamsCamera/OsirisRexDistortionMap.h,isis/src/osirisrex/objs/OsirisRexOcamsCamera/OsirisRexDistortionMap.h
src/mission/bind_mission_cameras.cpp,OsirisRexOcamsCamera.h,ApolloMetricCamera;ApolloMetricDistortionMap;ApolloPanoramicCamera;ApolloPanoramicDetectorMap;CTXCamera;Chandrayaan1M3Camera;Chandrayaan1M3DistortionMap;ClementineUvvisDistortionMap;ClipperNacRollingShutterCamera;ClipperPushBroomCamera;ClipperWacFcCamera;CrismCamera;DawnFcCamera;DawnFcDistortionMap;DawnVirCamera;HayabusaAmicaCamera;HayabusaNirsCamera;HiresCamera;HiriseCamera;HrscCamera;Hyb2OncCamera;Hyb2OncDistortionMap;IssNACamera;IssWACamera;JunoCamera;JunoDistortionMap;KaguyaMiCamera;KaguyaMiCameraDistortionMap;KaguyaTcCamera;KaguyaTcCameraDistortionMap;LoCameraFiducialMap;LoHighCamera;LoHighDistortionMap;LoMediumCamera;LoMediumDistortionMap;LroNarrowAngleCamera;LroWideAngleCamera;LwirCamera;MarciCamera;Mariner10Camera;MdisCamera;MexHrscSrcCamera;MiniRF;MocNarrowAngleCamera;MocWideAngleCamera;MsiCamera;NewHorizonsLeisaCamera;NewHorizonsLorriCamera;NewHorizonsLorriDistortionMap;NewHorizonsMvicFrameCamera;NewHorizonsMvicFrameCameraDistortionMap;NewHorizonsMvicTdiCamera;NewHorizonsMvicTdiCameraDistortionMap;NirCamera;NirsDetectorMap;OsirisRexDistortionMap;OsirisRexOcamsCamera;OsirisRexTagcamsCamera;OsirisRexTagcamsDistortionMap;RosettaOsirisCamera;RosettaOsirisCameraDistortionMap;RosettaVirtisCamera;SsiCamera;TaylorCameraDistortionMap;TgoCassisCamera;TgoCassisDistortionMap;ThemisIrCamera;ThemisIrDistortionMap;ThemisVisCamera;ThemisVisDistortionMap;UvvisCamera;VikingCamera;VimsCamera;VimsGroundMap;VimsSkyMap;VoyagerCamera,non_gui,present,present,changed_review_required,,isis/src/osirisrex/objs/OsirisRexOcamsCamera/OsirisRexOcamsCamera.h,isis/src/osirisrex/objs/OsirisRexOcamsCamera/OsirisRexOcamsCamera.h
src/mission/bind_mission_cameras.cpp,OsirisRexTagcamsCamera.h,ApolloMetricCamera;ApolloMetricDistortionMap;ApolloPanoramicCamera;ApolloPanoramicDetectorMap;CTXCamera;Chandrayaan1M3Camera;Chandrayaan1M3DistortionMap;ClementineUvvisDistortionMap;ClipperNacRollingShutterCamera;ClipperPushBroomCamera;ClipperWacFcCamera;CrismCamera;DawnFcCamera;DawnFcDistortionMap;DawnVirCamera;HayabusaAmicaCamera;HayabusaNirsCamera;HiresCamera;HiriseCamera;HrscCamera;Hyb2OncCamera;Hyb2OncDistortionMap;IssNACamera;IssWACamera;JunoCamera;JunoDistortionMap;KaguyaMiCamera;KaguyaMiCameraDistortionMap;KaguyaTcCamera;KaguyaTcCameraDistortionMap;LoCameraFiducialMap;LoHighCamera;LoHighDistortionMap;LoMediumCamera;LoMediumDistortionMap;LroNarrowAngleCamera;LroWideAngleCamera;LwirCamera;MarciCamera;Mariner10Camera;MdisCamera;MexHrscSrcCamera;MiniRF;MocNarrowAngleCamera;MocWideAngleCamera;MsiCamera;NewHorizonsLeisaCamera;NewHorizonsLorriCamera;NewHorizonsLorriDistortionMap;NewHorizonsMvicFrameCamera;NewHorizonsMvicFrameCameraDistortionMap;NewHorizonsMvicTdiCamera;NewHorizonsMvicTdiCameraDistortionMap;NirCamera;NirsDetectorMap;OsirisRexDistortionMap;OsirisRexOcamsCamera;OsirisRexTagcamsCamera;OsirisRexTagcamsDistortionMap;RosettaOsirisCamera;RosettaOsirisCameraDistortionMap;RosettaVirtisCamera;SsiCamera;TaylorCameraDistortionMap;TgoCassisCamera;TgoCassisDistortionMap;ThemisIrCamera;ThemisIrDistortionMap;ThemisVisCamera;ThemisVisDistortionMap;UvvisCamera;VikingCamera;VimsCamera;VimsGroundMap;VimsSkyMap;VoyagerCamera,non_gui,present,present,identical_text,,isis/src/osirisrex/objs/OsirisRexTagcamsCamera/OsirisRexTagcamsCamera.h,isis/src/osirisrex/objs/OsirisRexTagcamsCamera/OsirisRexTagcamsCamera.h
src/mission/bind_mission_cameras.cpp,OsirisRexTagcamsDistortionMap.h,ApolloMetricCamera;ApolloMetricDistortionMap;ApolloPanoramicCamera;ApolloPanoramicDetectorMap;CTXCamera;Chandrayaan1M3Camera;Chandrayaan1M3DistortionMap;ClementineUvvisDistortionMap;ClipperNacRollingShutterCamera;ClipperPushBroomCamera;ClipperWacFcCamera;CrismCamera;DawnFcCamera;DawnFcDistortionMap;DawnVirCamera;HayabusaAmicaCamera;HayabusaNirsCamera;HiresCamera;HiriseCamera;HrscCamera;Hyb2OncCamera;Hyb2OncDistortionMap;IssNACamera;IssWACamera;JunoCamera;JunoDistortionMap;KaguyaMiCamera;KaguyaMiCameraDistortionMap;KaguyaTcCamera;KaguyaTcCameraDistortionMap;LoCameraFiducialMap;LoHighCamera;LoHighDistortionMap;LoMediumCamera;LoMediumDistortionMap;LroNarrowAngleCamera;LroWideAngleCamera;LwirCamera;MarciCamera;Mariner10Camera;MdisCamera;MexHrscSrcCamera;MiniRF;MocNarrowAngleCamera;MocWideAngleCamera;MsiCamera;NewHorizonsLeisaCamera;NewHorizonsLorriCamera;NewHorizonsLorriDistortionMap;NewHorizonsMvicFrameCamera;NewHorizonsMvicFrameCameraDistortionMap;NewHorizonsMvicTdiCamera;NewHorizonsMvicTdiCameraDistortionMap;NirCamera;NirsDetectorMap;OsirisRexDistortionMap;OsirisRexOcamsCamera;OsirisRexTagcamsCamera;OsirisRexTagcamsDistortionMap;RosettaOsirisCamera;RosettaOsirisCameraDistortionMap;RosettaVirtisCamera;SsiCamera;TaylorCameraDistortionMap;TgoCassisCamera;TgoCassisDistortionMap;ThemisIrCamera;ThemisIrDistortionMap;ThemisVisCamera;ThemisVisDistortionMap;UvvisCamera;VikingCamera;VimsCamera;VimsGroundMap;VimsSkyMap;VoyagerCamera,non_gui,present,present,identical_text,,isis/src/osirisrex/objs/OsirisRexTagcamsCamera/OsirisRexTagcamsDistortionMap.h,isis/src/osirisrex/objs/OsirisRexTagcamsCamera/OsirisRexTagcamsDistortionMap.h
src/mission/bind_mission_cameras.cpp,PushFrameCamera.h,ApolloMetricCamera;ApolloMetricDistortionMap;ApolloPanoramicCamera;ApolloPanoramicDetectorMap;CTXCamera;Chandrayaan1M3Camera;Chandrayaan1M3DistortionMap;ClementineUvvisDistortionMap;ClipperNacRollingShutterCamera;ClipperPushBroomCamera;ClipperWacFcCamera;CrismCamera;DawnFcCamera;DawnFcDistortionMap;DawnVirCamera;HayabusaAmicaCamera;HayabusaNirsCamera;HiresCamera;HiriseCamera;HrscCamera;Hyb2OncCamera;Hyb2OncDistortionMap;IssNACamera;IssWACamera;JunoCamera;JunoDistortionMap;KaguyaMiCamera;KaguyaMiCameraDistortionMap;KaguyaTcCamera;KaguyaTcCameraDistortionMap;LoCameraFiducialMap;LoHighCamera;LoHighDistortionMap;LoMediumCamera;LoMediumDistortionMap;LroNarrowAngleCamera;LroWideAngleCamera;LwirCamera;MarciCamera;Mariner10Camera;MdisCamera;MexHrscSrcCamera;MiniRF;MocNarrowAngleCamera;MocWideAngleCamera;MsiCamera;NewHorizonsLeisaCamera;NewHorizonsLorriCamera;NewHorizonsLorriDistortionMap;NewHorizonsMvicFrameCamera;NewHorizonsMvicFrameCameraDistortionMap;NewHorizonsMvicTdiCamera;NewHorizonsMvicTdiCameraDistortionMap;NirCamera;NirsDetectorMap;OsirisRexDistortionMap;OsirisRexOcamsCamera;OsirisRexTagcamsCamera;OsirisRexTagcamsDistortionMap;RosettaOsirisCamera;RosettaOsirisCameraDistortionMap;RosettaVirtisCamera;SsiCamera;TaylorCameraDistortionMap;TgoCassisCamera;TgoCassisDistortionMap;ThemisIrCamera;ThemisIrDistortionMap;ThemisVisCamera;ThemisVisDistortionMap;UvvisCamera;VikingCamera;VimsCamera;VimsGroundMap;VimsSkyMap;VoyagerCamera,non_gui,present,present,identical_text,,isis/src/base/objs/PushFrameCamera/PushFrameCamera.h,isis/src/base/objs/PushFrameCamera/PushFrameCamera.h
src/mission/bind_mission_cameras.cpp,Pvl.h,ApolloMetricCamera;ApolloMetricDistortionMap;ApolloPanoramicCamera;ApolloPanoramicDetectorMap;CTXCamera;Chandrayaan1M3Camera;Chandrayaan1M3DistortionMap;ClementineUvvisDistortionMap;ClipperNacRollingShutterCamera;ClipperPushBroomCamera;ClipperWacFcCamera;CrismCamera;DawnFcCamera;DawnFcDistortionMap;DawnVirCamera;HayabusaAmicaCamera;HayabusaNirsCamera;HiresCamera;HiriseCamera;HrscCamera;Hyb2OncCamera;Hyb2OncDistortionMap;IssNACamera;IssWACamera;JunoCamera;JunoDistortionMap;KaguyaMiCamera;KaguyaMiCameraDistortionMap;KaguyaTcCamera;KaguyaTcCameraDistortionMap;LoCameraFiducialMap;LoHighCamera;LoHighDistortionMap;LoMediumCamera;LoMediumDistortionMap;LroNarrowAngleCamera;LroWideAngleCamera;LwirCamera;MarciCamera;Mariner10Camera;MdisCamera;MexHrscSrcCamera;MiniRF;MocNarrowAngleCamera;MocWideAngleCamera;MsiCamera;NewHorizonsLeisaCamera;NewHorizonsLorriCamera;NewHorizonsLorriDistortionMap;NewHorizonsMvicFrameCamera;NewHorizonsMvicFrameCameraDistortionMap;NewHorizonsMvicTdiCamera;NewHorizonsMvicTdiCameraDistortionMap;NirCamera;NirsDetectorMap;OsirisRexDistortionMap;OsirisRexOcamsCamera;OsirisRexTagcamsCamera;OsirisRexTagcamsDistortionMap;RosettaOsirisCamera;RosettaOsirisCameraDistortionMap;RosettaVirtisCamera;SsiCamera;TaylorCameraDistortionMap;TgoCassisCamera;TgoCassisDistortionMap;ThemisIrCamera;ThemisIrDistortionMap;ThemisVisCamera;ThemisVisDistortionMap;UvvisCamera;VikingCamera;VimsCamera;VimsGroundMap;VimsSkyMap;VoyagerCamera,non_gui,present,present,changed_review_required,,isis/src/base/objs/Pvl/Pvl.h,isis/src/core/include/Pvl.h
src/mission/bind_mission_cameras.cpp,PvlGroup.h,ApolloMetricCamera;ApolloMetricDistortionMap;ApolloPanoramicCamera;ApolloPanoramicDetectorMap;CTXCamera;Chandrayaan1M3Camera;Chandrayaan1M3DistortionMap;ClementineUvvisDistortionMap;ClipperNacRollingShutterCamera;ClipperPushBroomCamera;ClipperWacFcCamera;CrismCamera;DawnFcCamera;DawnFcDistortionMap;DawnVirCamera;HayabusaAmicaCamera;HayabusaNirsCamera;HiresCamera;HiriseCamera;HrscCamera;Hyb2OncCamera;Hyb2OncDistortionMap;IssNACamera;IssWACamera;JunoCamera;JunoDistortionMap;KaguyaMiCamera;KaguyaMiCameraDistortionMap;KaguyaTcCamera;KaguyaTcCameraDistortionMap;LoCameraFiducialMap;LoHighCamera;LoHighDistortionMap;LoMediumCamera;LoMediumDistortionMap;LroNarrowAngleCamera;LroWideAngleCamera;LwirCamera;MarciCamera;Mariner10Camera;MdisCamera;MexHrscSrcCamera;MiniRF;MocNarrowAngleCamera;MocWideAngleCamera;MsiCamera;NewHorizonsLeisaCamera;NewHorizonsLorriCamera;NewHorizonsLorriDistortionMap;NewHorizonsMvicFrameCamera;NewHorizonsMvicFrameCameraDistortionMap;NewHorizonsMvicTdiCamera;NewHorizonsMvicTdiCameraDistortionMap;NirCamera;NirsDetectorMap;OsirisRexDistortionMap;OsirisRexOcamsCamera;OsirisRexTagcamsCamera;OsirisRexTagcamsDistortionMap;RosettaOsirisCamera;RosettaOsirisCameraDistortionMap;RosettaVirtisCamera;SsiCamera;TaylorCameraDistortionMap;TgoCassisCamera;TgoCassisDistortionMap;ThemisIrCamera;ThemisIrDistortionMap;ThemisVisCamera;ThemisVisDistortionMap;UvvisCamera;VikingCamera;VimsCamera;VimsGroundMap;VimsSkyMap;VoyagerCamera,non_gui,present,present,identical_text,,isis/src/base/objs/PvlGroup/PvlGroup.h,isis/src/core/include/PvlGroup.h
src/mission/bind_mission_cameras.cpp,RadarCamera.h,ApolloMetricCamera;ApolloMetricDistortionMap;ApolloPanoramicCamera;ApolloPanoramicDetectorMap;CTXCamera;Chandrayaan1M3Camera;Chandrayaan1M3DistortionMap;ClementineUvvisDistortionMap;ClipperNacRollingShutterCamera;ClipperPushBroomCamera;ClipperWacFcCamera;CrismCamera;DawnFcCamera;DawnFcDistortionMap;DawnVirCamera;HayabusaAmicaCamera;HayabusaNirsCamera;HiresCamera;HiriseCamera;HrscCamera;Hyb2OncCamera;Hyb2OncDistortionMap;IssNACamera;IssWACamera;JunoCamera;JunoDistortionMap;KaguyaMiCamera;KaguyaMiCameraDistortionMap;KaguyaTcCamera;KaguyaTcCameraDistortionMap;LoCameraFiducialMap;LoHighCamera;LoHighDistortionMap;LoMediumCamera;LoMediumDistortionMap;LroNarrowAngleCamera;LroWideAngleCamera;LwirCamera;MarciCamera;Mariner10Camera;MdisCamera;MexHrscSrcCamera;MiniRF;MocNarrowAngleCamera;MocWideAngleCamera;MsiCamera;NewHorizonsLeisaCamera;NewHorizonsLorriCamera;NewHorizonsLorriDistortionMap;NewHorizonsMvicFrameCamera;NewHorizonsMvicFrameCameraDistortionMap;NewHorizonsMvicTdiCamera;NewHorizonsMvicTdiCameraDistortionMap;NirCamera;NirsDetectorMap;OsirisRexDistortionMap;OsirisRexOcamsCamera;OsirisRexTagcamsCamera;OsirisRexTagcamsDistortionMap;RosettaOsirisCamera;RosettaOsirisCameraDistortionMap;RosettaVirtisCamera;SsiCamera;TaylorCameraDistortionMap;TgoCassisCamera;TgoCassisDistortionMap;ThemisIrCamera;ThemisIrDistortionMap;ThemisVisCamera;ThemisVisDistortionMap;UvvisCamera;VikingCamera;VimsCamera;VimsGroundMap;VimsSkyMap;VoyagerCamera,non_gui,present,present,identical_text,,isis/src/base/objs/RadarCamera/RadarCamera.h,isis/src/base/objs/RadarCamera/RadarCamera.h
src/mission/bind_mission_cameras.cpp,RollingShutterCamera.h,ApolloMetricCamera;ApolloMetricDistortionMap;ApolloPanoramicCamera;ApolloPanoramicDetectorMap;CTXCamera;Chandrayaan1M3Camera;Chandrayaan1M3DistortionMap;ClementineUvvisDistortionMap;ClipperNacRollingShutterCamera;ClipperPushBroomCamera;ClipperWacFcCamera;CrismCamera;DawnFcCamera;DawnFcDistortionMap;DawnVirCamera;HayabusaAmicaCamera;HayabusaNirsCamera;HiresCamera;HiriseCamera;HrscCamera;Hyb2OncCamera;Hyb2OncDistortionMap;IssNACamera;IssWACamera;JunoCamera;JunoDistortionMap;KaguyaMiCamera;KaguyaMiCameraDistortionMap;KaguyaTcCamera;KaguyaTcCameraDistortionMap;LoCameraFiducialMap;LoHighCamera;LoHighDistortionMap;LoMediumCamera;LoMediumDistortionMap;LroNarrowAngleCamera;LroWideAngleCamera;LwirCamera;MarciCamera;Mariner10Camera;MdisCamera;MexHrscSrcCamera;MiniRF;MocNarrowAngleCamera;MocWideAngleCamera;MsiCamera;NewHorizonsLeisaCamera;NewHorizonsLorriCamera;NewHorizonsLorriDistortionMap;NewHorizonsMvicFrameCamera;NewHorizonsMvicFrameCameraDistortionMap;NewHorizonsMvicTdiCamera;NewHorizonsMvicTdiCameraDistortionMap;NirCamera;NirsDetectorMap;OsirisRexDistortionMap;OsirisRexOcamsCamera;OsirisRexTagcamsCamera;OsirisRexTagcamsDistortionMap;RosettaOsirisCamera;RosettaOsirisCameraDistortionMap;RosettaVirtisCamera;SsiCamera;TaylorCameraDistortionMap;TgoCassisCamera;TgoCassisDistortionMap;ThemisIrCamera;ThemisIrDistortionMap;ThemisVisCamera;ThemisVisDistortionMap;UvvisCamera;VikingCamera;VimsCamera;VimsGroundMap;VimsSkyMap;VoyagerCamera,non_gui,present,present,identical_text,,isis/src/base/objs/RollingShutterCamera/RollingShutterCamera.h,isis/src/base/objs/RollingShutterCamera/RollingShutterCamera.h
src/mission/bind_mission_cameras.cpp,RosettaOsirisCamera.h,ApolloMetricCamera;ApolloMetricDistortionMap;ApolloPanoramicCamera;ApolloPanoramicDetectorMap;CTXCamera;Chandrayaan1M3Camera;Chandrayaan1M3DistortionMap;ClementineUvvisDistortionMap;ClipperNacRollingShutterCamera;ClipperPushBroomCamera;ClipperWacFcCamera;CrismCamera;DawnFcCamera;DawnFcDistortionMap;DawnVirCamera;HayabusaAmicaCamera;HayabusaNirsCamera;HiresCamera;HiriseCamera;HrscCamera;Hyb2OncCamera;Hyb2OncDistortionMap;IssNACamera;IssWACamera;JunoCamera;JunoDistortionMap;KaguyaMiCamera;KaguyaMiCameraDistortionMap;KaguyaTcCamera;KaguyaTcCameraDistortionMap;LoCameraFiducialMap;LoHighCamera;LoHighDistortionMap;LoMediumCamera;LoMediumDistortionMap;LroNarrowAngleCamera;LroWideAngleCamera;LwirCamera;MarciCamera;Mariner10Camera;MdisCamera;MexHrscSrcCamera;MiniRF;MocNarrowAngleCamera;MocWideAngleCamera;MsiCamera;NewHorizonsLeisaCamera;NewHorizonsLorriCamera;NewHorizonsLorriDistortionMap;NewHorizonsMvicFrameCamera;NewHorizonsMvicFrameCameraDistortionMap;NewHorizonsMvicTdiCamera;NewHorizonsMvicTdiCameraDistortionMap;NirCamera;NirsDetectorMap;OsirisRexDistortionMap;OsirisRexOcamsCamera;OsirisRexTagcamsCamera;OsirisRexTagcamsDistortionMap;RosettaOsirisCamera;RosettaOsirisCameraDistortionMap;RosettaVirtisCamera;SsiCamera;TaylorCameraDistortionMap;TgoCassisCamera;TgoCassisDistortionMap;ThemisIrCamera;ThemisIrDistortionMap;ThemisVisCamera;ThemisVisDistortionMap;UvvisCamera;VikingCamera;VimsCamera;VimsGroundMap;VimsSkyMap;VoyagerCamera,non_gui,present,present,identical_text,,isis/src/rosetta/objs/RosettaOsirisCamera/RosettaOsirisCamera.h,isis/src/rosetta/objs/RosettaOsirisCamera/RosettaOsirisCamera.h
src/mission/bind_mission_cameras.cpp,RosettaOsirisCameraDistortionMap.h,ApolloMetricCamera;ApolloMetricDistortionMap;ApolloPanoramicCamera;ApolloPanoramicDetectorMap;CTXCamera;Chandrayaan1M3Camera;Chandrayaan1M3DistortionMap;ClementineUvvisDistortionMap;ClipperNacRollingShutterCamera;ClipperPushBroomCamera;ClipperWacFcCamera;CrismCamera;DawnFcCamera;DawnFcDistortionMap;DawnVirCamera;HayabusaAmicaCamera;HayabusaNirsCamera;HiresCamera;HiriseCamera;HrscCamera;Hyb2OncCamera;Hyb2OncDistortionMap;IssNACamera;IssWACamera;JunoCamera;JunoDistortionMap;KaguyaMiCamera;KaguyaMiCameraDistortionMap;KaguyaTcCamera;KaguyaTcCameraDistortionMap;LoCameraFiducialMap;LoHighCamera;LoHighDistortionMap;LoMediumCamera;LoMediumDistortionMap;LroNarrowAngleCamera;LroWideAngleCamera;LwirCamera;MarciCamera;Mariner10Camera;MdisCamera;MexHrscSrcCamera;MiniRF;MocNarrowAngleCamera;MocWideAngleCamera;MsiCamera;NewHorizonsLeisaCamera;NewHorizonsLorriCamera;NewHorizonsLorriDistortionMap;NewHorizonsMvicFrameCamera;NewHorizonsMvicFrameCameraDistortionMap;NewHorizonsMvicTdiCamera;NewHorizonsMvicTdiCameraDistortionMap;NirCamera;NirsDetectorMap;OsirisRexDistortionMap;OsirisRexOcamsCamera;OsirisRexTagcamsCamera;OsirisRexTagcamsDistortionMap;RosettaOsirisCamera;RosettaOsirisCameraDistortionMap;RosettaVirtisCamera;SsiCamera;TaylorCameraDistortionMap;TgoCassisCamera;TgoCassisDistortionMap;ThemisIrCamera;ThemisIrDistortionMap;ThemisVisCamera;ThemisVisDistortionMap;UvvisCamera;VikingCamera;VimsCamera;VimsGroundMap;VimsSkyMap;VoyagerCamera,non_gui,present,present,identical_text,,isis/src/rosetta/objs/RosettaOsirisCamera/RosettaOsirisCameraDistortionMap.h,isis/src/rosetta/objs/RosettaOsirisCamera/RosettaOsirisCameraDistortionMap.h
src/mission/bind_mission_cameras.cpp,RosettaVirtisCamera.h,ApolloMetricCamera;ApolloMetricDistortionMap;ApolloPanoramicCamera;ApolloPanoramicDetectorMap;CTXCamera;Chandrayaan1M3Camera;Chandrayaan1M3DistortionMap;ClementineUvvisDistortionMap;ClipperNacRollingShutterCamera;ClipperPushBroomCamera;ClipperWacFcCamera;CrismCamera;DawnFcCamera;DawnFcDistortionMap;DawnVirCamera;HayabusaAmicaCamera;HayabusaNirsCamera;HiresCamera;HiriseCamera;HrscCamera;Hyb2OncCamera;Hyb2OncDistortionMap;IssNACamera;IssWACamera;JunoCamera;JunoDistortionMap;KaguyaMiCamera;KaguyaMiCameraDistortionMap;KaguyaTcCamera;KaguyaTcCameraDistortionMap;LoCameraFiducialMap;LoHighCamera;LoHighDistortionMap;LoMediumCamera;LoMediumDistortionMap;LroNarrowAngleCamera;LroWideAngleCamera;LwirCamera;MarciCamera;Mariner10Camera;MdisCamera;MexHrscSrcCamera;MiniRF;MocNarrowAngleCamera;MocWideAngleCamera;MsiCamera;NewHorizonsLeisaCamera;NewHorizonsLorriCamera;NewHorizonsLorriDistortionMap;NewHorizonsMvicFrameCamera;NewHorizonsMvicFrameCameraDistortionMap;NewHorizonsMvicTdiCamera;NewHorizonsMvicTdiCameraDistortionMap;NirCamera;NirsDetectorMap;OsirisRexDistortionMap;OsirisRexOcamsCamera;OsirisRexTagcamsCamera;OsirisRexTagcamsDistortionMap;RosettaOsirisCamera;RosettaOsirisCameraDistortionMap;RosettaVirtisCamera;SsiCamera;TaylorCameraDistortionMap;TgoCassisCamera;TgoCassisDistortionMap;ThemisIrCamera;ThemisIrDistortionMap;ThemisVisCamera;ThemisVisDistortionMap;UvvisCamera;VikingCamera;VimsCamera;VimsGroundMap;VimsSkyMap;VoyagerCamera,non_gui,present,present,identical_text,,isis/src/rosetta/objs/RosettaVirtisCamera/RosettaVirtisCamera.h,isis/src/rosetta/objs/RosettaVirtisCamera/RosettaVirtisCamera.h
src/mission/bind_mission_cameras.cpp,SsiCamera.h,ApolloMetricCamera;ApolloMetricDistortionMap;ApolloPanoramicCamera;ApolloPanoramicDetectorMap;CTXCamera;Chandrayaan1M3Camera;Chandrayaan1M3DistortionMap;ClementineUvvisDistortionMap;ClipperNacRollingShutterCamera;ClipperPushBroomCamera;ClipperWacFcCamera;CrismCamera;DawnFcCamera;DawnFcDistortionMap;DawnVirCamera;HayabusaAmicaCamera;HayabusaNirsCamera;HiresCamera;HiriseCamera;HrscCamera;Hyb2OncCamera;Hyb2OncDistortionMap;IssNACamera;IssWACamera;JunoCamera;JunoDistortionMap;KaguyaMiCamera;KaguyaMiCameraDistortionMap;KaguyaTcCamera;KaguyaTcCameraDistortionMap;LoCameraFiducialMap;LoHighCamera;LoHighDistortionMap;LoMediumCamera;LoMediumDistortionMap;LroNarrowAngleCamera;LroWideAngleCamera;LwirCamera;MarciCamera;Mariner10Camera;MdisCamera;MexHrscSrcCamera;MiniRF;MocNarrowAngleCamera;MocWideAngleCamera;MsiCamera;NewHorizonsLeisaCamera;NewHorizonsLorriCamera;NewHorizonsLorriDistortionMap;NewHorizonsMvicFrameCamera;NewHorizonsMvicFrameCameraDistortionMap;NewHorizonsMvicTdiCamera;NewHorizonsMvicTdiCameraDistortionMap;NirCamera;NirsDetectorMap;OsirisRexDistortionMap;OsirisRexOcamsCamera;OsirisRexTagcamsCamera;OsirisRexTagcamsDistortionMap;RosettaOsirisCamera;RosettaOsirisCameraDistortionMap;RosettaVirtisCamera;SsiCamera;TaylorCameraDistortionMap;TgoCassisCamera;TgoCassisDistortionMap;ThemisIrCamera;ThemisIrDistortionMap;ThemisVisCamera;ThemisVisDistortionMap;UvvisCamera;VikingCamera;VimsCamera;VimsGroundMap;VimsSkyMap;VoyagerCamera,non_gui,present,present,identical_text,,isis/src/galileo/objs/SsiCamera/SsiCamera.h,isis/src/galileo/objs/SsiCamera/SsiCamera.h
src/mission/bind_mission_cameras.cpp,SurfacePoint.h,ApolloMetricCamera;ApolloMetricDistortionMap;ApolloPanoramicCamera;ApolloPanoramicDetectorMap;CTXCamera;Chandrayaan1M3Camera;Chandrayaan1M3DistortionMap;ClementineUvvisDistortionMap;ClipperNacRollingShutterCamera;ClipperPushBroomCamera;ClipperWacFcCamera;CrismCamera;DawnFcCamera;DawnFcDistortionMap;DawnVirCamera;HayabusaAmicaCamera;HayabusaNirsCamera;HiresCamera;HiriseCamera;HrscCamera;Hyb2OncCamera;Hyb2OncDistortionMap;IssNACamera;IssWACamera;JunoCamera;JunoDistortionMap;KaguyaMiCamera;KaguyaMiCameraDistortionMap;KaguyaTcCamera;KaguyaTcCameraDistortionMap;LoCameraFiducialMap;LoHighCamera;LoHighDistortionMap;LoMediumCamera;LoMediumDistortionMap;LroNarrowAngleCamera;LroWideAngleCamera;LwirCamera;MarciCamera;Mariner10Camera;MdisCamera;MexHrscSrcCamera;MiniRF;MocNarrowAngleCamera;MocWideAngleCamera;MsiCamera;NewHorizonsLeisaCamera;NewHorizonsLorriCamera;NewHorizonsLorriDistortionMap;NewHorizonsMvicFrameCamera;NewHorizonsMvicFrameCameraDistortionMap;NewHorizonsMvicTdiCamera;NewHorizonsMvicTdiCameraDistortionMap;NirCamera;NirsDetectorMap;OsirisRexDistortionMap;OsirisRexOcamsCamera;OsirisRexTagcamsCamera;OsirisRexTagcamsDistortionMap;RosettaOsirisCamera;RosettaOsirisCameraDistortionMap;RosettaVirtisCamera;SsiCamera;TaylorCameraDistortionMap;TgoCassisCamera;TgoCassisDistortionMap;ThemisIrCamera;ThemisIrDistortionMap;ThemisVisCamera;ThemisVisDistortionMap;UvvisCamera;VikingCamera;VimsCamera;VimsGroundMap;VimsSkyMap;VoyagerCamera,non_gui,present,present,identical_text,,isis/src/base/objs/SurfacePoint/SurfacePoint.h,isis/src/base/objs/SurfacePoint/SurfacePoint.h
src/mission/bind_mission_cameras.cpp,TaylorCameraDistortionMap.h,ApolloMetricCamera;ApolloMetricDistortionMap;ApolloPanoramicCamera;ApolloPanoramicDetectorMap;CTXCamera;Chandrayaan1M3Camera;Chandrayaan1M3DistortionMap;ClementineUvvisDistortionMap;ClipperNacRollingShutterCamera;ClipperPushBroomCamera;ClipperWacFcCamera;CrismCamera;DawnFcCamera;DawnFcDistortionMap;DawnVirCamera;HayabusaAmicaCamera;HayabusaNirsCamera;HiresCamera;HiriseCamera;HrscCamera;Hyb2OncCamera;Hyb2OncDistortionMap;IssNACamera;IssWACamera;JunoCamera;JunoDistortionMap;KaguyaMiCamera;KaguyaMiCameraDistortionMap;KaguyaTcCamera;KaguyaTcCameraDistortionMap;LoCameraFiducialMap;LoHighCamera;LoHighDistortionMap;LoMediumCamera;LoMediumDistortionMap;LroNarrowAngleCamera;LroWideAngleCamera;LwirCamera;MarciCamera;Mariner10Camera;MdisCamera;MexHrscSrcCamera;MiniRF;MocNarrowAngleCamera;MocWideAngleCamera;MsiCamera;NewHorizonsLeisaCamera;NewHorizonsLorriCamera;NewHorizonsLorriDistortionMap;NewHorizonsMvicFrameCamera;NewHorizonsMvicFrameCameraDistortionMap;NewHorizonsMvicTdiCamera;NewHorizonsMvicTdiCameraDistortionMap;NirCamera;NirsDetectorMap;OsirisRexDistortionMap;OsirisRexOcamsCamera;OsirisRexTagcamsCamera;OsirisRexTagcamsDistortionMap;RosettaOsirisCamera;RosettaOsirisCameraDistortionMap;RosettaVirtisCamera;SsiCamera;TaylorCameraDistortionMap;TgoCassisCamera;TgoCassisDistortionMap;ThemisIrCamera;ThemisIrDistortionMap;ThemisVisCamera;ThemisVisDistortionMap;UvvisCamera;VikingCamera;VimsCamera;VimsGroundMap;VimsSkyMap;VoyagerCamera,non_gui,present,present,identical_text,,isis/src/messenger/objs/MdisCamera/TaylorCameraDistortionMap.h,isis/src/messenger/objs/MdisCamera/TaylorCameraDistortionMap.h
src/mission/bind_mission_cameras.cpp,TgoCassisCamera.h,ApolloMetricCamera;ApolloMetricDistortionMap;ApolloPanoramicCamera;ApolloPanoramicDetectorMap;CTXCamera;Chandrayaan1M3Camera;Chandrayaan1M3DistortionMap;ClementineUvvisDistortionMap;ClipperNacRollingShutterCamera;ClipperPushBroomCamera;ClipperWacFcCamera;CrismCamera;DawnFcCamera;DawnFcDistortionMap;DawnVirCamera;HayabusaAmicaCamera;HayabusaNirsCamera;HiresCamera;HiriseCamera;HrscCamera;Hyb2OncCamera;Hyb2OncDistortionMap;IssNACamera;IssWACamera;JunoCamera;JunoDistortionMap;KaguyaMiCamera;KaguyaMiCameraDistortionMap;KaguyaTcCamera;KaguyaTcCameraDistortionMap;LoCameraFiducialMap;LoHighCamera;LoHighDistortionMap;LoMediumCamera;LoMediumDistortionMap;LroNarrowAngleCamera;LroWideAngleCamera;LwirCamera;MarciCamera;Mariner10Camera;MdisCamera;MexHrscSrcCamera;MiniRF;MocNarrowAngleCamera;MocWideAngleCamera;MsiCamera;NewHorizonsLeisaCamera;NewHorizonsLorriCamera;NewHorizonsLorriDistortionMap;NewHorizonsMvicFrameCamera;NewHorizonsMvicFrameCameraDistortionMap;NewHorizonsMvicTdiCamera;NewHorizonsMvicTdiCameraDistortionMap;NirCamera;NirsDetectorMap;OsirisRexDistortionMap;OsirisRexOcamsCamera;OsirisRexTagcamsCamera;OsirisRexTagcamsDistortionMap;RosettaOsirisCamera;RosettaOsirisCameraDistortionMap;RosettaVirtisCamera;SsiCamera;TaylorCameraDistortionMap;TgoCassisCamera;TgoCassisDistortionMap;ThemisIrCamera;ThemisIrDistortionMap;ThemisVisCamera;ThemisVisDistortionMap;UvvisCamera;VikingCamera;VimsCamera;VimsGroundMap;VimsSkyMap;VoyagerCamera,non_gui,present,present,identical_text,,isis/src/tgo/objs/TgoCassisCamera/TgoCassisCamera.h,isis/src/tgo/objs/TgoCassisCamera/TgoCassisCamera.h
src/mission/bind_mission_cameras.cpp,TgoCassisDistortionMap.h,ApolloMetricCamera;ApolloMetricDistortionMap;ApolloPanoramicCamera;ApolloPanoramicDetectorMap;CTXCamera;Chandrayaan1M3Camera;Chandrayaan1M3DistortionMap;ClementineUvvisDistortionMap;ClipperNacRollingShutterCamera;ClipperPushBroomCamera;ClipperWacFcCamera;CrismCamera;DawnFcCamera;DawnFcDistortionMap;DawnVirCamera;HayabusaAmicaCamera;HayabusaNirsCamera;HiresCamera;HiriseCamera;HrscCamera;Hyb2OncCamera;Hyb2OncDistortionMap;IssNACamera;IssWACamera;JunoCamera;JunoDistortionMap;KaguyaMiCamera;KaguyaMiCameraDistortionMap;KaguyaTcCamera;KaguyaTcCameraDistortionMap;LoCameraFiducialMap;LoHighCamera;LoHighDistortionMap;LoMediumCamera;LoMediumDistortionMap;LroNarrowAngleCamera;LroWideAngleCamera;LwirCamera;MarciCamera;Mariner10Camera;MdisCamera;MexHrscSrcCamera;MiniRF;MocNarrowAngleCamera;MocWideAngleCamera;MsiCamera;NewHorizonsLeisaCamera;NewHorizonsLorriCamera;NewHorizonsLorriDistortionMap;NewHorizonsMvicFrameCamera;NewHorizonsMvicFrameCameraDistortionMap;NewHorizonsMvicTdiCamera;NewHorizonsMvicTdiCameraDistortionMap;NirCamera;NirsDetectorMap;OsirisRexDistortionMap;OsirisRexOcamsCamera;OsirisRexTagcamsCamera;OsirisRexTagcamsDistortionMap;RosettaOsirisCamera;RosettaOsirisCameraDistortionMap;RosettaVirtisCamera;SsiCamera;TaylorCameraDistortionMap;TgoCassisCamera;TgoCassisDistortionMap;ThemisIrCamera;ThemisIrDistortionMap;ThemisVisCamera;ThemisVisDistortionMap;UvvisCamera;VikingCamera;VimsCamera;VimsGroundMap;VimsSkyMap;VoyagerCamera,non_gui,present,present,identical_text,,isis/src/tgo/objs/TgoCassisCamera/TgoCassisDistortionMap.h,isis/src/tgo/objs/TgoCassisCamera/TgoCassisDistortionMap.h
src/mission/bind_mission_cameras.cpp,ThemisIrCamera.h,ApolloMetricCamera;ApolloMetricDistortionMap;ApolloPanoramicCamera;ApolloPanoramicDetectorMap;CTXCamera;Chandrayaan1M3Camera;Chandrayaan1M3DistortionMap;ClementineUvvisDistortionMap;ClipperNacRollingShutterCamera;ClipperPushBroomCamera;ClipperWacFcCamera;CrismCamera;DawnFcCamera;DawnFcDistortionMap;DawnVirCamera;HayabusaAmicaCamera;HayabusaNirsCamera;HiresCamera;HiriseCamera;HrscCamera;Hyb2OncCamera;Hyb2OncDistortionMap;IssNACamera;IssWACamera;JunoCamera;JunoDistortionMap;KaguyaMiCamera;KaguyaMiCameraDistortionMap;KaguyaTcCamera;KaguyaTcCameraDistortionMap;LoCameraFiducialMap;LoHighCamera;LoHighDistortionMap;LoMediumCamera;LoMediumDistortionMap;LroNarrowAngleCamera;LroWideAngleCamera;LwirCamera;MarciCamera;Mariner10Camera;MdisCamera;MexHrscSrcCamera;MiniRF;MocNarrowAngleCamera;MocWideAngleCamera;MsiCamera;NewHorizonsLeisaCamera;NewHorizonsLorriCamera;NewHorizonsLorriDistortionMap;NewHorizonsMvicFrameCamera;NewHorizonsMvicFrameCameraDistortionMap;NewHorizonsMvicTdiCamera;NewHorizonsMvicTdiCameraDistortionMap;NirCamera;NirsDetectorMap;OsirisRexDistortionMap;OsirisRexOcamsCamera;OsirisRexTagcamsCamera;OsirisRexTagcamsDistortionMap;RosettaOsirisCamera;RosettaOsirisCameraDistortionMap;RosettaVirtisCamera;SsiCamera;TaylorCameraDistortionMap;TgoCassisCamera;TgoCassisDistortionMap;ThemisIrCamera;ThemisIrDistortionMap;ThemisVisCamera;ThemisVisDistortionMap;UvvisCamera;VikingCamera;VimsCamera;VimsGroundMap;VimsSkyMap;VoyagerCamera,non_gui,present,present,identical_text,,isis/src/odyssey/objs/ThemisIrCamera/ThemisIrCamera.h,isis/src/odyssey/objs/ThemisIrCamera/ThemisIrCamera.h
src/mission/bind_mission_cameras.cpp,ThemisIrDistortionMap.h,ApolloMetricCamera;ApolloMetricDistortionMap;ApolloPanoramicCamera;ApolloPanoramicDetectorMap;CTXCamera;Chandrayaan1M3Camera;Chandrayaan1M3DistortionMap;ClementineUvvisDistortionMap;ClipperNacRollingShutterCamera;ClipperPushBroomCamera;ClipperWacFcCamera;CrismCamera;DawnFcCamera;DawnFcDistortionMap;DawnVirCamera;HayabusaAmicaCamera;HayabusaNirsCamera;HiresCamera;HiriseCamera;HrscCamera;Hyb2OncCamera;Hyb2OncDistortionMap;IssNACamera;IssWACamera;JunoCamera;JunoDistortionMap;KaguyaMiCamera;KaguyaMiCameraDistortionMap;KaguyaTcCamera;KaguyaTcCameraDistortionMap;LoCameraFiducialMap;LoHighCamera;LoHighDistortionMap;LoMediumCamera;LoMediumDistortionMap;LroNarrowAngleCamera;LroWideAngleCamera;LwirCamera;MarciCamera;Mariner10Camera;MdisCamera;MexHrscSrcCamera;MiniRF;MocNarrowAngleCamera;MocWideAngleCamera;MsiCamera;NewHorizonsLeisaCamera;NewHorizonsLorriCamera;NewHorizonsLorriDistortionMap;NewHorizonsMvicFrameCamera;NewHorizonsMvicFrameCameraDistortionMap;NewHorizonsMvicTdiCamera;NewHorizonsMvicTdiCameraDistortionMap;NirCamera;NirsDetectorMap;OsirisRexDistortionMap;OsirisRexOcamsCamera;OsirisRexTagcamsCamera;OsirisRexTagcamsDistortionMap;RosettaOsirisCamera;RosettaOsirisCameraDistortionMap;RosettaVirtisCamera;SsiCamera;TaylorCameraDistortionMap;TgoCassisCamera;TgoCassisDistortionMap;ThemisIrCamera;ThemisIrDistortionMap;ThemisVisCamera;ThemisVisDistortionMap;UvvisCamera;VikingCamera;VimsCamera;VimsGroundMap;VimsSkyMap;VoyagerCamera,non_gui,present,present,identical_text,,isis/src/odyssey/objs/ThemisIrCamera/ThemisIrDistortionMap.h,isis/src/odyssey/objs/ThemisIrCamera/ThemisIrDistortionMap.h
src/mission/bind_mission_cameras.cpp,ThemisVisCamera.h,ApolloMetricCamera;ApolloMetricDistortionMap;ApolloPanoramicCamera;ApolloPanoramicDetectorMap;CTXCamera;Chandrayaan1M3Camera;Chandrayaan1M3DistortionMap;ClementineUvvisDistortionMap;ClipperNacRollingShutterCamera;ClipperPushBroomCamera;ClipperWacFcCamera;CrismCamera;DawnFcCamera;DawnFcDistortionMap;DawnVirCamera;HayabusaAmicaCamera;HayabusaNirsCamera;HiresCamera;HiriseCamera;HrscCamera;Hyb2OncCamera;Hyb2OncDistortionMap;IssNACamera;IssWACamera;JunoCamera;JunoDistortionMap;KaguyaMiCamera;KaguyaMiCameraDistortionMap;KaguyaTcCamera;KaguyaTcCameraDistortionMap;LoCameraFiducialMap;LoHighCamera;LoHighDistortionMap;LoMediumCamera;LoMediumDistortionMap;LroNarrowAngleCamera;LroWideAngleCamera;LwirCamera;MarciCamera;Mariner10Camera;MdisCamera;MexHrscSrcCamera;MiniRF;MocNarrowAngleCamera;MocWideAngleCamera;MsiCamera;NewHorizonsLeisaCamera;NewHorizonsLorriCamera;NewHorizonsLorriDistortionMap;NewHorizonsMvicFrameCamera;NewHorizonsMvicFrameCameraDistortionMap;NewHorizonsMvicTdiCamera;NewHorizonsMvicTdiCameraDistortionMap;NirCamera;NirsDetectorMap;OsirisRexDistortionMap;OsirisRexOcamsCamera;OsirisRexTagcamsCamera;OsirisRexTagcamsDistortionMap;RosettaOsirisCamera;RosettaOsirisCameraDistortionMap;RosettaVirtisCamera;SsiCamera;TaylorCameraDistortionMap;TgoCassisCamera;TgoCassisDistortionMap;ThemisIrCamera;ThemisIrDistortionMap;ThemisVisCamera;ThemisVisDistortionMap;UvvisCamera;VikingCamera;VimsCamera;VimsGroundMap;VimsSkyMap;VoyagerCamera,non_gui,present,present,identical_text,,isis/src/odyssey/objs/ThemisVisCamera/ThemisVisCamera.h,isis/src/odyssey/objs/ThemisVisCamera/ThemisVisCamera.h
src/mission/bind_mission_cameras.cpp,ThemisVisDistortionMap.h,ApolloMetricCamera;ApolloMetricDistortionMap;ApolloPanoramicCamera;ApolloPanoramicDetectorMap;CTXCamera;Chandrayaan1M3Camera;Chandrayaan1M3DistortionMap;ClementineUvvisDistortionMap;ClipperNacRollingShutterCamera;ClipperPushBroomCamera;ClipperWacFcCamera;CrismCamera;DawnFcCamera;DawnFcDistortionMap;DawnVirCamera;HayabusaAmicaCamera;HayabusaNirsCamera;HiresCamera;HiriseCamera;HrscCamera;Hyb2OncCamera;Hyb2OncDistortionMap;IssNACamera;IssWACamera;JunoCamera;JunoDistortionMap;KaguyaMiCamera;KaguyaMiCameraDistortionMap;KaguyaTcCamera;KaguyaTcCameraDistortionMap;LoCameraFiducialMap;LoHighCamera;LoHighDistortionMap;LoMediumCamera;LoMediumDistortionMap;LroNarrowAngleCamera;LroWideAngleCamera;LwirCamera;MarciCamera;Mariner10Camera;MdisCamera;MexHrscSrcCamera;MiniRF;MocNarrowAngleCamera;MocWideAngleCamera;MsiCamera;NewHorizonsLeisaCamera;NewHorizonsLorriCamera;NewHorizonsLorriDistortionMap;NewHorizonsMvicFrameCamera;NewHorizonsMvicFrameCameraDistortionMap;NewHorizonsMvicTdiCamera;NewHorizonsMvicTdiCameraDistortionMap;NirCamera;NirsDetectorMap;OsirisRexDistortionMap;OsirisRexOcamsCamera;OsirisRexTagcamsCamera;OsirisRexTagcamsDistortionMap;RosettaOsirisCamera;RosettaOsirisCameraDistortionMap;RosettaVirtisCamera;SsiCamera;TaylorCameraDistortionMap;TgoCassisCamera;TgoCassisDistortionMap;ThemisIrCamera;ThemisIrDistortionMap;ThemisVisCamera;ThemisVisDistortionMap;UvvisCamera;VikingCamera;VimsCamera;VimsGroundMap;VimsSkyMap;VoyagerCamera,non_gui,present,present,identical_text,,isis/src/odyssey/objs/ThemisVisCamera/ThemisVisDistortionMap.h,isis/src/odyssey/objs/ThemisVisCamera/ThemisVisDistortionMap.h
src/mission/bind_mission_cameras.cpp,UvvisCamera.h,ApolloMetricCamera;ApolloMetricDistortionMap;ApolloPanoramicCamera;ApolloPanoramicDetectorMap;CTXCamera;Chandrayaan1M3Camera;Chandrayaan1M3DistortionMap;ClementineUvvisDistortionMap;ClipperNacRollingShutterCamera;ClipperPushBroomCamera;ClipperWacFcCamera;CrismCamera;DawnFcCamera;DawnFcDistortionMap;DawnVirCamera;HayabusaAmicaCamera;HayabusaNirsCamera;HiresCamera;HiriseCamera;HrscCamera;Hyb2OncCamera;Hyb2OncDistortionMap;IssNACamera;IssWACamera;JunoCamera;JunoDistortionMap;KaguyaMiCamera;KaguyaMiCameraDistortionMap;KaguyaTcCamera;KaguyaTcCameraDistortionMap;LoCameraFiducialMap;LoHighCamera;LoHighDistortionMap;LoMediumCamera;LoMediumDistortionMap;LroNarrowAngleCamera;LroWideAngleCamera;LwirCamera;MarciCamera;Mariner10Camera;MdisCamera;MexHrscSrcCamera;MiniRF;MocNarrowAngleCamera;MocWideAngleCamera;MsiCamera;NewHorizonsLeisaCamera;NewHorizonsLorriCamera;NewHorizonsLorriDistortionMap;NewHorizonsMvicFrameCamera;NewHorizonsMvicFrameCameraDistortionMap;NewHorizonsMvicTdiCamera;NewHorizonsMvicTdiCameraDistortionMap;NirCamera;NirsDetectorMap;OsirisRexDistortionMap;OsirisRexOcamsCamera;OsirisRexTagcamsCamera;OsirisRexTagcamsDistortionMap;RosettaOsirisCamera;RosettaOsirisCameraDistortionMap;RosettaVirtisCamera;SsiCamera;TaylorCameraDistortionMap;TgoCassisCamera;TgoCassisDistortionMap;ThemisIrCamera;ThemisIrDistortionMap;ThemisVisCamera;ThemisVisDistortionMap;UvvisCamera;VikingCamera;VimsCamera;VimsGroundMap;VimsSkyMap;VoyagerCamera,non_gui,present,present,identical_text,,isis/src/clementine/objs/UvvisCamera/UvvisCamera.h,isis/src/clementine/objs/UvvisCamera/UvvisCamera.h
src/mission/bind_mission_cameras.cpp,VikingCamera.h,ApolloMetricCamera;ApolloMetricDistortionMap;ApolloPanoramicCamera;ApolloPanoramicDetectorMap;CTXCamera;Chandrayaan1M3Camera;Chandrayaan1M3DistortionMap;ClementineUvvisDistortionMap;ClipperNacRollingShutterCamera;ClipperPushBroomCamera;ClipperWacFcCamera;CrismCamera;DawnFcCamera;DawnFcDistortionMap;DawnVirCamera;HayabusaAmicaCamera;HayabusaNirsCamera;HiresCamera;HiriseCamera;HrscCamera;Hyb2OncCamera;Hyb2OncDistortionMap;IssNACamera;IssWACamera;JunoCamera;JunoDistortionMap;KaguyaMiCamera;KaguyaMiCameraDistortionMap;KaguyaTcCamera;KaguyaTcCameraDistortionMap;LoCameraFiducialMap;LoHighCamera;LoHighDistortionMap;LoMediumCamera;LoMediumDistortionMap;LroNarrowAngleCamera;LroWideAngleCamera;LwirCamera;MarciCamera;Mariner10Camera;MdisCamera;MexHrscSrcCamera;MiniRF;MocNarrowAngleCamera;MocWideAngleCamera;MsiCamera;NewHorizonsLeisaCamera;NewHorizonsLorriCamera;NewHorizonsLorriDistortionMap;NewHorizonsMvicFrameCamera;NewHorizonsMvicFrameCameraDistortionMap;NewHorizonsMvicTdiCamera;NewHorizonsMvicTdiCameraDistortionMap;NirCamera;NirsDetectorMap;OsirisRexDistortionMap;OsirisRexOcamsCamera;OsirisRexTagcamsCamera;OsirisRexTagcamsDistortionMap;RosettaOsirisCamera;RosettaOsirisCameraDistortionMap;RosettaVirtisCamera;SsiCamera;TaylorCameraDistortionMap;TgoCassisCamera;TgoCassisDistortionMap;ThemisIrCamera;ThemisIrDistortionMap;ThemisVisCamera;ThemisVisDistortionMap;UvvisCamera;VikingCamera;VimsCamera;VimsGroundMap;VimsSkyMap;VoyagerCamera,non_gui,present,present,identical_text,,isis/src/viking/objs/VikingCamera/VikingCamera.h,isis/src/viking/objs/VikingCamera/VikingCamera.h
src/mission/bind_mission_cameras.cpp,VimsCamera.h,ApolloMetricCamera;ApolloMetricDistortionMap;ApolloPanoramicCamera;ApolloPanoramicDetectorMap;CTXCamera;Chandrayaan1M3Camera;Chandrayaan1M3DistortionMap;ClementineUvvisDistortionMap;ClipperNacRollingShutterCamera;ClipperPushBroomCamera;ClipperWacFcCamera;CrismCamera;DawnFcCamera;DawnFcDistortionMap;DawnVirCamera;HayabusaAmicaCamera;HayabusaNirsCamera;HiresCamera;HiriseCamera;HrscCamera;Hyb2OncCamera;Hyb2OncDistortionMap;IssNACamera;IssWACamera;JunoCamera;JunoDistortionMap;KaguyaMiCamera;KaguyaMiCameraDistortionMap;KaguyaTcCamera;KaguyaTcCameraDistortionMap;LoCameraFiducialMap;LoHighCamera;LoHighDistortionMap;LoMediumCamera;LoMediumDistortionMap;LroNarrowAngleCamera;LroWideAngleCamera;LwirCamera;MarciCamera;Mariner10Camera;MdisCamera;MexHrscSrcCamera;MiniRF;MocNarrowAngleCamera;MocWideAngleCamera;MsiCamera;NewHorizonsLeisaCamera;NewHorizonsLorriCamera;NewHorizonsLorriDistortionMap;NewHorizonsMvicFrameCamera;NewHorizonsMvicFrameCameraDistortionMap;NewHorizonsMvicTdiCamera;NewHorizonsMvicTdiCameraDistortionMap;NirCamera;NirsDetectorMap;OsirisRexDistortionMap;OsirisRexOcamsCamera;OsirisRexTagcamsCamera;OsirisRexTagcamsDistortionMap;RosettaOsirisCamera;RosettaOsirisCameraDistortionMap;RosettaVirtisCamera;SsiCamera;TaylorCameraDistortionMap;TgoCassisCamera;TgoCassisDistortionMap;ThemisIrCamera;ThemisIrDistortionMap;ThemisVisCamera;ThemisVisDistortionMap;UvvisCamera;VikingCamera;VimsCamera;VimsGroundMap;VimsSkyMap;VoyagerCamera,non_gui,present,present,identical_text,,isis/src/cassini/objs/VimsCamera/VimsCamera.h,isis/src/cassini/objs/VimsCamera/VimsCamera.h
src/mission/bind_mission_cameras.cpp,VimsGroundMap.h,ApolloMetricCamera;ApolloMetricDistortionMap;ApolloPanoramicCamera;ApolloPanoramicDetectorMap;CTXCamera;Chandrayaan1M3Camera;Chandrayaan1M3DistortionMap;ClementineUvvisDistortionMap;ClipperNacRollingShutterCamera;ClipperPushBroomCamera;ClipperWacFcCamera;CrismCamera;DawnFcCamera;DawnFcDistortionMap;DawnVirCamera;HayabusaAmicaCamera;HayabusaNirsCamera;HiresCamera;HiriseCamera;HrscCamera;Hyb2OncCamera;Hyb2OncDistortionMap;IssNACamera;IssWACamera;JunoCamera;JunoDistortionMap;KaguyaMiCamera;KaguyaMiCameraDistortionMap;KaguyaTcCamera;KaguyaTcCameraDistortionMap;LoCameraFiducialMap;LoHighCamera;LoHighDistortionMap;LoMediumCamera;LoMediumDistortionMap;LroNarrowAngleCamera;LroWideAngleCamera;LwirCamera;MarciCamera;Mariner10Camera;MdisCamera;MexHrscSrcCamera;MiniRF;MocNarrowAngleCamera;MocWideAngleCamera;MsiCamera;NewHorizonsLeisaCamera;NewHorizonsLorriCamera;NewHorizonsLorriDistortionMap;NewHorizonsMvicFrameCamera;NewHorizonsMvicFrameCameraDistortionMap;NewHorizonsMvicTdiCamera;NewHorizonsMvicTdiCameraDistortionMap;NirCamera;NirsDetectorMap;OsirisRexDistortionMap;OsirisRexOcamsCamera;OsirisRexTagcamsCamera;OsirisRexTagcamsDistortionMap;RosettaOsirisCamera;RosettaOsirisCameraDistortionMap;RosettaVirtisCamera;SsiCamera;TaylorCameraDistortionMap;TgoCassisCamera;TgoCassisDistortionMap;ThemisIrCamera;ThemisIrDistortionMap;ThemisVisCamera;ThemisVisDistortionMap;UvvisCamera;VikingCamera;VimsCamera;VimsGroundMap;VimsSkyMap;VoyagerCamera,non_gui,present,present,identical_text,,isis/src/cassini/objs/VimsCamera/VimsGroundMap.h,isis/src/cassini/objs/VimsCamera/VimsGroundMap.h
src/mission/bind_mission_cameras.cpp,VimsSkyMap.h,ApolloMetricCamera;ApolloMetricDistortionMap;ApolloPanoramicCamera;ApolloPanoramicDetectorMap;CTXCamera;Chandrayaan1M3Camera;Chandrayaan1M3DistortionMap;ClementineUvvisDistortionMap;ClipperNacRollingShutterCamera;ClipperPushBroomCamera;ClipperWacFcCamera;CrismCamera;DawnFcCamera;DawnFcDistortionMap;DawnVirCamera;HayabusaAmicaCamera;HayabusaNirsCamera;HiresCamera;HiriseCamera;HrscCamera;Hyb2OncCamera;Hyb2OncDistortionMap;IssNACamera;IssWACamera;JunoCamera;JunoDistortionMap;KaguyaMiCamera;KaguyaMiCameraDistortionMap;KaguyaTcCamera;KaguyaTcCameraDistortionMap;LoCameraFiducialMap;LoHighCamera;LoHighDistortionMap;LoMediumCamera;LoMediumDistortionMap;LroNarrowAngleCamera;LroWideAngleCamera;LwirCamera;MarciCamera;Mariner10Camera;MdisCamera;MexHrscSrcCamera;MiniRF;MocNarrowAngleCamera;MocWideAngleCamera;MsiCamera;NewHorizonsLeisaCamera;NewHorizonsLorriCamera;NewHorizonsLorriDistortionMap;NewHorizonsMvicFrameCamera;NewHorizonsMvicFrameCameraDistortionMap;NewHorizonsMvicTdiCamera;NewHorizonsMvicTdiCameraDistortionMap;NirCamera;NirsDetectorMap;OsirisRexDistortionMap;OsirisRexOcamsCamera;OsirisRexTagcamsCamera;OsirisRexTagcamsDistortionMap;RosettaOsirisCamera;RosettaOsirisCameraDistortionMap;RosettaVirtisCamera;SsiCamera;TaylorCameraDistortionMap;TgoCassisCamera;TgoCassisDistortionMap;ThemisIrCamera;ThemisIrDistortionMap;ThemisVisCamera;ThemisVisDistortionMap;UvvisCamera;VikingCamera;VimsCamera;VimsGroundMap;VimsSkyMap;VoyagerCamera,non_gui,present,present,identical_text,,isis/src/cassini/objs/VimsCamera/VimsSkyMap.h,isis/src/cassini/objs/VimsCamera/VimsSkyMap.h
src/mission/bind_mission_cameras.cpp,VoyagerCamera.h,ApolloMetricCamera;ApolloMetricDistortionMap;ApolloPanoramicCamera;ApolloPanoramicDetectorMap;CTXCamera;Chandrayaan1M3Camera;Chandrayaan1M3DistortionMap;ClementineUvvisDistortionMap;ClipperNacRollingShutterCamera;ClipperPushBroomCamera;ClipperWacFcCamera;CrismCamera;DawnFcCamera;DawnFcDistortionMap;DawnVirCamera;HayabusaAmicaCamera;HayabusaNirsCamera;HiresCamera;HiriseCamera;HrscCamera;Hyb2OncCamera;Hyb2OncDistortionMap;IssNACamera;IssWACamera;JunoCamera;JunoDistortionMap;KaguyaMiCamera;KaguyaMiCameraDistortionMap;KaguyaTcCamera;KaguyaTcCameraDistortionMap;LoCameraFiducialMap;LoHighCamera;LoHighDistortionMap;LoMediumCamera;LoMediumDistortionMap;LroNarrowAngleCamera;LroWideAngleCamera;LwirCamera;MarciCamera;Mariner10Camera;MdisCamera;MexHrscSrcCamera;MiniRF;MocNarrowAngleCamera;MocWideAngleCamera;MsiCamera;NewHorizonsLeisaCamera;NewHorizonsLorriCamera;NewHorizonsLorriDistortionMap;NewHorizonsMvicFrameCamera;NewHorizonsMvicFrameCameraDistortionMap;NewHorizonsMvicTdiCamera;NewHorizonsMvicTdiCameraDistortionMap;NirCamera;NirsDetectorMap;OsirisRexDistortionMap;OsirisRexOcamsCamera;OsirisRexTagcamsCamera;OsirisRexTagcamsDistortionMap;RosettaOsirisCamera;RosettaOsirisCameraDistortionMap;RosettaVirtisCamera;SsiCamera;TaylorCameraDistortionMap;TgoCassisCamera;TgoCassisDistortionMap;ThemisIrCamera;ThemisIrDistortionMap;ThemisVisCamera;ThemisVisDistortionMap;UvvisCamera;VikingCamera;VimsCamera;VimsGroundMap;VimsSkyMap;VoyagerCamera,non_gui,present,present,identical_text,,isis/src/voyager/objs/VoyagerCamera/VoyagerCamera.h,isis/src/voyager/objs/VoyagerCamera/VoyagerCamera.h
src/mission/bind_mission_cameras.cpp,iTime.h,ApolloMetricCamera;ApolloMetricDistortionMap;ApolloPanoramicCamera;ApolloPanoramicDetectorMap;CTXCamera;Chandrayaan1M3Camera;Chandrayaan1M3DistortionMap;ClementineUvvisDistortionMap;ClipperNacRollingShutterCamera;ClipperPushBroomCamera;ClipperWacFcCamera;CrismCamera;DawnFcCamera;DawnFcDistortionMap;DawnVirCamera;HayabusaAmicaCamera;HayabusaNirsCamera;HiresCamera;HiriseCamera;HrscCamera;Hyb2OncCamera;Hyb2OncDistortionMap;IssNACamera;IssWACamera;JunoCamera;JunoDistortionMap;KaguyaMiCamera;KaguyaMiCameraDistortionMap;KaguyaTcCamera;KaguyaTcCameraDistortionMap;LoCameraFiducialMap;LoHighCamera;LoHighDistortionMap;LoMediumCamera;LoMediumDistortionMap;LroNarrowAngleCamera;LroWideAngleCamera;LwirCamera;MarciCamera;Mariner10Camera;MdisCamera;MexHrscSrcCamera;MiniRF;MocNarrowAngleCamera;MocWideAngleCamera;MsiCamera;NewHorizonsLeisaCamera;NewHorizonsLorriCamera;NewHorizonsLorriDistortionMap;NewHorizonsMvicFrameCamera;NewHorizonsMvicFrameCameraDistortionMap;NewHorizonsMvicTdiCamera;NewHorizonsMvicTdiCameraDistortionMap;NirCamera;NirsDetectorMap;OsirisRexDistortionMap;OsirisRexOcamsCamera;OsirisRexTagcamsCamera;OsirisRexTagcamsDistortionMap;RosettaOsirisCamera;RosettaOsirisCameraDistortionMap;RosettaVirtisCamera;SsiCamera;TaylorCameraDistortionMap;TgoCassisCamera;TgoCassisDistortionMap;ThemisIrCamera;ThemisIrDistortionMap;ThemisVisCamera;ThemisVisDistortionMap;UvvisCamera;VikingCamera;VimsCamera;VimsGroundMap;VimsSkyMap;VoyagerCamera,non_gui,present,present,identical_text,,isis/src/base/objs/iTime/iTime.h,isis/src/base/objs/iTime/iTime.h
